id,ordernumber,quantityordered,priceeach,sales,orderdate,status,qtr_id,month_id,year_id,productline,customername,country,territory,dealsize
1,10107,30,95.7,2871.0,2003-02-24,Shipped,1,2,2003,Motorcycles,Land of Toys Inc.,USA,,Small
2,10121,34,81.35,2765.9,2003-05-07,Shipped,2,5,2003,Motorcycles,Reims Collectables,France,EMEA,Small
3,10134,41,94.74,3884.34,2003-07-01,Shipped,3,7,2003,Motorcycles,Lyon Souveniers,France,EMEA,Medium
4,10145,45,83.26,3746.7,2003-08-25,Shipped,3,8,2003,Motorcycles,Toys4GrownUps.com,USA,,Medium
5,10159,49,100.0,5205.27,2003-10-10,Shipped,4,10,2003,Motorcycles,Corporate Gift Ideas Co.,USA,,Medium
6,10168,36,96.66,3479.76,2003-10-28,Shipped,4,10,2003,Motorcycles,Technics Stores Inc.,USA,,Medium
7,10180,29,86.13,2497.77,2003-11-11,Shipped,4,11,2003,Motorcycles,Daedalus Designs Imports,France,EMEA,Small
8,10188,48,100.0,5512.32,2003-11-18,Shipped,4,11,2003,Motorcycles,Herkku Gifts,Norway,EMEA,Medium
9,10201,22,98.57,2168.54,2003-12-01,Shipped,4,12,2003,Motorcycles,Mini Wheels Co.,USA,,Small
10,10211,41,100.0,4708.44,2004-01-15,Shipped,1,1,2004,Motorcycles,Auto Canal Petit,France,EMEA,Medium
11,10223,37,100.0,3965.66,2004-02-20,Shipped,1,2,2004,Motorcycles,"Australian Collectors, Co.",Australia,APAC,Medium
12,10237,23,100.0,2333.12,2004-04-05,Shipped,2,4,2004,Motorcycles,Vitachrome Inc.,USA,,Small
13,10251,28,100.0,3188.64,2004-05-18,Shipped,2,5,2004,Motorcycles,Tekni Collectables Inc.,USA,,Medium
14,10263,34,100.0,3676.76,2004-06-28,Shipped,2,6,2004,Motorcycles,Gift Depot Inc.,USA,,Medium
15,10275,45,92.83,4177.35,2004-07-23,Shipped,3,7,2004,Motorcycles,La Rochelle Gifts,France,EMEA,Medium
16,10285,36,100.0,4099.68,2004-08-27,Shipped,3,8,2004,Motorcycles,Marta's Replicas Co.,USA,,Medium
17,10299,23,100.0,2597.39,2004-09-30,Shipped,3,9,2004,Motorcycles,"Toys of Finland, Co.",Finland,EMEA,Small
18,10309,41,100.0,4394.38,2004-10-15,Shipped,4,10,2004,Motorcycles,Baane Mini Imports,Norway,EMEA,Medium
19,10318,46,94.74,4358.04,2004-11-02,Shipped,4,11,2004,Motorcycles,Diecast Classics Inc.,USA,,Medium
20,10329,42,100.0,4396.14,2004-11-15,Shipped,4,11,2004,Motorcycles,Land of Toys Inc.,USA,,Medium
21,10341,41,100.0,7737.93,2004-11-24,Shipped,4,11,2004,Motorcycles,Salzburg Collectables,Austria,EMEA,Large
22,10361,20,72.55,1451.0,2004-12-17,Shipped,4,12,2004,Motorcycles,Souveniers And Things Co.,Australia,APAC,Small
23,10375,21,34.91,733.11,2005-02-03,Shipped,1,2,2005,Motorcycles,La Rochelle Gifts,France,EMEA,Small
24,10388,42,76.36,3207.12,2005-03-03,Shipped,1,3,2005,Motorcycles,FunGiftIdeas.com,USA,,Medium
25,10403,24,100.0,2434.56,2005-04-08,Shipped,2,4,2005,Motorcycles,"UK Collectables, Ltd.",UK,EMEA,Small
26,10417,66,100.0,7516.08,2005-05-13,Disputed,2,5,2005,Motorcycles,Euro Shopping Channel,Spain,EMEA,Large
27,10103,26,100.0,5404.62,2003-01-29,Shipped,1,1,2003,Classic Cars,Baane Mini Imports,Norway,EMEA,Medium
28,10112,29,100.0,7209.11,2003-03-24,Shipped,1,3,2003,Classic Cars,"Volvo Model Replicas, Co",Sweden,EMEA,Large
29,10126,38,100.0,7329.06,2003-05-28,Shipped,2,5,2003,Classic Cars,"Corrida Auto Replicas, Ltd",Spain,EMEA,Large
30,10140,37,100.0,7374.1,2003-07-24,Shipped,3,7,2003,Classic Cars,Technics Stores Inc.,USA,,Large
31,10150,45,100.0,10993.5,2003-09-19,Shipped,3,9,2003,Classic Cars,"Dragon Souveniers, Ltd.",Singapore,Japan,Large
32,10163,21,100.0,4860.24,2003-10-20,Shipped,4,10,2003,Classic Cars,Classic Legends Inc.,USA,,Medium
33,10174,34,100.0,8014.82,2003-11-06,Shipped,4,11,2003,Classic Cars,"Australian Gift Network, Co",Australia,APAC,Large
34,10183,23,100.0,5372.57,2003-11-13,Shipped,4,11,2003,Classic Cars,"Classic Gift Ideas, Inc",USA,,Medium
35,10194,42,100.0,7290.36,2003-11-25,Shipped,4,11,2003,Classic Cars,"Saveley & Henriot, Co.",France,EMEA,Large
36,10206,47,100.0,9064.89,2003-12-05,Shipped,4,12,2003,Classic Cars,Canadian Gift Exchange Network,Canada,,Large
37,10215,35,100.0,6075.3,2004-01-29,Shipped,1,1,2004,Classic Cars,West Coast Collectables Co.,USA,,Medium
38,10228,29,100.0,6463.23,2004-03-10,Shipped,1,3,2004,Classic Cars,Cambridge Collectables Co.,USA,,Medium
39,10245,34,100.0,6120.34,2004-05-04,Shipped,2,5,2004,Classic Cars,Super Scale Inc.,USA,,Medium
40,10258,32,100.0,7680.64,2004-06-15,Shipped,2,6,2004,Classic Cars,"Tokyo Collectables, Ltd",Japan,Japan,Large
41,10270,21,100.0,4905.39,2004-07-19,Shipped,3,7,2004,Classic Cars,Souveniers And Things Co.,Australia,APAC,Medium
42,10280,34,100.0,8014.82,2004-08-17,Shipped,3,8,2004,Classic Cars,Amica Models & Co.,Italy,EMEA,Large
43,10291,37,100.0,7136.19,2004-09-08,Shipped,3,9,2004,Classic Cars,Scandinavian Gift Ideas,Sweden,EMEA,Large
44,10304,47,100.0,10172.7,2004-10-11,Shipped,4,10,2004,Classic Cars,Auto Assoc. & Cie.,France,EMEA,Large
45,10312,48,100.0,11623.7,2004-10-21,Shipped,4,10,2004,Classic Cars,Mini Gifts Distributors Ltd.,USA,,Large
46,10322,40,100.0,6000.4,2004-11-04,Shipped,4,11,2004,Classic Cars,Online Diecast Creations Co.,USA,,Medium
47,10333,26,100.0,3003.0,2004-11-18,Shipped,4,11,2004,Classic Cars,Mini Wheels Co.,USA,,Medium
48,10347,30,100.0,3944.7,2004-11-29,Shipped,4,11,2004,Classic Cars,"Australian Collectors, Co.",Australia,APAC,Medium
49,10357,32,100.0,5691.84,2004-12-10,Shipped,4,12,2004,Classic Cars,Mini Gifts Distributors Ltd.,USA,,Medium
50,10369,41,100.0,4514.92,2005-01-20,Shipped,1,1,2005,Classic Cars,Collectables For Less Inc.,USA,,Medium
51,10381,36,100.0,8254.8,2005-02-17,Shipped,1,2,2005,Classic Cars,Corporate Gift Ideas Co.,USA,,Large
52,10391,24,100.0,2416.56,2005-03-09,Shipped,1,3,2005,Classic Cars,"Anna's Decorations, Ltd",Australia,APAC,Small
53,10411,23,100.0,4140.23,2005-05-01,Shipped,2,5,2005,Classic Cars,Quebec Home Shopping Network,Canada,,Medium
54,10424,50,100.0,12001.0,2005-05-31,In Process,2,5,2005,Classic Cars,Euro Shopping Channel,Spain,EMEA,Large
55,10107,39,99.91,3896.49,2003-02-24,Shipped,1,2,2003,Motorcycles,Land of Toys Inc.,USA,,Medium
56,10120,29,96.34,2793.86,2003-04-29,Shipped,2,4,2003,Motorcycles,"Australian Collectors, Co.",Australia,APAC,Small
57,10134,27,100.0,3307.77,2003-07-01,Shipped,3,7,2003,Motorcycles,Lyon Souveniers,France,EMEA,Medium
58,10145,37,100.0,5192.95,2003-08-25,Shipped,3,8,2003,Motorcycles,Toys4GrownUps.com,USA,,Medium
59,10159,37,100.0,5016.83,2003-10-10,Shipped,4,10,2003,Motorcycles,Corporate Gift Ideas Co.,USA,,Medium
60,10168,27,100.0,3660.93,2003-10-28,Shipped,4,10,2003,Motorcycles,Technics Stores Inc.,USA,,Medium
61,10180,42,100.0,4695.6,2003-11-11,Shipped,4,11,2003,Motorcycles,Daedalus Designs Imports,France,EMEA,Medium
62,10188,38,96.34,3660.92,2003-11-18,Shipped,4,11,2003,Motorcycles,Herkku Gifts,Norway,EMEA,Medium
63,10201,24,100.0,3025.92,2003-12-01,Shipped,4,12,2003,Motorcycles,Mini Wheels Co.,USA,,Medium
64,10210,23,100.0,3009.09,2004-01-12,Shipped,1,1,2004,Motorcycles,Osaka Souveniers Co.,Japan,Japan,Medium
65,10223,47,100.0,5422.39,2004-02-20,Shipped,1,2,2004,Motorcycles,"Australian Collectors, Co.",Australia,APAC,Medium
66,10236,22,100.0,2852.08,2004-04-03,Shipped,2,4,2004,Motorcycles,Motor Mint Distributors Inc.,USA,,Small
67,10251,44,100.0,5756.52,2004-05-18,Shipped,2,5,2004,Motorcycles,Tekni Collectables Inc.,USA,,Medium
68,10263,40,100.0,4472.0,2004-06-28,Shipped,2,6,2004,Motorcycles,Gift Depot Inc.,USA,,Medium
69,10275,22,100.0,2904.44,2004-07-23,Shipped,3,7,2004,Motorcycles,La Rochelle Gifts,France,EMEA,Small
70,10285,47,100.0,6484.59,2004-08-27,Shipped,3,8,2004,Motorcycles,Marta's Replicas Co.,USA,,Medium
71,10298,39,96.34,3757.26,2004-09-27,Shipped,3,9,2004,Motorcycles,Atelier graphique,France,EMEA,Medium
72,10308,34,100.0,4043.96,2004-10-15,Shipped,4,10,2004,Motorcycles,Mini Classics,USA,,Medium
73,10318,45,100.0,5566.5,2004-11-02,Shipped,4,11,2004,Motorcycles,Diecast Classics Inc.,USA,,Medium
74,10329,20,100.0,3176.0,2004-11-15,Shipped,4,11,2004,Motorcycles,Land of Toys Inc.,USA,,Medium
75,10339,40,68.92,2756.8,2004-11-23,Shipped,4,11,2004,Motorcycles,"Tokyo Collectables, Ltd",Japan,Japan,Small
76,10361,26,51.15,1329.9,2004-12-17,Shipped,4,12,2004,Motorcycles,Souveniers And Things Co.,Australia,APAC,Small
77,10374,39,100.0,5288.01,2005-02-02,Shipped,1,2,2005,Motorcycles,"Australian Gift Network, Co",Australia,APAC,Medium
78,10388,50,44.51,2225.5,2005-03-03,Shipped,1,3,2005,Motorcycles,FunGiftIdeas.com,USA,,Small
79,10402,45,100.0,5833.8,2005-04-07,Shipped,2,4,2005,Motorcycles,Auto Canal Petit,France,EMEA,Medium
80,10417,45,100.0,5887.35,2005-05-13,Disputed,2,5,2005,Motorcycles,Euro Shopping Channel,Spain,EMEA,Medium
81,10107,27,100.0,6065.55,2003-02-24,Shipped,1,2,2003,Motorcycles,Land of Toys Inc.,USA,,Medium
82,10120,46,100.0,9264.86,2003-04-29,Shipped,2,4,2003,Motorcycles,"Australian Collectors, Co.",Australia,APAC,Large
83,10134,31,100.0,7023.98,2003-07-01,Shipped,3,7,2003,Motorcycles,Lyon Souveniers,France,EMEA,Large
84,10145,33,100.0,5176.38,2003-08-25,Shipped,3,8,2003,Motorcycles,Toys4GrownUps.com,USA,,Medium
85,10159,22,100.0,4132.7,2003-10-10,Shipped,4,10,2003,Motorcycles,Corporate Gift Ideas Co.,USA,,Medium
86,10168,20,100.0,4183.0,2003-10-28,Shipped,4,10,2003,Motorcycles,Technics Stores Inc.,USA,,Medium
87,10180,41,100.0,8892.9,2003-11-11,Shipped,4,11,2003,Motorcycles,Daedalus Designs Imports,France,EMEA,Large
88,10188,45,100.0,8714.7,2003-11-18,Shipped,4,11,2003,Motorcycles,Herkku Gifts,Norway,EMEA,Large
89,10201,49,100.0,8065.89,2003-12-01,Shipped,4,12,2003,Motorcycles,Mini Wheels Co.,USA,,Large
90,10210,34,100.0,6123.4,2004-01-12,Shipped,1,1,2004,Motorcycles,Osaka Souveniers Co.,Japan,Japan,Medium
91,10223,49,100.0,9774.03,2004-02-20,Shipped,1,2,2004,Motorcycles,"Australian Collectors, Co.",Australia,APAC,Large
92,10237,39,100.0,7023.9,2004-04-05,Shipped,2,4,2004,Motorcycles,Vitachrome Inc.,USA,,Large
93,10251,43,100.0,7078.23,2004-05-18,Shipped,2,5,2004,Motorcycles,Tekni Collectables Inc.,USA,,Large
94,10263,41,100.0,8336.94,2004-06-28,Shipped,2,6,2004,Motorcycles,Gift Depot Inc.,USA,,Large
95,10275,36,100.0,6901.92,2004-07-23,Shipped,3,7,2004,Motorcycles,La Rochelle Gifts,France,EMEA,Medium
96,10285,27,100.0,5438.07,2004-08-27,Shipped,3,8,2004,Motorcycles,Marta's Replicas Co.,USA,,Medium
97,10299,29,100.0,6683.34,2004-09-30,Shipped,3,9,2004,Motorcycles,"Toys of Finland, Co.",Finland,EMEA,Medium
98,10308,20,100.0,4570.4,2004-10-15,Shipped,4,10,2004,Motorcycles,Mini Classics,USA,,Medium
99,10318,37,100.0,7667.14,2004-11-02,Shipped,4,11,2004,Motorcycles,Diecast Classics Inc.,USA,,Large
100,10329,26,100.0,5868.2,2004-11-15,Shipped,4,11,2004,Motorcycles,Land of Toys Inc.,USA,,Medium
101,10339,39,76.67,2990.13,2004-11-23,Shipped,4,11,2004,Motorcycles,"Tokyo Collectables, Ltd",Japan,Japan,Small
102,10362,22,100.0,3664.1,2005-01-05,Shipped,1,1,2005,Motorcycles,Technics Stores Inc.,USA,,Medium
103,10374,22,100.0,3834.38,2005-02-02,Shipped,1,2,2005,Motorcycles,"Australian Gift Network, Co",Australia,APAC,Medium
104,10388,21,86.77,1822.17,2005-03-03,Shipped,1,3,2005,Motorcycles,FunGiftIdeas.com,USA,,Small
105,10403,66,100.0,11886.6,2005-04-08,Shipped,2,4,2005,Motorcycles,"UK Collectables, Ltd.",UK,EMEA,Large
106,10417,56,100.0,9218.16,2005-05-13,Disputed,2,5,2005,Motorcycles,Euro Shopping Channel,Spain,EMEA,Large
107,10105,50,100.0,7208.0,2003-02-11,Shipped,1,2,2003,Classic Cars,Danish Wholesale Imports,Denmark,EMEA,Large
108,10119,46,100.0,5004.8,2003-04-28,Shipped,2,4,2003,Classic Cars,Salzburg Collectables,Austria,EMEA,Medium
109,10129,33,100.0,4398.24,2003-06-12,Shipped,2,6,2003,Classic Cars,"Stylish Desk Decors, Co.",UK,EMEA,Medium
110,10143,49,100.0,5597.76,2003-08-10,Shipped,3,8,2003,Classic Cars,Mini Creations Ltd.,USA,,Medium
111,10155,32,100.0,4526.08,2003-10-06,Shipped,4,10,2003,Classic Cars,"Toys of Finland, Co.",Finland,EMEA,Medium
112,10167,44,100.0,5924.16,2003-10-23,Cancelled,4,10,2003,Classic Cars,Scandinavian Gift Ideas,Sweden,EMEA,Medium
113,10178,24,100.0,3492.48,2003-11-08,Shipped,4,11,2003,Classic Cars,Alpha Cognac,France,EMEA,Medium
114,10186,26,100.0,3854.24,2003-11-14,Shipped,4,11,2003,Classic Cars,"Double Decker Gift Stores, Ltd",UK,EMEA,Medium
115,10197,45,100.0,5324.4,2003-11-26,Shipped,4,11,2003,Classic Cars,Enaco Distributors,Spain,EMEA,Medium
116,10209,39,100.0,5197.92,2004-01-09,Shipped,1,1,2004,Classic Cars,"Men 'R' US Retailers, Ltd.",USA,,Medium
117,10222,49,100.0,5997.6,2004-02-19,Shipped,1,2,2004,Classic Cars,Collectable Mini Designs Co.,USA,,Medium
118,10248,20,100.0,2910.4,2004-05-07,Cancelled,2,5,2004,Classic Cars,Land of Toys Inc.,USA,,Small
119,10261,27,100.0,3378.24,2004-06-17,Shipped,2,6,2004,Classic Cars,Quebec Home Shopping Network,Canada,,Medium
120,10273,30,100.0,3508.8,2004-07-21,Shipped,3,7,2004,Classic Cars,Petit Auto,Belgium,EMEA,Medium
121,10283,25,100.0,2992.0,2004-08-20,Shipped,3,8,2004,Classic Cars,"Royal Canadian Collectables, Ltd.",Canada,,Small
122,10295,24,100.0,3427.2,2004-09-10,Shipped,3,9,2004,Classic Cars,Gifts4AllAges.com,USA,,Medium
123,10307,22,100.0,2692.8,2004-10-14,Shipped,4,10,2004,Classic Cars,"Classic Gift Ideas, Inc",USA,,Small
124,10316,33,100.0,4128.96,2004-11-01,Shipped,4,11,2004,Classic Cars,giftsbymail.co.uk,UK,EMEA,Medium
125,10325,47,64.93,3051.71,2004-11-05,Shipped,4,11,2004,Classic Cars,Baane Mini Imports,Norway,EMEA,Medium
126,10337,25,48.05,1201.25,2004-11-21,Shipped,4,11,2004,Classic Cars,Classic Legends Inc.,USA,,Small
127,10350,26,75.47,1962.22,2004-12-02,Shipped,4,12,2004,Classic Cars,Euro Shopping Channel,Spain,EMEA,Small
128,10359,48,54.68,2624.64,2004-12-15,Shipped,4,12,2004,Classic Cars,Reims Collectables,France,EMEA,Small
129,10373,39,100.0,4046.25,2005-01-31,Shipped,1,1,2005,Classic Cars,"Oulu Toy Supplies, Inc.",Finland,EMEA,Medium
130,10384,34,100.0,4846.7,2005-02-23,Shipped,1,2,2005,Classic Cars,Corporate Gift Ideas Co.,USA,,Medium
131,10395,32,100.0,3370.56,2005-03-17,Shipped,1,3,2005,Classic Cars,Lyon Souveniers,France,EMEA,Medium
132,10400,64,100.0,9661.44,2005-04-01,Shipped,2,4,2005,Classic Cars,The Sharp Gifts Warehouse,USA,,Large
133,10414,19,100.0,2764.88,2005-05-06,On Hold,2,5,2005,Classic Cars,Gifts4AllAges.com,USA,,Small
134,10103,42,100.0,5398.26,2003-01-29,Shipped,1,1,2003,Classic Cars,Baane Mini Imports,Norway,EMEA,Medium
135,10114,31,100.0,4305.28,2003-04-01,Shipped,2,4,2003,Classic Cars,"La Corne D'abondance, Co.",France,EMEA,Medium
136,10126,22,100.0,3347.74,2003-05-28,Shipped,2,5,2003,Classic Cars,"Corrida Auto Replicas, Ltd",Spain,EMEA,Medium
137,10140,26,100.0,3188.12,2003-07-24,Shipped,3,7,2003,Classic Cars,Technics Stores Inc.,USA,,Medium
138,10150,20,100.0,3191.2,2003-09-19,Shipped,3,9,2003,Classic Cars,"Dragon Souveniers, Ltd.",Singapore,Japan,Medium
139,10164,21,100.0,3536.82,2003-10-21,Resolved,4,10,2003,Classic Cars,Mini Auto Werke,Austria,EMEA,Medium
140,10175,33,100.0,5362.83,2003-11-06,Shipped,4,11,2003,Classic Cars,"Stylish Desk Decors, Co.",UK,EMEA,Medium
141,10183,28,100.0,3433.36,2003-11-13,Shipped,4,11,2003,Classic Cars,"Classic Gift Ideas, Inc",USA,,Medium
142,10194,26,100.0,4263.74,2003-11-25,Shipped,4,11,2003,Classic Cars,"Saveley & Henriot, Co.",France,EMEA,Medium
143,10207,31,100.0,4076.19,2003-12-09,Shipped,4,12,2003,Classic Cars,Diecast Collectables,USA,,Medium
144,10217,48,100.0,7020.48,2004-02-04,Shipped,1,2,2004,Classic Cars,Handji Gifts& Co,Singapore,APAC,Large
145,10229,50,100.0,6426.5,2004-03-11,Shipped,1,3,2004,Classic Cars,Mini Gifts Distributors Ltd.,USA,,Medium
146,10245,28,100.0,4591.72,2004-05-04,Shipped,2,5,2004,Classic Cars,Super Scale Inc.,USA,,Medium
147,10259,26,100.0,4033.38,2004-06-15,Shipped,2,6,2004,Classic Cars,Handji Gifts& Co,Singapore,APAC,Medium
148,10270,32,100.0,4302.08,2004-07-19,Shipped,3,7,2004,Classic Cars,Souveniers And Things Co.,Australia,APAC,Medium
149,10281,44,100.0,7020.64,2004-08-19,Shipped,3,8,2004,Classic Cars,Diecast Classics Inc.,USA,,Large
150,10291,30,100.0,3855.9,2004-09-08,Shipped,3,9,2004,Classic Cars,Scandinavian Gift Ideas,Sweden,EMEA,Medium
151,10305,38,100.0,6680.78,2004-10-13,Shipped,4,10,2004,Classic Cars,Marta's Replicas Co.,USA,,Medium
152,10313,40,100.0,6678.0,2004-10-22,Shipped,4,10,2004,Classic Cars,Canadian Gift Exchange Network,Canada,,Medium
153,10322,46,61.99,2851.54,2004-11-04,Shipped,4,11,2004,Classic Cars,Online Diecast Creations Co.,USA,,Small
154,10334,26,100.0,3188.12,2004-11-19,On Hold,4,11,2004,Classic Cars,"Volvo Model Replicas, Co",Sweden,EMEA,Medium
155,10347,27,100.0,4428.0,2004-11-29,Shipped,4,11,2004,Classic Cars,"Australian Collectors, Co.",Australia,APAC,Medium
156,10357,43,100.0,5780.92,2004-12-10,Shipped,4,12,2004,Classic Cars,Mini Gifts Distributors Ltd.,USA,,Medium
157,10370,35,65.63,2297.05,2005-01-20,Shipped,1,1,2005,Classic Cars,"Anna's Decorations, Ltd",Australia,APAC,Small
158,10381,37,100.0,6231.54,2005-02-17,Shipped,1,2,2005,Classic Cars,Corporate Gift Ideas Co.,USA,,Medium
159,10391,37,46.9,1735.3,2005-03-09,Shipped,1,3,2005,Classic Cars,"Anna's Decorations, Ltd",Australia,APAC,Small
160,10411,27,100.0,4427.73,2005-05-01,Shipped,2,5,2005,Classic Cars,Quebec Home Shopping Network,Canada,,Medium
161,10425,38,100.0,5894.94,2005-05-31,In Process,2,5,2005,Classic Cars,La Rochelle Gifts,France,EMEA,Medium
162,10108,33,100.0,5265.15,2003-03-03,Shipped,1,3,2003,Classic Cars,Cruz & Sons Co.,Philippines,Japan,Medium
163,10122,42,100.0,7599.9,2003-05-08,Shipped,2,5,2003,Classic Cars,Marseille Mini Autos,France,EMEA,Large
164,10135,42,100.0,8008.56,2003-07-02,Shipped,3,7,2003,Classic Cars,Mini Gifts Distributors Ltd.,USA,,Large
165,10147,48,100.0,9245.76,2003-09-05,Shipped,3,9,2003,Classic Cars,Collectables For Less Inc.,USA,,Large
166,10159,41,100.0,8296.35,2003-10-10,Shipped,4,10,2003,Classic Cars,Corporate Gift Ideas Co.,USA,,Large
167,10169,30,100.0,5019.9,2003-11-04,Shipped,4,11,2003,Classic Cars,"Anna's Decorations, Ltd",Australia,APAC,Medium
168,10181,27,100.0,5411.07,2003-11-12,Shipped,4,11,2003,Classic Cars,Herkku Gifts,Norway,EMEA,Medium
169,10191,21,100.0,3840.9,2003-11-20,Shipped,4,11,2003,Classic Cars,"Toms Spezialitten, Ltd",Germany,EMEA,Medium
170,10203,20,100.0,3930.4,2003-12-02,Shipped,4,12,2003,Classic Cars,Euro Shopping Channel,Spain,EMEA,Medium
171,10211,41,100.0,7498.9,2004-01-15,Shipped,1,1,2004,Classic Cars,Auto Canal Petit,France,EMEA,Large
172,10225,27,100.0,4517.91,2004-02-22,Shipped,1,2,2004,Classic Cars,"Vida Sport, Ltd",Switzerland,EMEA,Medium
173,10238,28,100.0,5774.72,2004-04-09,Shipped,2,4,2004,Classic Cars,Danish Wholesale Imports,Denmark,EMEA,Medium
174,10253,24,100.0,3922.56,2004-06-01,Cancelled,2,6,2004,Classic Cars,"UK Collectables, Ltd.",UK,EMEA,Medium
175,10266,44,100.0,9160.36,2004-07-06,Shipped,3,7,2004,Classic Cars,L'ordine Souveniers,Italy,EMEA,Large
176,10276,50,100.0,9631.0,2004-08-02,Shipped,3,8,2004,Classic Cars,Online Mini Collectables,USA,,Large
177,10287,21,100.0,3432.24,2004-08-30,Shipped,3,8,2004,Classic Cars,"Vida Sport, Ltd",Switzerland,EMEA,Medium
178,10300,33,100.0,5521.89,2003-10-04,Shipped,4,10,2003,Classic Cars,"Blauer See Auto, Co.",Germany,EMEA,Medium
179,10310,33,100.0,6934.62,2004-10-16,Shipped,4,10,2004,Classic Cars,"Toms Spezialitten, Ltd",Germany,EMEA,Medium
180,10320,31,100.0,6876.11,2004-11-03,Shipped,4,11,2004,Classic Cars,"Volvo Model Replicas, Co",Sweden,EMEA,Medium
181,10329,41,71.47,2930.27,2004-11-15,Shipped,4,11,2004,Classic Cars,Land of Toys Inc.,USA,,Small
182,10341,45,79.65,3584.25,2004-11-24,Shipped,4,11,2004,Classic Cars,Salzburg Collectables,Austria,EMEA,Medium
183,10363,33,85.39,2817.87,2005-01-06,Shipped,1,1,2005,Classic Cars,Suominen Souveniers,Finland,EMEA,Small
184,10375,45,76.0,3420.0,2005-02-03,Shipped,1,2,2005,Classic Cars,La Rochelle Gifts,France,EMEA,Medium
185,10389,26,99.04,2575.04,2005-03-03,Shipped,1,3,2005,Classic Cars,Scandinavian Gift Ideas,Sweden,EMEA,Small
186,10419,12,100.0,1961.28,2005-05-17,Shipped,2,5,2005,Classic Cars,Salzburg Collectables,Austria,EMEA,Small
187,10105,41,100.0,8690.36,2003-02-11,Shipped,1,2,2003,Classic Cars,Danish Wholesale Imports,Denmark,EMEA,Large
188,10117,33,100.0,6034.38,2003-04-16,Shipped,2,4,2003,Classic Cars,"Dragon Souveniers, Ltd.",Singapore,Japan,Medium
189,10127,46,100.0,11279.2,2003-06-03,Shipped,2,6,2003,Classic Cars,Muscle Machine Inc,USA,,Large
190,10142,33,100.0,8023.29,2003-08-08,Shipped,3,8,2003,Classic Cars,Mini Gifts Distributors Ltd.,USA,,Large
191,10153,20,100.0,4904.0,2003-09-28,Shipped,3,9,2003,Classic Cars,Euro Shopping Channel,Spain,EMEA,Medium
192,10165,44,100.0,8594.52,2003-10-22,Shipped,4,10,2003,Classic Cars,"Dragon Souveniers, Ltd.",Singapore,Japan,Large
193,10176,33,100.0,7474.5,2003-11-06,Shipped,4,11,2003,Classic Cars,L'ordine Souveniers,Italy,EMEA,Large
194,10185,21,100.0,3883.74,2003-11-14,Shipped,4,11,2003,Classic Cars,Mini Creations Ltd.,USA,,Medium
195,10196,47,100.0,8887.7,2003-11-26,Shipped,4,11,2003,Classic Cars,Super Scale Inc.,USA,,Large
196,10208,46,100.0,8602.92,2004-01-02,Shipped,1,1,2004,Classic Cars,"Saveley & Henriot, Co.",France,EMEA,Large
197,10220,32,100.0,7181.44,2004-02-12,Shipped,1,2,2004,Classic Cars,"Clover Collections, Co.",Ireland,EMEA,Large
198,10231,42,100.0,8378.58,2004-03-19,Shipped,1,3,2004,Classic Cars,CAF Imports,Spain,EMEA,Large
199,10247,44,100.0,10606.2,2004-05-05,Shipped,2,5,2004,Classic Cars,Suominen Souveniers,Finland,EMEA,Large
200,10272,35,100.0,5818.4,2004-07-20,Shipped,3,7,2004,Classic Cars,Diecast Classics Inc.,USA,,Medium
201,10282,41,100.0,7071.27,2004-08-20,Shipped,3,8,2004,Classic Cars,Mini Gifts Distributors Ltd.,USA,,Large
202,10293,46,100.0,8411.56,2004-09-09,Shipped,3,9,2004,Classic Cars,Amica Models & Co.,Italy,EMEA,Large
203,10306,31,100.0,6570.76,2004-10-14,Shipped,4,10,2004,Classic Cars,"AV Stores, Co.",UK,EMEA,Medium
204,10314,38,100.0,7975.44,2004-10-22,Shipped,4,10,2004,Classic Cars,Heintze Collectables,Denmark,EMEA,Large
205,10325,42,64.0,2688.0,2004-11-05,Shipped,4,11,2004,Classic Cars,Baane Mini Imports,Norway,EMEA,Small
206,10336,33,57.22,1888.26,2004-11-20,Shipped,4,11,2004,Classic Cars,"La Corne D'abondance, Co.",France,EMEA,Small
207,10348,48,52.36,2513.28,2004-11-01,Shipped,4,11,2004,Classic Cars,"Corrida Auto Replicas, Ltd",Spain,EMEA,Small
208,10359,42,100.0,4764.48,2004-12-15,Shipped,4,12,2004,Classic Cars,Reims Collectables,France,EMEA,Medium
209,10371,32,100.0,3560.64,2005-01-23,Shipped,1,1,2005,Classic Cars,Mini Gifts Distributors Ltd.,USA,,Medium
210,10382,34,100.0,3823.64,2005-02-17,Shipped,1,2,2005,Classic Cars,Mini Gifts Distributors Ltd.,USA,,Medium
211,10395,33,69.12,2280.96,2005-03-17,Shipped,1,3,2005,Classic Cars,Lyon Souveniers,France,EMEA,Small
212,10413,36,100.0,8677.8,2005-05-05,Shipped,2,5,2005,Classic Cars,Gift Depot Inc.,USA,,Large
213,10103,27,100.0,3394.98,2003-01-29,Shipped,1,1,2003,Trucks and Buses,Baane Mini Imports,Norway,EMEA,Medium
214,10113,21,100.0,3415.44,2003-03-26,Shipped,1,3,2003,Trucks and Buses,Mini Gifts Distributors Ltd.,USA,,Medium
215,10126,21,100.0,2439.57,2003-05-28,Shipped,2,5,2003,Trucks and Buses,"Corrida Auto Replicas, Ltd",Spain,EMEA,Small
216,10140,38,100.0,4829.8,2003-07-24,Shipped,3,7,2003,Trucks and Buses,Technics Stores Inc.,USA,,Medium
217,10150,30,100.0,4100.1,2003-09-19,Shipped,3,9,2003,Trucks and Buses,"Dragon Souveniers, Ltd.",Singapore,Japan,Medium
218,10164,49,100.0,6563.06,2003-10-21,Resolved,4,10,2003,Trucks and Buses,Mini Auto Werke,Austria,EMEA,Medium
219,10174,43,100.0,6817.22,2003-11-06,Shipped,4,11,2003,Trucks and Buses,"Australian Gift Network, Co",Australia,APAC,Medium
220,10183,41,100.0,6163.94,2003-11-13,Shipped,4,11,2003,Trucks and Buses,"Classic Gift Ideas, Inc",USA,,Medium
221,10194,38,100.0,4933.92,2003-11-25,Shipped,4,11,2003,Trucks and Buses,"Saveley & Henriot, Co.",France,EMEA,Medium
222,10206,28,100.0,4056.36,2003-12-05,Shipped,4,12,2003,Trucks and Buses,Canadian Gift Exchange Network,Canada,,Medium
223,10216,43,100.0,5759.42,2004-02-02,Shipped,1,2,2004,Trucks and Buses,Auto Assoc. & Cie.,France,EMEA,Medium
224,10229,25,100.0,3451.0,2004-03-11,Shipped,1,3,2004,Trucks and Buses,Mini Gifts Distributors Ltd.,USA,,Medium
225,10245,38,100.0,5920.4,2004-05-04,Shipped,2,5,2004,Trucks and Buses,Super Scale Inc.,USA,,Medium
226,10258,41,100.0,6668.24,2004-06-15,Shipped,2,6,2004,Trucks and Buses,"Tokyo Collectables, Ltd",Japan,Japan,Medium
227,10270,28,100.0,4094.72,2004-07-19,Shipped,3,7,2004,Trucks and Buses,Souveniers And Things Co.,Australia,APAC,Medium
228,10281,25,100.0,2938.5,2004-08-19,Shipped,3,8,2004,Trucks and Buses,Diecast Classics Inc.,USA,,Small
229,10291,41,100.0,6387.8,2004-09-08,Shipped,3,9,2004,Trucks and Buses,Scandinavian Gift Ideas,Sweden,EMEA,Medium
230,10304,39,100.0,6396.0,2004-10-11,Shipped,4,10,2004,Trucks and Buses,Auto Assoc. & Cie.,France,EMEA,Medium
231,10313,21,100.0,2669.1,2004-10-22,Shipped,4,10,2004,Trucks and Buses,Canadian Gift Exchange Network,Canada,,Small
232,10322,27,100.0,4784.13,2004-11-04,Shipped,4,11,2004,Trucks and Buses,Online Diecast Creations Co.,USA,,Medium
233,10333,33,99.21,3273.93,2004-11-18,Shipped,4,11,2004,Trucks and Buses,Mini Wheels Co.,USA,,Medium
234,10347,29,100.0,3586.43,2004-11-29,Shipped,4,11,2004,Trucks and Buses,"Australian Collectors, Co.",Australia,APAC,Medium
235,10357,49,100.0,5960.36,2004-12-10,Shipped,4,12,2004,Trucks and Buses,Mini Gifts Distributors Ltd.,USA,,Medium
236,10370,49,100.0,8470.14,2005-01-20,Shipped,1,1,2005,Trucks and Buses,"Anna's Decorations, Ltd",Australia,APAC,Large
237,10381,20,100.0,2952.0,2005-02-17,Shipped,1,2,2005,Trucks and Buses,Corporate Gift Ideas Co.,USA,,Small
238,10391,39,63.2,2464.8,2005-03-09,Shipped,1,3,2005,Trucks and Buses,"Anna's Decorations, Ltd",Australia,APAC,Small
239,10411,40,100.0,6232.0,2005-05-01,Shipped,2,5,2005,Trucks and Buses,Quebec Home Shopping Network,Canada,,Medium
240,10424,49,100.0,7969.36,2005-05-31,In Process,2,5,2005,Trucks and Buses,Euro Shopping Channel,Spain,EMEA,Large
241,10107,21,100.0,3036.6,2003-02-24,Shipped,1,2,2003,Motorcycles,Land of Toys Inc.,USA,,Medium
242,10121,50,100.0,8284.0,2003-05-07,Shipped,2,5,2003,Motorcycles,Reims Collectables,France,EMEA,Large
243,10134,20,100.0,2711.2,2003-07-01,Shipped,3,7,2003,Motorcycles,Lyon Souveniers,France,EMEA,Small
244,10145,49,100.0,8339.8,2003-08-25,Shipped,3,8,2003,Motorcycles,Toys4GrownUps.com,USA,,Large
245,10159,38,100.0,6238.84,2003-10-10,Shipped,4,10,2003,Motorcycles,Corporate Gift Ideas Co.,USA,,Medium
246,10169,35,100.0,4639.25,2003-11-04,Shipped,4,11,2003,Motorcycles,"Anna's Decorations, Ltd",Australia,APAC,Medium
247,10180,40,100.0,6747.6,2003-11-11,Shipped,4,11,2003,Motorcycles,Daedalus Designs Imports,France,EMEA,Medium
248,10189,28,100.0,4512.48,2003-11-18,Shipped,4,11,2003,Motorcycles,Toys4GrownUps.com,USA,,Medium
249,10201,25,100.0,4029.0,2003-12-01,Shipped,4,12,2003,Motorcycles,Mini Wheels Co.,USA,,Medium
250,10211,36,100.0,4771.8,2004-01-15,Shipped,1,1,2004,Motorcycles,Auto Canal Petit,France,EMEA,Medium
251,10224,43,100.0,6087.94,2004-02-21,Shipped,1,2,2004,Motorcycles,Daedalus Designs Imports,France,EMEA,Medium
252,10237,32,100.0,4193.28,2004-04-05,Shipped,2,4,2004,Motorcycles,Vitachrome Inc.,USA,,Medium
253,10251,46,100.0,7552.28,2004-05-18,Shipped,2,5,2004,Motorcycles,Tekni Collectables Inc.,USA,,Large
254,10263,48,100.0,6434.4,2004-06-28,Shipped,2,6,2004,Motorcycles,Gift Depot Inc.,USA,,Medium
255,10276,43,100.0,5181.5,2004-08-02,Shipped,3,8,2004,Motorcycles,Online Mini Collectables,USA,,Medium
256,10285,49,100.0,6863.92,2004-08-27,Shipped,3,8,2004,Motorcycles,Marta's Replicas Co.,USA,,Medium
257,10299,24,100.0,4157.04,2004-09-30,Shipped,3,9,2004,Motorcycles,"Toys of Finland, Co.",Finland,EMEA,Medium
258,10309,26,100.0,4660.24,2004-10-15,Shipped,4,10,2004,Motorcycles,Baane Mini Imports,Norway,EMEA,Medium
259,10319,30,100.0,4111.8,2004-11-03,Shipped,4,11,2004,Motorcycles,Microscale Inc.,USA,,Medium
260,10329,24,100.0,3542.64,2004-11-15,Shipped,4,11,2004,Motorcycles,Land of Toys Inc.,USA,,Medium
261,10341,55,100.0,8118.55,2004-11-24,Shipped,4,11,2004,Motorcycles,Salzburg Collectables,Austria,EMEA,Large
262,10362,22,100.0,3877.06,2005-01-05,Shipped,1,1,2005,Motorcycles,Technics Stores Inc.,USA,,Medium
263,10375,49,78.92,3867.08,2005-02-03,Shipped,1,2,2005,Motorcycles,La Rochelle Gifts,France,EMEA,Medium
264,10388,44,100.0,5951.44,2005-03-03,Shipped,1,3,2005,Motorcycles,FunGiftIdeas.com,USA,,Medium
265,10403,66,100.0,8648.64,2005-04-08,Shipped,2,4,2005,Motorcycles,"UK Collectables, Ltd.",UK,EMEA,Large
266,10417,21,100.0,3447.78,2005-05-13,Disputed,2,5,2005,Motorcycles,Euro Shopping Channel,Spain,EMEA,Medium
267,10104,34,100.0,5958.5,2003-01-31,Shipped,1,1,2003,Classic Cars,Euro Shopping Channel,Spain,EMEA,Medium
268,10117,43,100.0,5911.64,2003-04-16,Shipped,2,4,2003,Classic Cars,"Dragon Souveniers, Ltd.",Singapore,Japan,Medium
269,10127,46,100.0,7366.44,2003-06-03,Shipped,2,6,2003,Classic Cars,Muscle Machine Inc,USA,,Large
270,10142,33,100.0,4985.64,2003-08-08,Shipped,3,8,2003,Classic Cars,Mini Gifts Distributors Ltd.,USA,,Medium
271,10153,42,100.0,5393.64,2003-09-28,Shipped,3,9,2003,Classic Cars,Euro Shopping Channel,Spain,EMEA,Medium
272,10165,34,100.0,4880.02,2003-10-22,Shipped,4,10,2003,Classic Cars,"Dragon Souveniers, Ltd.",Singapore,Japan,Medium
273,10176,47,100.0,8378.69,2003-11-06,Shipped,4,11,2003,Classic Cars,L'ordine Souveniers,Italy,EMEA,Large
274,10185,33,100.0,4038.21,2003-11-14,Shipped,4,11,2003,Classic Cars,Mini Creations Ltd.,USA,,Medium
275,10196,24,100.0,3807.12,2003-11-26,Shipped,4,11,2003,Classic Cars,Super Scale Inc.,USA,,Medium
276,10208,26,100.0,3142.36,2004-01-02,Shipped,1,1,2004,Classic Cars,"Saveley & Henriot, Co.",France,EMEA,Medium
277,10220,30,100.0,4713.6,2004-02-12,Shipped,1,2,2004,Classic Cars,"Clover Collections, Co.",Ireland,EMEA,Medium
278,10230,43,100.0,7016.31,2004-03-15,Shipped,1,3,2004,Classic Cars,"Blauer See Auto, Co.",Germany,EMEA,Large
279,10247,25,100.0,4381.25,2004-05-05,Shipped,2,5,2004,Classic Cars,Suominen Souveniers,Finland,EMEA,Medium
280,10272,27,100.0,4283.01,2004-07-20,Shipped,3,7,2004,Classic Cars,Diecast Classics Inc.,USA,,Medium
281,10282,27,100.0,4364.82,2004-08-20,Shipped,3,8,2004,Classic Cars,Mini Gifts Distributors Ltd.,USA,,Medium
282,10293,24,100.0,4242.24,2004-09-09,Shipped,3,9,2004,Classic Cars,Amica Models & Co.,Italy,EMEA,Medium
283,10306,34,100.0,4982.7,2004-10-14,Shipped,4,10,2004,Classic Cars,"AV Stores, Co.",UK,EMEA,Medium
284,10314,46,100.0,6393.54,2004-10-22,Shipped,4,10,2004,Classic Cars,Heintze Collectables,Denmark,EMEA,Medium
285,10324,27,54.33,1466.91,2004-11-05,Shipped,4,11,2004,Classic Cars,Vitachrome Inc.,USA,,Small
286,10336,33,100.0,4059.33,2004-11-20,Shipped,4,11,2004,Classic Cars,"La Corne D'abondance, Co.",France,EMEA,Medium
287,10348,47,100.0,4801.52,2004-11-01,Shipped,4,11,2004,Classic Cars,"Corrida Auto Replicas, Ltd",Spain,EMEA,Medium
288,10358,49,55.34,2711.66,2004-12-10,Shipped,4,12,2004,Classic Cars,Euro Shopping Channel,Spain,EMEA,Small
289,10372,40,100.0,5862.0,2005-01-26,Shipped,1,1,2005,Classic Cars,"Tokyo Collectables, Ltd",Japan,Japan,Medium
290,10382,37,100.0,4071.85,2005-02-17,Shipped,1,2,2005,Classic Cars,Mini Gifts Distributors Ltd.,USA,,Medium
291,10413,47,100.0,8236.75,2005-05-05,Shipped,2,5,2005,Classic Cars,Gift Depot Inc.,USA,,Large
292,10108,45,100.0,6130.35,2003-03-03,Shipped,1,3,2003,Classic Cars,Cruz & Sons Co.,Philippines,Japan,Medium
293,10122,37,99.82,3693.34,2003-05-08,Shipped,2,5,2003,Classic Cars,Marseille Mini Autos,France,EMEA,Medium
294,10135,48,100.0,6031.68,2003-07-02,Shipped,3,7,2003,Classic Cars,Mini Gifts Distributors Ltd.,USA,,Medium
295,10147,31,100.0,3494.94,2003-09-05,Shipped,3,9,2003,Classic Cars,Collectables For Less Inc.,USA,,Medium
296,10160,46,100.0,5294.14,2003-10-11,Shipped,4,10,2003,Classic Cars,"Men 'R' US Retailers, Ltd.",USA,,Medium
297,10170,47,100.0,5464.69,2003-11-04,Shipped,4,11,2003,Classic Cars,Mini Auto Werke,Austria,EMEA,Medium
298,10181,28,100.0,2860.76,2003-11-12,Shipped,4,11,2003,Classic Cars,Herkku Gifts,Norway,EMEA,Small
299,10191,40,100.0,5590.0,2003-11-20,Shipped,4,11,2003,Classic Cars,"Toms Spezialitten, Ltd",Germany,EMEA,Medium
300,10203,20,100.0,2254.8,2003-12-02,Shipped,4,12,2003,Classic Cars,Euro Shopping Channel,Spain,EMEA,Small
301,10212,39,100.0,4946.76,2004-01-16,Shipped,1,1,2004,Classic Cars,Euro Shopping Channel,Spain,EMEA,Medium
302,10225,25,99.82,2495.5,2004-02-22,Shipped,1,2,2004,Classic Cars,"Vida Sport, Ltd",Switzerland,EMEA,Small
303,10238,29,100.0,3167.38,2004-04-09,Shipped,2,4,2004,Classic Cars,Danish Wholesale Imports,Denmark,EMEA,Medium
304,10253,22,100.0,2402.84,2004-06-01,Cancelled,2,6,2004,Classic Cars,"UK Collectables, Ltd.",UK,EMEA,Small
305,10266,22,100.0,2454.54,2004-07-06,Shipped,3,7,2004,Classic Cars,L'ordine Souveniers,Italy,EMEA,Small
306,10276,47,100.0,5464.69,2004-08-02,Shipped,3,8,2004,Classic Cars,Online Mini Collectables,USA,,Medium
307,10287,45,100.0,4756.5,2004-08-30,Shipped,3,8,2004,Classic Cars,"Vida Sport, Ltd",Switzerland,EMEA,Medium
308,10300,29,100.0,3984.6,2003-10-04,Shipped,4,10,2003,Classic Cars,"Blauer See Auto, Co.",Germany,EMEA,Medium
309,10310,24,100.0,3100.32,2004-10-16,Shipped,4,10,2004,Classic Cars,"Toms Spezialitten, Ltd",Germany,EMEA,Medium
310,10320,35,100.0,4850.3,2004-11-03,Shipped,4,11,2004,Classic Cars,"Volvo Model Replicas, Co",Sweden,EMEA,Medium
311,10329,46,83.63,3846.98,2004-11-15,Shipped,4,11,2004,Classic Cars,Land of Toys Inc.,USA,,Medium
312,10341,44,95.93,4220.92,2004-11-24,Shipped,4,11,2004,Classic Cars,Salzburg Collectables,Austria,EMEA,Medium
313,10363,34,96.73,3288.82,2005-01-06,Shipped,1,1,2005,Classic Cars,Suominen Souveniers,Finland,EMEA,Medium
314,10376,35,100.0,3987.2,2005-02-08,Shipped,1,2,2005,Classic Cars,Boards & Toys Co.,USA,,Medium
315,10389,25,72.38,1809.5,2005-03-03,Shipped,1,3,2005,Classic Cars,Scandinavian Gift Ideas,Sweden,EMEA,Small
316,10419,10,100.0,1092.2,2005-05-17,Shipped,2,5,2005,Classic Cars,Salzburg Collectables,Austria,EMEA,Small
317,10105,29,100.0,4566.05,2003-02-11,Shipped,1,2,2003,Classic Cars,Danish Wholesale Imports,Denmark,EMEA,Medium
318,10117,39,100.0,5938.14,2003-04-16,Shipped,2,4,2003,Classic Cars,"Dragon Souveniers, Ltd.",Singapore,Japan,Medium
319,10127,42,100.0,8138.76,2003-06-03,Shipped,2,6,2003,Classic Cars,Muscle Machine Inc,USA,,Large
320,10142,46,100.0,9470.94,2003-08-08,Shipped,3,8,2003,Classic Cars,Mini Gifts Distributors Ltd.,USA,,Large
321,10153,49,100.0,7036.89,2003-09-28,Shipped,3,9,2003,Classic Cars,Euro Shopping Channel,Spain,EMEA,Large
322,10165,27,100.0,5559.03,2003-10-22,Shipped,4,10,2003,Classic Cars,"Dragon Souveniers, Ltd.",Singapore,Japan,Medium
323,10176,50,100.0,7872.5,2003-11-06,Shipped,4,11,2003,Classic Cars,L'ordine Souveniers,Italy,EMEA,Large
324,10185,43,100.0,7886.2,2003-11-14,Shipped,4,11,2003,Classic Cars,Mini Creations Ltd.,USA,,Large
325,10196,38,100.0,7232.16,2003-11-26,Shipped,4,11,2003,Classic Cars,Super Scale Inc.,USA,,Large
326,10208,20,100.0,3114.4,2004-01-02,Shipped,1,1,2004,Classic Cars,"Saveley & Henriot, Co.",France,EMEA,Medium
327,10220,27,100.0,5045.22,2004-02-12,Shipped,1,2,2004,Classic Cars,"Clover Collections, Co.",Ireland,EMEA,Medium
328,10231,49,100.0,6952.12,2004-03-19,Shipped,1,3,2004,Classic Cars,CAF Imports,Spain,EMEA,Medium
329,10247,27,100.0,4157.73,2004-05-05,Shipped,2,5,2004,Classic Cars,Suominen Souveniers,Finland,EMEA,Medium
330,10272,39,100.0,7962.24,2004-07-20,Shipped,3,7,2004,Classic Cars,Diecast Classics Inc.,USA,,Large
331,10282,24,100.0,3778.8,2004-08-20,Shipped,3,8,2004,Classic Cars,Mini Gifts Distributors Ltd.,USA,,Medium
332,10293,45,100.0,8253.0,2004-09-09,Shipped,3,9,2004,Classic Cars,Amica Models & Co.,Italy,EMEA,Large
333,10306,20,100.0,3633.4,2004-10-14,Shipped,4,10,2004,Classic Cars,"AV Stores, Co.",UK,EMEA,Medium
334,10314,36,100.0,6913.8,2004-10-22,Shipped,4,10,2004,Classic Cars,Heintze Collectables,Denmark,EMEA,Medium
335,10325,24,100.0,2583.6,2004-11-05,Shipped,4,11,2004,Classic Cars,Baane Mini Imports,Norway,EMEA,Small
336,10336,49,63.38,3105.62,2004-11-20,Shipped,4,11,2004,Classic Cars,"La Corne D'abondance, Co.",France,EMEA,Medium
337,10349,26,100.0,4408.56,2004-12-01,Shipped,4,12,2004,Classic Cars,Muscle Machine Inc,USA,,Medium
338,10359,49,62.09,3042.41,2004-12-15,Shipped,4,12,2004,Classic Cars,Reims Collectables,France,EMEA,Medium
339,10372,34,100.0,5941.5,2005-01-26,Shipped,1,1,2005,Classic Cars,"Tokyo Collectables, Ltd",Japan,Japan,Medium
340,10382,34,95.35,3241.9,2005-02-17,Shipped,1,2,2005,Classic Cars,Mini Gifts Distributors Ltd.,USA,,Medium
341,10396,33,100.0,6109.29,2005-03-23,Shipped,1,3,2005,Classic Cars,Mini Gifts Distributors Ltd.,USA,,Medium
342,10413,22,100.0,3387.78,2005-05-05,Shipped,2,5,2005,Classic Cars,Gift Depot Inc.,USA,,Medium
343,10108,39,89.38,3485.82,2003-03-03,Shipped,1,3,2003,Classic Cars,Cruz & Sons Co.,Philippines,Japan,Medium
344,10122,32,63.84,2042.88,2003-05-08,Shipped,2,5,2003,Classic Cars,Marseille Mini Autos,France,EMEA,Small
345,10135,24,75.01,1800.24,2003-07-02,Shipped,3,7,2003,Classic Cars,Mini Gifts Distributors Ltd.,USA,,Small
346,10147,21,63.84,1340.64,2003-09-05,Shipped,3,9,2003,Classic Cars,Collectables For Less Inc.,USA,,Small
347,10159,24,73.42,1762.08,2003-10-10,Shipped,4,10,2003,Classic Cars,Corporate Gift Ideas Co.,USA,,Small
348,10169,36,63.84,2298.24,2003-11-04,Shipped,4,11,2003,Classic Cars,"Anna's Decorations, Ltd",Australia,APAC,Small
349,10181,20,81.4,1628.0,2003-11-12,Shipped,4,11,2003,Classic Cars,Herkku Gifts,Norway,EMEA,Small
350,10191,30,64.64,1939.2,2003-11-20,Shipped,4,11,2003,Classic Cars,"Toms Spezialitten, Ltd",Germany,EMEA,Small
351,10203,44,82.99,3651.56,2003-12-02,Shipped,4,12,2003,Classic Cars,Euro Shopping Channel,Spain,EMEA,Medium
352,10211,28,92.57,2591.96,2004-01-15,Shipped,1,1,2004,Classic Cars,Auto Canal Petit,France,EMEA,Small
353,10225,37,77.41,2864.17,2004-02-22,Shipped,1,2,2004,Classic Cars,"Vida Sport, Ltd",Switzerland,EMEA,Small
354,10238,20,74.21,1484.2,2004-04-09,Shipped,2,4,2004,Classic Cars,Danish Wholesale Imports,Denmark,EMEA,Small
355,10253,25,90.17,2254.25,2004-06-01,Cancelled,2,6,2004,Classic Cars,"UK Collectables, Ltd.",UK,EMEA,Small
356,10266,35,76.61,2681.35,2004-07-06,Shipped,3,7,2004,Classic Cars,L'ordine Souveniers,Italy,EMEA,Small
357,10276,38,83.79,3184.02,2004-08-02,Shipped,3,8,2004,Classic Cars,Online Mini Collectables,USA,,Medium
358,10287,41,69.43,2846.63,2004-08-30,Shipped,3,8,2004,Classic Cars,"Vida Sport, Ltd",Switzerland,EMEA,Small
359,10300,22,76.61,1685.42,2003-10-04,Shipped,4,10,2003,Classic Cars,"Blauer See Auto, Co.",Germany,EMEA,Small
360,10310,49,81.4,3988.6,2004-10-16,Shipped,4,10,2004,Classic Cars,"Toms Spezialitten, Ltd",Germany,EMEA,Medium
361,10320,38,73.42,2789.96,2004-11-03,Shipped,4,11,2004,Classic Cars,"Volvo Model Replicas, Co",Sweden,EMEA,Small
362,10329,33,100.0,3607.56,2004-11-15,Shipped,4,11,2004,Classic Cars,Land of Toys Inc.,USA,,Medium
363,10341,36,93.56,3368.16,2004-11-24,Shipped,4,11,2004,Classic Cars,Salzburg Collectables,Austria,EMEA,Medium
364,10363,34,81.62,2775.08,2005-01-06,Shipped,1,1,2005,Classic Cars,Suominen Souveniers,Finland,EMEA,Small
365,10377,24,67.83,1627.92,2005-02-09,Shipped,1,2,2005,Classic Cars,"Toys of Finland, Co.",Finland,EMEA,Small
366,10389,36,70.26,2529.36,2005-03-03,Shipped,1,3,2005,Classic Cars,Scandinavian Gift Ideas,Sweden,EMEA,Small
367,10419,34,90.17,3065.78,2005-05-17,Shipped,2,5,2005,Classic Cars,Salzburg Collectables,Austria,EMEA,Medium
368,10104,41,100.0,4615.78,2003-01-31,Shipped,1,1,2003,Trucks and Buses,Euro Shopping Channel,Spain,EMEA,Medium
369,10115,46,100.0,5723.78,2003-04-04,Shipped,2,4,2003,Trucks and Buses,Classic Legends Inc.,USA,,Medium
370,10127,24,100.0,2559.6,2003-06-03,Shipped,2,6,2003,Trucks and Buses,Muscle Machine Inc,USA,,Small
371,10141,21,100.0,2140.11,2003-08-01,Shipped,3,8,2003,Trucks and Buses,Suominen Souveniers,Finland,EMEA,Small
372,10151,24,100.0,3327.6,2003-09-21,Shipped,3,9,2003,Trucks and Buses,"Oulu Toy Supplies, Inc.",Finland,EMEA,Medium
373,10165,48,100.0,6825.6,2003-10-22,Shipped,4,10,2003,Trucks and Buses,"Dragon Souveniers, Ltd.",Singapore,Japan,Medium
374,10175,26,100.0,3543.28,2003-11-06,Shipped,4,11,2003,Trucks and Buses,"Stylish Desk Decors, Co.",UK,EMEA,Medium
375,10184,37,100.0,4516.22,2003-11-14,Shipped,4,11,2003,Trucks and Buses,"Iberia Gift Imports, Corp.",Spain,EMEA,Medium
376,10195,49,100.0,6445.46,2003-11-25,Shipped,4,11,2003,Trucks and Buses,Mini Classics,USA,,Medium
377,10207,34,99.54,3384.36,2003-12-09,Shipped,4,12,2003,Trucks and Buses,Diecast Collectables,USA,,Medium
378,10219,48,100.0,4891.68,2004-02-10,Shipped,1,2,2004,Trucks and Buses,Signal Collectibles Ltd.,USA,,Medium
379,10229,36,100.0,4521.96,2004-03-11,Shipped,1,3,2004,Trucks and Buses,Mini Gifts Distributors Ltd.,USA,,Medium
380,10246,46,100.0,5069.66,2004-05-05,Shipped,2,5,2004,Trucks and Buses,Euro Shopping Channel,Spain,EMEA,Medium
381,10259,46,100.0,6541.2,2004-06-15,Shipped,2,6,2004,Trucks and Buses,Handji Gifts& Co,Singapore,APAC,Medium
382,10271,31,97.17,3012.27,2004-07-20,Shipped,3,7,2004,Trucks and Buses,Mini Gifts Distributors Ltd.,USA,,Medium
383,10281,41,100.0,5247.18,2004-08-19,Shipped,3,8,2004,Trucks and Buses,Diecast Classics Inc.,USA,,Medium
384,10292,21,100.0,2214.87,2004-09-08,Shipped,3,9,2004,Trucks and Buses,Land of Toys Inc.,USA,,Small
385,10305,38,100.0,4773.18,2004-10-13,Shipped,4,10,2004,Trucks and Buses,Marta's Replicas Co.,USA,,Medium
386,10314,45,100.0,6185.7,2004-10-22,Shipped,4,10,2004,Trucks and Buses,Heintze Collectables,Denmark,EMEA,Medium
387,10324,26,58.38,1517.88,2004-11-05,Shipped,4,11,2004,Trucks and Buses,Vitachrome Inc.,USA,,Small
388,10336,38,100.0,6372.6,2004-11-20,Shipped,4,11,2004,Trucks and Buses,"La Corne D'abondance, Co.",France,EMEA,Medium
389,10349,48,100.0,5232.96,2004-12-01,Shipped,4,12,2004,Trucks and Buses,Muscle Machine Inc,USA,,Medium
390,10358,42,64.16,2694.72,2004-12-10,Shipped,4,12,2004,Trucks and Buses,Euro Shopping Channel,Spain,EMEA,Small
391,10371,49,35.71,1749.79,2005-01-23,Shipped,1,1,2005,Trucks and Buses,Mini Gifts Distributors Ltd.,USA,,Small
392,10382,32,66.58,2130.56,2005-02-17,Shipped,1,2,2005,Trucks and Buses,Mini Gifts Distributors Ltd.,USA,,Small
393,10412,54,100.0,5951.34,2005-05-03,Shipped,2,5,2005,Trucks and Buses,Euro Shopping Channel,Spain,EMEA,Medium
394,10425,33,100.0,4692.6,2005-05-31,In Process,2,5,2005,Trucks and Buses,La Rochelle Gifts,France,EMEA,Medium
395,10108,36,100.0,3731.04,2003-03-03,Shipped,1,3,2003,Classic Cars,Cruz & Sons Co.,Philippines,Japan,Medium
396,10122,20,100.0,2142.0,2003-05-08,Shipped,2,5,2003,Classic Cars,Marseille Mini Autos,France,EMEA,Small
397,10135,29,97.89,2838.81,2003-07-02,Shipped,3,7,2003,Classic Cars,Mini Gifts Distributors Ltd.,USA,,Small
398,10147,33,97.89,3230.37,2003-09-05,Shipped,3,9,2003,Classic Cars,Collectables For Less Inc.,USA,,Medium
399,10160,50,100.0,5182.0,2003-10-11,Shipped,4,10,2003,Classic Cars,"Men 'R' US Retailers, Ltd.",USA,,Medium
400,10170,41,100.0,4391.1,2003-11-04,Shipped,4,11,2003,Classic Cars,Mini Auto Werke,Austria,EMEA,Medium
401,10181,36,100.0,4477.32,2003-11-12,Shipped,4,11,2003,Classic Cars,Herkku Gifts,Norway,EMEA,Medium
402,10192,27,100.0,3544.56,2003-11-20,Shipped,4,11,2003,Classic Cars,Online Diecast Creations Co.,USA,,Medium
403,10203,47,100.0,5195.85,2003-12-02,Shipped,4,12,2003,Classic Cars,Euro Shopping Channel,Spain,EMEA,Medium
404,10212,33,100.0,4180.44,2004-01-16,Shipped,1,1,2004,Classic Cars,Euro Shopping Channel,Spain,EMEA,Medium
405,10225,21,100.0,2684.43,2004-02-22,Shipped,1,2,2004,Classic Cars,"Vida Sport, Ltd",Switzerland,EMEA,Small
406,10239,21,93.28,1958.88,2004-04-12,Shipped,2,4,2004,Classic Cars,"Oulu Toy Supplies, Inc.",Finland,EMEA,Small
407,10253,41,100.0,4910.57,2004-06-01,Cancelled,2,6,2004,Classic Cars,"UK Collectables, Ltd.",UK,EMEA,Medium
408,10266,40,100.0,4468.4,2004-07-06,Shipped,3,7,2004,Classic Cars,L'ordine Souveniers,Italy,EMEA,Medium
409,10277,28,100.0,3127.88,2004-08-04,Shipped,3,8,2004,Classic Cars,"Dragon Souveniers, Ltd.",Singapore,Japan,Medium
410,10287,23,100.0,2675.13,2004-08-30,Shipped,3,8,2004,Classic Cars,"Vida Sport, Ltd",Switzerland,EMEA,Small
411,10300,23,100.0,2807.61,2003-10-04,Shipped,4,10,2003,Classic Cars,"Blauer See Auto, Co.",Germany,EMEA,Small
412,10310,25,100.0,2504.75,2004-10-16,Shipped,4,10,2004,Classic Cars,"Toms Spezialitten, Ltd",Germany,EMEA,Small
413,10321,24,100.0,2984.88,2004-11-04,Shipped,4,11,2004,Classic Cars,FunGiftIdeas.com,USA,,Small
414,10329,39,64.74,2524.86,2004-11-15,Shipped,4,11,2004,Classic Cars,Land of Toys Inc.,USA,,Small
415,10341,55,75.2,4136.0,2004-11-24,Shipped,4,11,2004,Classic Cars,Salzburg Collectables,Austria,EMEA,Medium
416,10363,46,88.45,4068.7,2005-01-06,Shipped,1,1,2005,Classic Cars,Suominen Souveniers,Finland,EMEA,Medium
417,10377,50,100.0,5182.0,2005-02-09,Shipped,1,2,2005,Classic Cars,"Toys of Finland, Co.",Finland,EMEA,Medium
418,10389,47,100.0,5243.79,2005-03-03,Shipped,1,3,2005,Classic Cars,Scandinavian Gift Ideas,Sweden,EMEA,Medium
419,10405,97,93.28,9048.16,2005-04-14,Shipped,2,4,2005,Classic Cars,Mini Caravy,France,EMEA,Large
420,10419,32,100.0,3832.64,2005-05-17,Shipped,2,5,2005,Classic Cars,Salzburg Collectables,Austria,EMEA,Medium
421,10103,35,100.0,3920.0,2003-01-29,Shipped,1,1,2003,Trucks and Buses,Baane Mini Imports,Norway,EMEA,Medium
422,10113,49,100.0,4916.66,2003-03-26,Shipped,1,3,2003,Trucks and Buses,Mini Gifts Distributors Ltd.,USA,,Medium
423,10126,38,100.0,3857.0,2003-05-28,Shipped,2,5,2003,Trucks and Buses,"Corrida Auto Replicas, Ltd",Spain,EMEA,Medium
424,10140,32,100.0,4181.44,2003-07-24,Shipped,3,7,2003,Trucks and Buses,Technics Stores Inc.,USA,,Medium
425,10150,34,100.0,4641.0,2003-09-19,Shipped,3,9,2003,Trucks and Buses,"Dragon Souveniers, Ltd.",Singapore,Japan,Medium
426,10164,36,99.17,3570.12,2003-10-21,Resolved,4,10,2003,Trucks and Buses,Mini Auto Werke,Austria,EMEA,Medium
427,10174,48,93.34,4480.32,2003-11-06,Shipped,4,11,2003,Trucks and Buses,"Australian Gift Network, Co",Australia,APAC,Medium
428,10183,21,96.84,2033.64,2003-11-13,Shipped,4,11,2003,Trucks and Buses,"Classic Gift Ideas, Inc",USA,,Small
429,10194,21,93.34,1960.14,2003-11-25,Shipped,4,11,2003,Trucks and Buses,"Saveley & Henriot, Co.",France,EMEA,Small
430,10206,34,100.0,3966.78,2003-12-05,Shipped,4,12,2003,Trucks and Buses,Canadian Gift Exchange Network,Canada,,Medium
431,10215,46,100.0,5152.0,2004-01-29,Shipped,1,1,2004,Trucks and Buses,West Coast Collectables Co.,USA,,Medium
432,10228,32,100.0,3360.0,2004-03-10,Shipped,1,3,2004,Trucks and Buses,Cambridge Collectables Co.,USA,,Medium
433,10245,29,100.0,3451.0,2004-05-04,Shipped,2,5,2004,Trucks and Buses,Super Scale Inc.,USA,,Medium
434,10258,41,100.0,5453.0,2004-06-15,Shipped,2,6,2004,Trucks and Buses,"Tokyo Collectables, Ltd",Japan,Japan,Medium
435,10270,43,96.84,4164.12,2004-07-19,Shipped,3,7,2004,Trucks and Buses,Souveniers And Things Co.,Australia,APAC,Medium
436,10280,24,100.0,2800.08,2004-08-17,Shipped,3,8,2004,Trucks and Buses,Amica Models & Co.,Italy,EMEA,Small
437,10291,41,100.0,4687.94,2004-09-08,Shipped,3,9,2004,Trucks and Buses,Scandinavian Gift Ideas,Sweden,EMEA,Medium
438,10304,46,98.0,4508.0,2004-10-11,Shipped,4,10,2004,Trucks and Buses,Auto Assoc. & Cie.,France,EMEA,Medium
439,10312,32,100.0,4181.44,2004-10-21,Shipped,4,10,2004,Trucks and Buses,Mini Gifts Distributors Ltd.,USA,,Medium
440,10322,22,100.0,2251.04,2004-11-04,Shipped,4,11,2004,Trucks and Buses,Online Diecast Creations Co.,USA,,Small
441,10333,29,40.25,1167.25,2004-11-18,Shipped,4,11,2004,Trucks and Buses,Mini Wheels Co.,USA,,Small
442,10347,42,49.6,2083.2,2004-11-29,Shipped,4,11,2004,Trucks and Buses,"Australian Collectors, Co.",Australia,APAC,Small
443,10357,39,98.0,3822.0,2004-12-10,Shipped,4,12,2004,Trucks and Buses,Mini Gifts Distributors Ltd.,USA,,Medium
444,10370,27,100.0,3911.49,2005-01-20,Shipped,1,1,2005,Trucks and Buses,"Anna's Decorations, Ltd",Australia,APAC,Medium
445,10381,48,98.0,4704.0,2005-02-17,Shipped,1,2,2005,Trucks and Buses,Corporate Gift Ideas Co.,USA,,Medium
446,10391,29,85.1,2467.9,2005-03-09,Shipped,1,3,2005,Trucks and Buses,"Anna's Decorations, Ltd",Australia,APAC,Small
447,10411,27,100.0,3213.0,2005-05-01,Shipped,2,5,2005,Trucks and Buses,Quebec Home Shopping Network,Canada,,Medium
448,10424,54,100.0,7182.0,2005-05-31,In Process,2,5,2005,Trucks and Buses,Euro Shopping Channel,Spain,EMEA,Large
449,10109,26,100.0,4379.18,2003-03-10,Shipped,1,3,2003,Classic Cars,Motor Mint Distributors Inc.,USA,,Medium
450,10122,34,100.0,5004.8,2003-05-08,Shipped,2,5,2003,Classic Cars,Marseille Mini Autos,France,EMEA,Medium
451,10136,25,100.0,3644.75,2003-07-04,Shipped,3,7,2003,Classic Cars,Alpha Cognac,France,EMEA,Medium
452,10148,23,100.0,2702.04,2003-09-11,Shipped,3,9,2003,Classic Cars,"Anna's Decorations, Ltd",Australia,APAC,Small
453,10161,28,100.0,3764.88,2003-10-17,Shipped,4,10,2003,Classic Cars,Heintze Collectables,Denmark,EMEA,Medium
454,10171,35,100.0,4508.0,2003-11-05,Shipped,4,11,2003,Classic Cars,Quebec Home Shopping Network,Canada,,Medium
455,10181,44,100.0,5418.16,2003-11-12,Shipped,4,11,2003,Classic Cars,Herkku Gifts,Norway,EMEA,Medium
456,10192,22,100.0,3300.66,2003-11-20,Shipped,4,11,2003,Classic Cars,Online Diecast Creations Co.,USA,,Medium
457,10204,42,100.0,6182.4,2003-12-02,Shipped,4,12,2003,Classic Cars,Muscle Machine Inc,USA,,Medium
458,10212,29,100.0,4186.73,2004-01-16,Shipped,1,1,2004,Classic Cars,Euro Shopping Channel,Spain,EMEA,Medium
459,10225,32,100.0,4529.28,2004-02-22,Shipped,1,2,2004,Classic Cars,"Vida Sport, Ltd",Switzerland,EMEA,Medium
460,10240,41,100.0,5628.89,2004-04-13,Shipped,2,4,2004,Classic Cars,Osaka Souveniers Co.,Japan,Japan,Medium
461,10253,26,100.0,3054.48,2004-06-01,Cancelled,2,6,2004,Classic Cars,"UK Collectables, Ltd.",UK,EMEA,Medium
462,10266,21,100.0,2526.51,2004-07-06,Shipped,3,7,2004,Classic Cars,L'ordine Souveniers,Italy,EMEA,Small
463,10278,34,100.0,4667.86,2004-08-06,Shipped,3,8,2004,Classic Cars,Signal Gift Stores,USA,,Medium
464,10287,41,100.0,6499.32,2004-08-30,Shipped,3,8,2004,Classic Cars,"Vida Sport, Ltd",Switzerland,EMEA,Medium
465,10301,37,100.0,5917.78,2003-10-05,Shipped,4,10,2003,Classic Cars,"Norway Gifts By Mail, Co.",Norway,EMEA,Medium
466,10310,37,100.0,6231.91,2004-10-16,Shipped,4,10,2004,Classic Cars,"Toms Spezialitten, Ltd",Germany,EMEA,Medium
467,10321,41,100.0,5803.14,2004-11-04,Shipped,4,11,2004,Classic Cars,FunGiftIdeas.com,USA,,Medium
468,10331,46,100.0,6434.02,2004-11-17,Shipped,4,11,2004,Classic Cars,Motor Mint Distributors Inc.,USA,,Medium
469,10342,40,100.0,6454.4,2004-11-24,Shipped,4,11,2004,Classic Cars,"Australian Collectors, Co.",Australia,APAC,Medium
470,10356,43,97.6,4196.8,2004-12-09,Shipped,4,12,2004,Classic Cars,Lyon Souveniers,France,EMEA,Medium
471,10365,30,87.06,2611.8,2005-01-07,Shipped,1,1,2005,Classic Cars,Mini Creations Ltd.,USA,,Small
472,10377,35,100.0,5895.05,2005-02-09,Shipped,1,2,2005,Classic Cars,"Toys of Finland, Co.",Finland,EMEA,Medium
473,10390,36,93.77,3375.72,2005-03-04,Shipped,1,3,2005,Classic Cars,Mini Gifts Distributors Ltd.,USA,,Medium
474,10406,61,100.0,8374.69,2005-04-15,Disputed,2,4,2005,Classic Cars,Danish Wholesale Imports,Denmark,EMEA,Large
475,10419,38,100.0,4464.24,2005-05-17,Shipped,2,5,2005,Classic Cars,Salzburg Collectables,Austria,EMEA,Medium
476,10102,39,100.0,4808.31,2003-01-10,Shipped,1,1,2003,Vintage Cars,Vitachrome Inc.,USA,,Medium
477,10111,33,99.66,3288.78,2003-03-25,Shipped,1,3,2003,Vintage Cars,Mini Wheels Co.,USA,,Medium
478,10125,32,100.0,3254.72,2003-05-21,Shipped,2,5,2003,Vintage Cars,"Australian Collectors, Co.",Australia,APAC,Medium
479,10139,31,100.0,3184.94,2003-07-16,Shipped,3,7,2003,Vintage Cars,Souveniers And Things Co.,Australia,APAC,Medium
480,10149,50,100.0,5907.5,2003-09-12,Shipped,3,9,2003,Vintage Cars,Signal Collectibles Ltd.,USA,,Medium
481,10162,48,91.44,4389.12,2003-10-18,Shipped,4,10,2003,Vintage Cars,Corporate Gift Ideas Co.,USA,,Medium
482,10173,43,100.0,5036.16,2003-11-05,Shipped,4,11,2003,Vintage Cars,Rovelli Gifts,Italy,EMEA,Medium
483,10182,25,87.33,2183.25,2003-11-12,Shipped,4,11,2003,Vintage Cars,Mini Gifts Distributors Ltd.,USA,,Small
484,10193,28,100.0,3106.88,2003-11-21,Shipped,4,11,2003,Vintage Cars,"Australian Collectables, Ltd",Australia,APAC,Medium
485,10205,36,100.0,3735.72,2003-12-03,Shipped,4,12,2003,Vintage Cars,Euro Shopping Channel,Spain,EMEA,Medium
486,10215,27,89.38,2413.26,2004-01-29,Shipped,1,1,2004,Vintage Cars,West Coast Collectables Co.,USA,,Small
487,10227,25,100.0,2953.75,2004-03-02,Shipped,1,3,2004,Vintage Cars,"Saveley & Henriot, Co.",France,EMEA,Small
488,10244,40,100.0,4684.8,2004-04-29,Shipped,2,4,2004,Vintage Cars,Euro Shopping Channel,Spain,EMEA,Medium
489,10256,34,95.55,3248.7,2004-06-08,Shipped,2,6,2004,Vintage Cars,Danish Wholesale Imports,Denmark,EMEA,Medium
490,10280,50,100.0,5239.5,2004-08-17,Shipped,3,8,2004,Vintage Cars,Amica Models & Co.,Italy,EMEA,Medium
491,10289,38,100.0,4567.98,2004-09-03,Shipped,3,9,2004,Vintage Cars,Herkku Gifts,Norway,EMEA,Medium
492,10304,37,95.55,3535.35,2004-10-11,Shipped,4,10,2004,Vintage Cars,Auto Assoc. & Cie.,France,EMEA,Medium
493,10312,43,89.38,3843.34,2004-10-21,Shipped,4,10,2004,Vintage Cars,Mini Gifts Distributors Ltd.,USA,,Medium
494,10322,43,86.3,3710.9,2004-11-04,Shipped,4,11,2004,Vintage Cars,Online Diecast Creations Co.,USA,,Medium
495,10332,46,95.13,4375.98,2004-11-17,Shipped,4,11,2004,Vintage Cars,"AV Stores, Co.",UK,EMEA,Medium
496,10346,42,36.11,1516.62,2004-11-29,Shipped,4,11,2004,Vintage Cars,Signal Gift Stores,USA,,Small
497,10356,50,50.18,2509.0,2004-12-09,Shipped,4,12,2004,Vintage Cars,Lyon Souveniers,France,EMEA,Small
498,10369,44,100.0,9240.44,2005-01-20,Shipped,1,1,2005,Vintage Cars,Collectables For Less Inc.,USA,,Large
499,10380,27,93.16,2515.32,2005-02-16,Shipped,1,2,2005,Vintage Cars,Euro Shopping Channel,Spain,EMEA,Small
500,10391,35,100.0,5548.9,2005-03-09,Shipped,1,3,2005,Vintage Cars,"Anna's Decorations, Ltd",Australia,APAC,Medium
501,10422,51,95.55,4873.05,2005-05-30,In Process,2,5,2005,Vintage Cars,Diecast Classics Inc.,USA,,Medium
502,10102,41,50.14,2055.74,2003-01-10,Shipped,1,1,2003,Vintage Cars,Vitachrome Inc.,USA,,Small
503,10111,48,49.06,2354.88,2003-03-25,Shipped,1,3,2003,Vintage Cars,Mini Wheels Co.,USA,,Small
504,10126,42,54.99,2309.58,2003-05-28,Shipped,2,5,2003,Vintage Cars,"Corrida Auto Replicas, Ltd",Spain,EMEA,Small
505,10139,49,43.13,2113.37,2003-07-16,Shipped,3,7,2003,Vintage Cars,Souveniers And Things Co.,Australia,APAC,Small
506,10149,30,58.22,1746.6,2003-09-12,Shipped,3,9,2003,Vintage Cars,Signal Collectibles Ltd.,USA,,Small
507,10162,45,51.21,2304.45,2003-10-18,Shipped,4,10,2003,Vintage Cars,Corporate Gift Ideas Co.,USA,,Small
508,10173,48,44.21,2122.08,2003-11-05,Shipped,4,11,2003,Vintage Cars,Rovelli Gifts,Italy,EMEA,Small
509,10182,32,54.45,1742.4,2003-11-12,Shipped,4,11,2003,Vintage Cars,Mini Gifts Distributors Ltd.,USA,,Small
510,10193,46,53.37,2455.02,2003-11-21,Shipped,4,11,2003,Vintage Cars,"Australian Collectables, Ltd",Australia,APAC,Small
511,10205,48,63.61,3053.28,2003-12-03,Shipped,4,12,2003,Vintage Cars,Euro Shopping Channel,Spain,EMEA,Medium
512,10215,33,43.13,1423.29,2004-01-29,Shipped,1,1,2004,Vintage Cars,West Coast Collectables Co.,USA,,Small
513,10227,31,48.52,1504.12,2004-03-02,Shipped,1,3,2004,Vintage Cars,"Saveley & Henriot, Co.",France,EMEA,Small
514,10244,20,58.22,1164.4,2004-04-29,Shipped,2,4,2004,Vintage Cars,Euro Shopping Channel,Spain,EMEA,Small
515,10256,29,51.75,1500.75,2004-06-08,Shipped,2,6,2004,Vintage Cars,Danish Wholesale Imports,Denmark,EMEA,Small
516,10280,27,57.68,1557.36,2004-08-17,Shipped,3,8,2004,Vintage Cars,Amica Models & Co.,Italy,EMEA,Small
517,10289,24,56.07,1345.68,2004-09-03,Shipped,3,9,2004,Vintage Cars,Herkku Gifts,Norway,EMEA,Small
518,10304,37,48.52,1795.24,2004-10-11,Shipped,4,10,2004,Vintage Cars,Auto Assoc. & Cie.,France,EMEA,Small
519,10312,25,44.21,1105.25,2004-10-21,Shipped,4,10,2004,Vintage Cars,Mini Gifts Distributors Ltd.,USA,,Small
520,10322,41,57.68,2364.88,2004-11-04,Shipped,4,11,2004,Vintage Cars,Online Diecast Creations Co.,USA,,Small
521,10332,27,89.89,2427.03,2004-11-17,Shipped,4,11,2004,Vintage Cars,"AV Stores, Co.",UK,EMEA,Small
522,10347,21,58.95,1237.95,2004-11-29,Shipped,4,11,2004,Vintage Cars,"Australian Collectors, Co.",Australia,APAC,Small
523,10356,22,72.41,1593.02,2004-12-09,Shipped,4,12,2004,Vintage Cars,Lyon Souveniers,France,EMEA,Small
524,10369,32,98.63,3156.16,2005-01-20,Shipped,1,1,2005,Vintage Cars,Collectables For Less Inc.,USA,,Medium
525,10381,25,52.83,1320.75,2005-02-17,Shipped,1,2,2005,Vintage Cars,Corporate Gift Ideas Co.,USA,,Small
526,10391,42,100.0,4998.0,2005-03-09,Shipped,1,3,2005,Vintage Cars,"Anna's Decorations, Ltd",Australia,APAC,Medium
527,10422,25,51.75,1293.75,2005-05-30,In Process,2,5,2005,Vintage Cars,Diecast Classics Inc.,USA,,Small
528,10110,37,100.0,5433.08,2003-03-18,Shipped,1,3,2003,Classic Cars,"AV Stores, Co.",UK,EMEA,Medium
529,10123,26,100.0,3073.72,2003-05-20,Shipped,2,5,2003,Classic Cars,Atelier graphique,France,EMEA,Medium
530,10137,44,99.55,4380.2,2003-07-10,Shipped,3,7,2003,Classic Cars,Reims Collectables,France,EMEA,Medium
531,10148,47,100.0,5848.68,2003-09-11,Shipped,3,9,2003,Classic Cars,"Anna's Decorations, Ltd",Australia,APAC,Medium
532,10161,43,100.0,6153.73,2003-10-17,Shipped,4,10,2003,Classic Cars,Heintze Collectables,Denmark,EMEA,Medium
533,10172,42,100.0,4965.24,2003-11-05,Shipped,4,11,2003,Classic Cars,Gift Depot Inc.,USA,,Medium
534,10181,42,100.0,5435.64,2003-11-12,Shipped,4,11,2003,Classic Cars,Herkku Gifts,Norway,EMEA,Medium
535,10192,29,100.0,4258.36,2003-11-20,Shipped,4,11,2003,Classic Cars,Online Diecast Creations Co.,USA,,Medium
536,10204,40,100.0,4032.0,2003-12-02,Shipped,4,12,2003,Classic Cars,Muscle Machine Inc,USA,,Medium
537,10212,38,100.0,4492.36,2004-01-16,Shipped,1,1,2004,Classic Cars,Euro Shopping Channel,Spain,EMEA,Medium
538,10226,38,100.0,4161.38,2004-02-26,Shipped,1,2,2004,Classic Cars,Collectable Mini Designs Co.,USA,,Medium
539,10241,21,100.0,2508.66,2004-04-13,Shipped,2,4,2004,Classic Cars,Mini Caravy,France,EMEA,Small
540,10253,24,100.0,3374.88,2004-06-01,Cancelled,2,6,2004,Classic Cars,"UK Collectables, Ltd.",UK,EMEA,Medium
541,10266,36,100.0,5196.6,2004-07-06,Shipped,3,7,2004,Classic Cars,L'ordine Souveniers,Italy,EMEA,Medium
542,10278,23,100.0,2604.52,2004-08-06,Shipped,3,8,2004,Classic Cars,Signal Gift Stores,USA,,Small
543,10288,20,100.0,2936.8,2004-09-01,Shipped,3,9,2004,Classic Cars,Handji Gifts& Co,Singapore,APAC,Small
544,10301,32,100.0,3424.64,2003-10-05,Shipped,4,10,2003,Classic Cars,"Norway Gifts By Mail, Co.",Norway,EMEA,Medium
545,10311,29,100.0,2923.2,2004-10-16,Shipped,4,10,2004,Classic Cars,Euro Shopping Channel,Spain,EMEA,Small
546,10321,44,100.0,4489.76,2004-11-04,Shipped,4,11,2004,Classic Cars,FunGiftIdeas.com,USA,,Medium
547,10331,44,100.0,4849.24,2004-11-17,Shipped,4,11,2004,Classic Cars,Motor Mint Distributors Inc.,USA,,Medium
548,10343,36,100.0,5848.92,2004-11-24,Shipped,4,11,2004,Classic Cars,Reims Collectables,France,EMEA,Medium
549,10367,49,56.3,2758.7,2005-01-12,Resolved,1,1,2005,Classic Cars,Toys4GrownUps.com,USA,,Small
550,10378,34,42.64,1449.76,2005-02-10,Shipped,1,2,2005,Classic Cars,Euro Shopping Channel,Spain,EMEA,Small
551,10407,59,100.0,7048.14,2005-04-22,On Hold,2,4,2005,Classic Cars,The Sharp Gifts Warehouse,USA,,Large
552,10419,37,100.0,5202.94,2005-05-17,Shipped,2,5,2005,Classic Cars,Salzburg Collectables,Austria,EMEA,Medium
553,10106,36,100.0,5279.4,2003-02-17,Shipped,1,2,2003,Planes,Rovelli Gifts,Italy,EMEA,Medium
554,10119,43,100.0,6916.12,2003-04-28,Shipped,2,4,2003,Planes,Salzburg Collectables,Austria,EMEA,Medium
555,10131,21,100.0,2781.66,2003-06-16,Shipped,2,6,2003,Planes,Gift Ideas Corp.,USA,,Small
556,10143,32,100.0,5248.0,2003-08-10,Shipped,3,8,2003,Planes,Mini Creations Ltd.,USA,,Medium
557,10155,38,100.0,6531.44,2003-10-06,Shipped,4,10,2003,Planes,"Toys of Finland, Co.",Finland,EMEA,Medium
558,10167,43,100.0,5763.72,2003-10-23,Cancelled,4,10,2003,Planes,Scandinavian Gift Ideas,Sweden,EMEA,Medium
559,10178,42,100.0,6490.68,2003-11-08,Shipped,4,11,2003,Planes,Alpha Cognac,France,EMEA,Medium
560,10186,32,100.0,6004.8,2003-11-14,Shipped,4,11,2003,Planes,"Double Decker Gift Stores, Ltd",UK,EMEA,Medium
561,10198,42,100.0,7483.98,2003-11-27,Shipped,4,11,2003,Planes,Cruz & Sons Co.,Philippines,Japan,Large
562,10210,31,100.0,5719.5,2004-01-12,Shipped,1,1,2004,Planes,Osaka Souveniers Co.,Japan,Japan,Medium
563,10222,49,100.0,6954.08,2004-02-19,Shipped,1,2,2004,Planes,Collectable Mini Designs Co.,USA,,Medium
564,10250,45,100.0,8160.3,2004-05-11,Shipped,2,5,2004,Planes,The Sharp Gifts Warehouse,USA,,Large
565,10262,49,100.0,6567.96,2004-06-24,Cancelled,2,6,2004,Planes,Euro Shopping Channel,Spain,EMEA,Medium
566,10274,41,100.0,6724.0,2004-07-21,Shipped,3,7,2004,Planes,Collectables For Less Inc.,USA,,Medium
567,10284,45,100.0,5747.85,2004-08-21,Shipped,3,8,2004,Planes,"Norway Gifts By Mail, Co.",Norway,EMEA,Medium
568,10296,36,100.0,5676.84,2004-09-15,Shipped,3,9,2004,Planes,"Bavarian Collectables Imports, Co.",Germany,EMEA,Medium
569,10307,39,100.0,7379.97,2004-10-14,Shipped,4,10,2004,Planes,"Classic Gift Ideas, Inc",USA,,Large
570,10316,27,100.0,3704.13,2004-11-01,Shipped,4,11,2004,Planes,giftsbymail.co.uk,UK,EMEA,Medium
571,10327,25,100.0,2804.75,2004-11-10,Resolved,4,11,2004,Planes,Danish Wholesale Imports,Denmark,EMEA,Small
572,10338,41,100.0,5624.79,2004-11-22,Shipped,4,11,2004,Planes,Royale Belge,Belgium,EMEA,Medium
573,10351,39,99.52,3881.28,2004-12-03,Shipped,4,12,2004,Planes,"Stylish Desk Decors, Co.",UK,EMEA,Medium
574,10373,28,57.55,1611.4,2005-01-31,Shipped,1,1,2005,Planes,"Oulu Toy Supplies, Inc.",Finland,EMEA,Small
575,10386,25,54.57,1364.25,2005-03-01,Resolved,1,3,2005,Planes,Euro Shopping Channel,Spain,EMEA,Small
576,10398,33,100.0,4215.09,2005-03-30,Shipped,1,3,2005,Planes,Reims Collectables,France,EMEA,Medium
577,10400,34,100.0,6433.82,2005-04-01,Shipped,2,4,2005,Planes,The Sharp Gifts Warehouse,USA,,Medium
578,10416,24,100.0,4352.16,2005-05-10,Shipped,2,5,2005,Planes,L'ordine Souveniers,Italy,EMEA,Medium
579,10100,30,100.0,5151.0,2003-01-06,Shipped,1,1,2003,Vintage Cars,Online Diecast Creations Co.,USA,,Medium
580,10110,42,100.0,6069.0,2003-03-18,Shipped,1,3,2003,Vintage Cars,"AV Stores, Co.",UK,EMEA,Medium
581,10124,21,100.0,2856.0,2003-05-21,Shipped,2,5,2003,Vintage Cars,Signal Gift Stores,USA,,Small
582,10149,34,100.0,5375.4,2003-09-12,Shipped,3,9,2003,Vintage Cars,Signal Collectibles Ltd.,USA,,Medium
583,10162,29,100.0,5176.5,2003-10-18,Shipped,4,10,2003,Vintage Cars,Corporate Gift Ideas Co.,USA,,Medium
584,10173,24,100.0,3508.8,2003-11-05,Shipped,4,11,2003,Vintage Cars,Rovelli Gifts,Italy,EMEA,Medium
585,10182,44,100.0,7554.8,2003-11-12,Shipped,4,11,2003,Vintage Cars,Mini Gifts Distributors Ltd.,USA,,Large
586,10193,21,100.0,3141.6,2003-11-21,Shipped,4,11,2003,Vintage Cars,"Australian Collectables, Ltd",Australia,APAC,Medium
587,10204,33,100.0,5890.5,2003-12-02,Shipped,4,12,2003,Vintage Cars,Muscle Machine Inc,USA,,Medium
588,10214,30,100.0,5967.0,2004-01-26,Shipped,1,1,2004,Vintage Cars,"Corrida Auto Replicas, Ltd",Spain,EMEA,Medium
589,10227,26,100.0,3712.8,2004-03-02,Shipped,1,3,2004,Vintage Cars,"Saveley & Henriot, Co.",France,EMEA,Medium
590,10241,41,100.0,7597.3,2004-04-13,Shipped,2,4,2004,Vintage Cars,Mini Caravy,France,EMEA,Large
591,10280,26,100.0,3668.6,2004-08-17,Shipped,3,8,2004,Vintage Cars,Amica Models & Co.,Italy,EMEA,Medium
592,10288,32,100.0,5875.2,2004-09-01,Shipped,3,9,2004,Vintage Cars,Handji Gifts& Co,Singapore,APAC,Medium
593,10302,43,100.0,7310.0,2003-10-06,Shipped,4,10,2003,Vintage Cars,"UK Collectables, Ltd.",UK,EMEA,Large
594,10312,48,100.0,8078.4,2004-10-21,Shipped,4,10,2004,Vintage Cars,Mini Gifts Distributors Ltd.,USA,,Large
595,10331,44,74.04,3257.76,2004-11-17,Shipped,4,11,2004,Vintage Cars,Motor Mint Distributors Inc.,USA,,Medium
596,10344,45,100.0,7650.0,2004-11-25,Shipped,4,11,2004,Vintage Cars,Marseille Mini Autos,France,EMEA,Large
597,10367,37,100.0,4703.81,2005-01-12,Resolved,1,1,2005,Vintage Cars,Toys4GrownUps.com,USA,,Medium
598,10379,39,100.0,5399.55,2005-02-10,Shipped,1,2,2005,Vintage Cars,Euro Shopping Channel,Spain,EMEA,Medium
599,10407,76,100.0,14082.8,2005-04-22,On Hold,2,4,2005,Vintage Cars,The Sharp Gifts Warehouse,USA,,Large
600,10420,37,100.0,5283.6,2005-05-29,In Process,2,5,2005,Vintage Cars,Souveniers And Things Co.,Australia,APAC,Medium
601,10108,38,82.39,3130.82,2003-03-03,Shipped,1,3,2003,Classic Cars,Cruz & Sons Co.,Philippines,Japan,Medium
602,10122,43,72.38,3112.34,2003-05-08,Shipped,2,5,2003,Classic Cars,Marseille Mini Autos,France,EMEA,Medium
603,10135,48,79.31,3806.88,2003-07-02,Shipped,3,7,2003,Classic Cars,Mini Gifts Distributors Ltd.,USA,,Medium
604,10147,26,82.39,2142.14,2003-09-05,Shipped,3,9,2003,Classic Cars,Collectables For Less Inc.,USA,,Small
605,10160,38,88.55,3364.9,2003-10-11,Shipped,4,10,2003,Classic Cars,"Men 'R' US Retailers, Ltd.",USA,,Medium
606,10170,20,63.14,1262.8,2003-11-04,Shipped,4,11,2003,Classic Cars,Mini Auto Werke,Austria,EMEA,Small
607,10181,22,73.92,1626.24,2003-11-12,Shipped,4,11,2003,Classic Cars,Herkku Gifts,Norway,EMEA,Small
608,10192,45,90.86,4088.7,2003-11-20,Shipped,4,11,2003,Classic Cars,Online Diecast Creations Co.,USA,,Medium
609,10203,45,85.47,3846.15,2003-12-02,Shipped,4,12,2003,Classic Cars,Euro Shopping Channel,Spain,EMEA,Medium
610,10212,20,66.99,1339.8,2004-01-16,Shipped,1,1,2004,Classic Cars,Euro Shopping Channel,Spain,EMEA,Small
611,10225,47,64.68,3039.96,2004-02-22,Shipped,1,2,2004,Classic Cars,"Vida Sport, Ltd",Switzerland,EMEA,Medium
612,10239,46,73.92,3400.32,2004-04-12,Shipped,2,4,2004,Classic Cars,"Oulu Toy Supplies, Inc.",Finland,EMEA,Medium
613,10253,23,83.93,1930.39,2004-06-01,Cancelled,2,6,2004,Classic Cars,"UK Collectables, Ltd.",UK,EMEA,Small
614,10266,33,74.69,2464.77,2004-07-06,Shipped,3,7,2004,Classic Cars,L'ordine Souveniers,Italy,EMEA,Small
615,10278,29,90.86,2634.94,2004-08-06,Shipped,3,8,2004,Classic Cars,Signal Gift Stores,USA,,Small
616,10287,44,82.39,3625.16,2004-08-30,Shipped,3,8,2004,Classic Cars,"Vida Sport, Ltd",Switzerland,EMEA,Medium
617,10300,41,92.4,3788.4,2003-10-04,Shipped,4,10,2003,Classic Cars,"Blauer See Auto, Co.",Germany,EMEA,Medium
618,10310,20,91.63,1832.6,2004-10-16,Shipped,4,10,2004,Classic Cars,"Toms Spezialitten, Ltd",Germany,EMEA,Small
619,10321,37,78.54,2905.98,2004-11-04,Shipped,4,11,2004,Classic Cars,FunGiftIdeas.com,USA,,Small
620,10329,29,100.0,2954.81,2004-11-15,Shipped,4,11,2004,Classic Cars,Land of Toys Inc.,USA,,Small
621,10342,55,65.45,3599.75,2004-11-24,Shipped,4,11,2004,Classic Cars,"Australian Collectors, Co.",Australia,APAC,Medium
622,10363,22,100.0,3686.54,2005-01-06,Shipped,1,1,2005,Classic Cars,Suominen Souveniers,Finland,EMEA,Medium
623,10377,31,67.76,2100.56,2005-02-09,Shipped,1,2,2005,Classic Cars,"Toys of Finland, Co.",Finland,EMEA,Small
624,10389,49,79.22,3881.78,2005-03-03,Shipped,1,3,2005,Classic Cars,Scandinavian Gift Ideas,Sweden,EMEA,Medium
625,10405,61,73.92,4509.12,2005-04-14,Shipped,2,4,2005,Classic Cars,Mini Caravy,France,EMEA,Medium
626,10419,39,83.93,3273.27,2005-05-17,Shipped,2,5,2005,Classic Cars,Salzburg Collectables,Austria,EMEA,Medium
627,10109,38,100.0,4432.7,2003-03-10,Shipped,1,3,2003,Classic Cars,Motor Mint Distributors Inc.,USA,,Medium
628,10122,31,100.0,4100.99,2003-05-08,Shipped,2,5,2003,Classic Cars,Marseille Mini Autos,France,EMEA,Medium
629,10136,36,100.0,5274.72,2003-07-04,Shipped,3,7,2003,Classic Cars,Alpha Cognac,France,EMEA,Medium
630,10148,25,100.0,4232.0,2003-09-11,Shipped,3,9,2003,Classic Cars,"Anna's Decorations, Ltd",Australia,APAC,Medium
631,10161,48,100.0,6145.44,2003-10-17,Shipped,4,10,2003,Classic Cars,Heintze Collectables,Denmark,EMEA,Medium
632,10171,35,100.0,4680.2,2003-11-05,Shipped,4,11,2003,Classic Cars,Quebec Home Shopping Network,Canada,,Medium
633,10181,21,100.0,3286.08,2003-11-12,Shipped,4,11,2003,Classic Cars,Herkku Gifts,Norway,EMEA,Medium
634,10192,47,100.0,7421.3,2003-11-20,Shipped,4,11,2003,Classic Cars,Online Diecast Creations Co.,USA,,Large
635,10204,38,100.0,6432.64,2003-12-02,Shipped,4,12,2003,Classic Cars,Muscle Machine Inc,USA,,Medium
636,10212,41,100.0,4840.87,2004-01-16,Shipped,1,1,2004,Classic Cars,Euro Shopping Channel,Spain,EMEA,Medium
637,10226,24,100.0,3892.08,2004-02-26,Shipped,1,2,2004,Classic Cars,Collectable Mini Designs Co.,USA,,Medium
638,10240,37,100.0,5526.32,2004-04-13,Shipped,2,4,2004,Classic Cars,Osaka Souveniers Co.,Japan,Japan,Medium
639,10253,33,100.0,4459.62,2004-06-01,Cancelled,2,6,2004,Classic Cars,"UK Collectables, Ltd.",UK,EMEA,Medium
640,10266,49,100.0,6203.4,2004-07-06,Shipped,3,7,2004,Classic Cars,L'ordine Souveniers,Italy,EMEA,Medium
641,10278,29,100.0,3754.05,2004-08-06,Shipped,3,8,2004,Classic Cars,Signal Gift Stores,USA,,Medium
642,10287,24,100.0,3516.48,2004-08-30,Shipped,3,8,2004,Classic Cars,"Vida Sport, Ltd",Switzerland,EMEA,Medium
643,10301,47,100.0,7488.04,2003-10-05,Shipped,4,10,2003,Classic Cars,"Norway Gifts By Mail, Co.",Norway,EMEA,Large
644,10310,24,100.0,3448.08,2004-10-16,Shipped,4,10,2004,Classic Cars,"Toms Spezialitten, Ltd",Germany,EMEA,Medium
645,10321,25,100.0,3734.0,2004-11-04,Shipped,4,11,2004,Classic Cars,FunGiftIdeas.com,USA,,Medium
646,10331,30,32.47,974.1,2004-11-17,Shipped,4,11,2004,Classic Cars,Motor Mint Distributors Inc.,USA,,Small
647,10342,22,100.0,3160.74,2004-11-24,Shipped,4,11,2004,Classic Cars,"Australian Collectors, Co.",Australia,APAC,Medium
648,10356,27,64.69,1746.63,2004-12-09,Shipped,4,12,2004,Classic Cars,Lyon Souveniers,France,EMEA,Small
649,10366,34,100.0,4207.84,2005-01-10,Shipped,1,1,2005,Classic Cars,Royale Belge,Belgium,EMEA,Medium
650,10377,36,100.0,4352.76,2005-02-09,Shipped,1,2,2005,Classic Cars,"Toys of Finland, Co.",Finland,EMEA,Medium
651,10390,34,43.05,1463.7,2005-03-04,Shipped,1,3,2005,Classic Cars,Mini Gifts Distributors Ltd.,USA,,Small
652,10406,48,100.0,7169.28,2005-04-15,Disputed,2,4,2005,Classic Cars,Danish Wholesale Imports,Denmark,EMEA,Large
653,10419,34,100.0,4594.76,2005-05-17,Shipped,2,5,2005,Classic Cars,Salzburg Collectables,Austria,EMEA,Medium
654,10104,24,100.0,3457.92,2003-01-31,Shipped,1,1,2003,Classic Cars,Euro Shopping Channel,Spain,EMEA,Medium
655,10115,46,100.0,7381.16,2003-04-04,Shipped,2,4,2003,Classic Cars,Classic Legends Inc.,USA,,Large
656,10127,45,100.0,7146.9,2003-06-03,Shipped,2,6,2003,Classic Cars,Muscle Machine Inc,USA,,Large
657,10141,39,100.0,5938.53,2003-08-01,Shipped,3,8,2003,Classic Cars,Suominen Souveniers,Finland,EMEA,Medium
658,10151,43,100.0,7110.91,2003-09-21,Shipped,3,9,2003,Classic Cars,"Oulu Toy Supplies, Inc.",Finland,EMEA,Large
659,10165,29,100.0,5032.95,2003-10-22,Shipped,4,10,2003,Classic Cars,"Dragon Souveniers, Ltd.",Singapore,Japan,Medium
660,10176,20,100.0,3667.6,2003-11-06,Shipped,4,11,2003,Classic Cars,L'ordine Souveniers,Italy,EMEA,Medium
661,10184,46,100.0,7381.16,2003-11-14,Shipped,4,11,2003,Classic Cars,"Iberia Gift Imports, Corp.",Spain,EMEA,Large
662,10195,27,100.0,5128.11,2003-11-25,Shipped,4,11,2003,Classic Cars,Mini Classics,USA,,Medium
663,10207,44,100.0,7060.24,2003-12-09,Shipped,4,12,2003,Classic Cars,Diecast Collectables,USA,,Large
664,10219,43,100.0,8448.64,2004-02-10,Shipped,1,2,2004,Classic Cars,Signal Collectibles Ltd.,USA,,Large
665,10230,49,100.0,7300.51,2004-03-15,Shipped,1,3,2004,Classic Cars,"Blauer See Auto, Co.",Germany,EMEA,Large
666,10246,40,100.0,6549.2,2004-05-05,Shipped,2,5,2004,Classic Cars,Euro Shopping Channel,Spain,EMEA,Medium
667,10259,30,100.0,5697.9,2004-06-15,Shipped,2,6,2004,Classic Cars,Handji Gifts& Co,Singapore,APAC,Medium
668,10271,50,100.0,9169.0,2004-07-20,Shipped,3,7,2004,Classic Cars,Mini Gifts Distributors Ltd.,USA,,Large
669,10282,23,100.0,3238.63,2004-08-20,Shipped,3,8,2004,Classic Cars,Mini Gifts Distributors Ltd.,USA,,Medium
670,10292,26,100.0,4554.94,2004-09-08,Shipped,3,9,2004,Classic Cars,Land of Toys Inc.,USA,,Medium
671,10305,27,100.0,3934.44,2004-10-13,Shipped,4,10,2004,Classic Cars,Marta's Replicas Co.,USA,,Medium
672,10314,42,100.0,5776.26,2004-10-22,Shipped,4,10,2004,Classic Cars,Heintze Collectables,Denmark,EMEA,Medium
673,10324,47,100.0,7207.45,2004-11-05,Shipped,4,11,2004,Classic Cars,Vitachrome Inc.,USA,,Large
674,10336,49,100.0,7460.74,2004-11-20,Shipped,4,11,2004,Classic Cars,"La Corne D'abondance, Co.",France,EMEA,Large
675,10349,38,100.0,6719.54,2004-12-01,Shipped,4,12,2004,Classic Cars,Muscle Machine Inc,USA,,Medium
676,10358,20,100.0,2428.0,2004-12-10,Shipped,4,12,2004,Classic Cars,Euro Shopping Channel,Spain,EMEA,Small
677,10371,25,100.0,2602.25,2005-01-23,Shipped,1,1,2005,Classic Cars,Mini Gifts Distributors Ltd.,USA,,Small
678,10382,25,88.0,2200.0,2005-02-17,Shipped,1,2,2005,Classic Cars,Mini Gifts Distributors Ltd.,USA,,Small
679,10412,41,100.0,6712.93,2005-05-03,Shipped,2,5,2005,Classic Cars,Euro Shopping Channel,Spain,EMEA,Medium
680,10425,28,100.0,5318.04,2005-05-31,In Process,2,5,2005,Classic Cars,La Rochelle Gifts,France,EMEA,Medium
681,10100,50,67.8,3390.0,2003-01-06,Shipped,1,1,2003,Vintage Cars,Online Diecast Creations Co.,USA,,Medium
682,10110,32,50.25,1608.0,2003-03-18,Shipped,1,3,2003,Vintage Cars,"AV Stores, Co.",UK,EMEA,Small
683,10124,42,53.88,2262.96,2003-05-21,Shipped,2,5,2003,Vintage Cars,Signal Gift Stores,USA,,Small
684,10149,24,62.36,1496.64,2003-09-12,Shipped,3,9,2003,Vintage Cars,Signal Collectibles Ltd.,USA,,Small
685,10162,27,69.62,1879.74,2003-10-18,Shipped,4,10,2003,Vintage Cars,Corporate Gift Ideas Co.,USA,,Small
686,10173,26,57.51,1495.26,2003-11-05,Shipped,4,11,2003,Vintage Cars,Rovelli Gifts,Italy,EMEA,Small
687,10182,38,61.15,2323.7,2003-11-12,Shipped,4,11,2003,Vintage Cars,Mini Gifts Distributors Ltd.,USA,,Small
688,10193,42,59.33,2491.86,2003-11-21,Shipped,4,11,2003,Vintage Cars,"Australian Collectables, Ltd",Australia,APAC,Small
689,10204,23,71.44,1643.12,2003-12-02,Shipped,4,12,2003,Vintage Cars,Muscle Machine Inc,USA,,Small
690,10214,21,62.96,1322.16,2004-01-26,Shipped,1,1,2004,Vintage Cars,"Corrida Auto Replicas, Ltd",Spain,EMEA,Small
691,10227,28,50.85,1423.8,2004-03-02,Shipped,1,3,2004,Vintage Cars,"Saveley & Henriot, Co.",France,EMEA,Small
692,10241,33,72.65,2397.45,2004-04-13,Shipped,2,4,2004,Vintage Cars,Mini Caravy,France,EMEA,Small
693,10280,25,62.96,1574.0,2004-08-17,Shipped,3,8,2004,Vintage Cars,Amica Models & Co.,Italy,EMEA,Small
694,10288,28,61.75,1729.0,2004-09-01,Shipped,3,9,2004,Vintage Cars,Handji Gifts& Co,Singapore,APAC,Small
695,10303,46,49.04,2255.84,2004-10-06,Shipped,4,10,2004,Vintage Cars,"Iberia Gift Imports, Corp.",Spain,EMEA,Small
696,10312,30,61.15,1834.5,2004-10-21,Shipped,4,10,2004,Vintage Cars,Mini Gifts Distributors Ltd.,USA,,Small
697,10332,38,84.25,3201.5,2004-11-17,Shipped,4,11,2004,Vintage Cars,"AV Stores, Co.",UK,EMEA,Medium
698,10344,40,56.91,2276.4,2004-11-25,Shipped,4,11,2004,Vintage Cars,Marseille Mini Autos,France,EMEA,Small
699,10367,45,100.0,8884.8,2005-01-12,Resolved,1,1,2005,Vintage Cars,Toys4GrownUps.com,USA,,Large
700,10379,27,49.3,1331.1,2005-02-10,Shipped,1,2,2005,Vintage Cars,Euro Shopping Channel,Spain,EMEA,Small
701,10407,42,72.65,3051.3,2005-04-22,On Hold,2,4,2005,Vintage Cars,The Sharp Gifts Warehouse,USA,,Medium
702,10420,36,63.57,2288.52,2005-05-29,In Process,2,5,2005,Vintage Cars,Souveniers And Things Co.,Australia,APAC,Small
703,10104,29,100.0,3772.61,2003-01-31,Shipped,1,1,2003,Trucks and Buses,Euro Shopping Channel,Spain,EMEA,Medium
704,10114,39,100.0,4164.42,2003-04-01,Shipped,2,4,2003,Trucks and Buses,"La Corne D'abondance, Co.",France,EMEA,Medium
705,10127,45,100.0,6295.95,2003-06-03,Shipped,2,6,2003,Trucks and Buses,Muscle Machine Inc,USA,,Medium
706,10141,47,100.0,6287.66,2003-08-01,Shipped,3,8,2003,Trucks and Buses,Suominen Souveniers,Finland,EMEA,Medium
707,10151,49,100.0,5412.54,2003-09-21,Shipped,3,9,2003,Trucks and Buses,"Oulu Toy Supplies, Inc.",Finland,EMEA,Medium
708,10165,46,100.0,5984.14,2003-10-22,Shipped,4,10,2003,Trucks and Buses,"Dragon Souveniers, Ltd.",Singapore,Japan,Medium
709,10175,48,100.0,5891.04,2003-11-06,Shipped,4,11,2003,Trucks and Buses,"Stylish Desk Decors, Co.",UK,EMEA,Medium
710,10184,46,100.0,5984.14,2003-11-14,Shipped,4,11,2003,Trucks and Buses,"Iberia Gift Imports, Corp.",Spain,EMEA,Medium
711,10195,35,100.0,3608.15,2003-11-25,Shipped,4,11,2003,Trucks and Buses,Mini Classics,USA,,Medium
712,10207,43,100.0,5752.54,2003-12-09,Shipped,4,12,2003,Trucks and Buses,Diecast Collectables,USA,,Medium
713,10229,26,100.0,3765.32,2004-03-11,Shipped,1,3,2004,Trucks and Buses,Mini Gifts Distributors Ltd.,USA,,Medium
714,10246,22,98.18,2159.96,2004-05-05,Shipped,2,5,2004,Trucks and Buses,Euro Shopping Channel,Spain,EMEA,Small
715,10259,34,99.41,3379.94,2004-06-15,Shipped,2,6,2004,Trucks and Buses,Handji Gifts& Co,Singapore,APAC,Medium
716,10271,50,100.0,5093.5,2004-07-20,Shipped,3,7,2004,Trucks and Buses,Mini Gifts Distributors Ltd.,USA,,Medium
717,10281,48,100.0,5773.44,2004-08-19,Shipped,3,8,2004,Trucks and Buses,Diecast Classics Inc.,USA,,Medium
718,10292,41,100.0,4528.86,2004-09-08,Shipped,3,9,2004,Trucks and Buses,Land of Toys Inc.,USA,,Medium
719,10305,36,100.0,4816.08,2004-10-13,Shipped,4,10,2004,Trucks and Buses,Marta's Replicas Co.,USA,,Medium
720,10313,29,100.0,3416.78,2004-10-22,Shipped,4,10,2004,Trucks and Buses,Canadian Gift Exchange Network,Canada,,Medium
721,10324,33,37.48,1236.84,2004-11-05,Shipped,4,11,2004,Trucks and Buses,Vitachrome Inc.,USA,,Small
722,10334,46,100.0,5814.86,2004-11-19,On Hold,4,11,2004,Trucks and Buses,"Volvo Model Replicas, Co",Sweden,EMEA,Medium
723,10349,38,100.0,5223.48,2004-12-01,Shipped,4,12,2004,Trucks and Buses,Muscle Machine Inc,USA,,Medium
724,10358,20,36.42,728.4,2004-12-10,Shipped,4,12,2004,Trucks and Buses,Euro Shopping Channel,Spain,EMEA,Small
725,10370,22,100.0,3949.0,2005-01-20,Shipped,1,1,2005,Trucks and Buses,"Anna's Decorations, Ltd",Australia,APAC,Medium
726,10383,27,100.0,3843.99,2005-02-22,Shipped,1,2,2005,Trucks and Buses,Euro Shopping Channel,Spain,EMEA,Medium
727,10412,56,98.18,5498.08,2005-05-03,Shipped,2,5,2005,Trucks and Buses,Euro Shopping Channel,Spain,EMEA,Medium
728,10425,38,99.41,3777.58,2005-05-31,In Process,2,5,2005,Trucks and Buses,La Rochelle Gifts,France,EMEA,Medium
729,10101,25,100.0,3782.0,2003-01-09,Shipped,1,1,2003,Vintage Cars,"Blauer See Auto, Co.",Germany,EMEA,Medium
730,10110,33,100.0,3859.68,2003-03-18,Shipped,1,3,2003,Vintage Cars,"AV Stores, Co.",UK,EMEA,Medium
731,10124,42,100.0,4431.84,2003-05-21,Shipped,2,5,2003,Vintage Cars,Signal Gift Stores,USA,,Medium
732,10149,33,100.0,4950.33,2003-09-12,Shipped,3,9,2003,Vintage Cars,Signal Collectibles Ltd.,USA,,Medium
733,10162,38,100.0,4299.7,2003-10-18,Shipped,4,10,2003,Vintage Cars,Corporate Gift Ideas Co.,USA,,Medium
734,10173,31,100.0,4492.83,2003-11-05,Shipped,4,11,2003,Vintage Cars,Rovelli Gifts,Italy,EMEA,Medium
735,10182,20,100.0,2212.0,2003-11-12,Shipped,4,11,2003,Vintage Cars,Mini Gifts Distributors Ltd.,USA,,Small
736,10193,44,100.0,4642.88,2003-11-21,Shipped,4,11,2003,Vintage Cars,"Australian Collectables, Ltd",Australia,APAC,Medium
737,10204,26,100.0,3206.32,2003-12-02,Shipped,4,12,2003,Vintage Cars,Muscle Machine Inc,USA,,Medium
738,10214,27,100.0,3604.23,2004-01-26,Shipped,1,1,2004,Vintage Cars,"Corrida Auto Replicas, Ltd",Spain,EMEA,Medium
739,10227,46,100.0,7017.76,2004-03-02,Shipped,1,3,2004,Vintage Cars,"Saveley & Henriot, Co.",France,EMEA,Large
740,10243,47,100.0,6154.18,2004-04-26,Shipped,2,4,2004,Vintage Cars,Diecast Collectables,USA,,Medium
741,10280,37,100.0,4750.8,2004-08-17,Shipped,3,8,2004,Vintage Cars,Amica Models & Co.,Italy,EMEA,Medium
742,10288,31,100.0,3822.92,2004-09-01,Shipped,3,9,2004,Vintage Cars,Handji Gifts& Co,Singapore,APAC,Medium
743,10304,24,100.0,2440.8,2004-10-11,Shipped,4,10,2004,Vintage Cars,Auto Assoc. & Cie.,France,EMEA,Small
744,10312,31,100.0,4729.36,2004-10-21,Shipped,4,10,2004,Vintage Cars,Mini Gifts Distributors Ltd.,USA,,Medium
745,10322,50,100.0,12536.5,2004-11-04,Shipped,4,11,2004,Vintage Cars,Online Diecast Creations Co.,USA,,Large
746,10332,35,64.69,2264.15,2004-11-17,Shipped,4,11,2004,Vintage Cars,"AV Stores, Co.",UK,EMEA,Small
747,10344,30,100.0,3928.2,2004-11-25,Shipped,4,11,2004,Vintage Cars,Marseille Mini Autos,France,EMEA,Medium
748,10356,29,100.0,3630.22,2004-12-09,Shipped,4,12,2004,Vintage Cars,Lyon Souveniers,France,EMEA,Medium
749,10367,27,100.0,4196.07,2005-01-12,Resolved,1,1,2005,Vintage Cars,Toys4GrownUps.com,USA,,Medium
750,10380,40,100.0,4931.6,2005-02-16,Shipped,1,2,2005,Vintage Cars,Euro Shopping Channel,Spain,EMEA,Medium
751,10390,31,98.99,3068.69,2005-03-04,Shipped,1,3,2005,Vintage Cars,Mini Gifts Distributors Ltd.,USA,,Medium
752,10409,6,100.0,785.64,2005-04-23,Shipped,2,4,2005,Vintage Cars,Handji Gifts& Co,Singapore,APAC,Small
753,10420,45,100.0,4977.0,2005-05-29,In Process,2,5,2005,Vintage Cars,Souveniers And Things Co.,Australia,APAC,Medium
754,10103,22,54.09,1189.98,2003-01-29,Shipped,1,1,2003,Trucks and Buses,Baane Mini Imports,Norway,EMEA,Small
755,10114,45,68.67,3090.15,2003-04-01,Shipped,2,4,2003,Trucks and Buses,"La Corne D'abondance, Co.",France,EMEA,Medium
756,10126,43,65.02,2795.86,2003-05-28,Shipped,2,5,2003,Trucks and Buses,"Corrida Auto Replicas, Ltd",Spain,EMEA,Small
757,10140,46,61.99,2851.54,2003-07-24,Shipped,3,7,2003,Trucks and Buses,Technics Stores Inc.,USA,,Small
758,10151,39,69.28,2701.92,2003-09-21,Shipped,3,9,2003,Trucks and Buses,"Oulu Toy Supplies, Inc.",Finland,EMEA,Small
759,10165,31,71.1,2204.1,2003-10-22,Shipped,4,10,2003,Trucks and Buses,"Dragon Souveniers, Ltd.",Singapore,Japan,Small
760,10175,41,69.28,2840.48,2003-11-06,Shipped,4,11,2003,Trucks and Buses,"Stylish Desk Decors, Co.",UK,EMEA,Small
761,10184,44,60.16,2647.04,2003-11-14,Shipped,4,11,2003,Trucks and Buses,"Iberia Gift Imports, Corp.",Spain,EMEA,Small
762,10194,45,70.49,3172.05,2003-11-25,Shipped,4,11,2003,Trucks and Buses,"Saveley & Henriot, Co.",France,EMEA,Medium
763,10207,37,69.89,2585.93,2003-12-09,Shipped,4,12,2003,Trucks and Buses,Diecast Collectables,USA,,Small
764,10217,35,61.38,2148.3,2004-02-04,Shipped,1,2,2004,Trucks and Buses,Handji Gifts& Co,Singapore,APAC,Small
765,10229,28,59.55,1667.4,2004-03-11,Shipped,1,3,2004,Trucks and Buses,Mini Gifts Distributors Ltd.,USA,,Small
766,10246,30,61.99,1859.7,2004-05-05,Shipped,2,5,2004,Trucks and Buses,Euro Shopping Channel,Spain,EMEA,Small
767,10259,30,49.22,1476.6,2004-06-15,Shipped,2,6,2004,Trucks and Buses,Handji Gifts& Co,Singapore,APAC,Small
768,10271,25,69.28,1732.0,2004-07-20,Shipped,3,7,2004,Trucks and Buses,Mini Gifts Distributors Ltd.,USA,,Small
769,10281,29,57.73,1674.17,2004-08-19,Shipped,3,8,2004,Trucks and Buses,Diecast Classics Inc.,USA,,Small
770,10291,26,57.73,1500.98,2004-09-08,Shipped,3,9,2004,Trucks and Buses,Scandinavian Gift Ideas,Sweden,EMEA,Small
771,10305,41,53.48,2192.68,2004-10-13,Shipped,4,10,2004,Trucks and Buses,Marta's Replicas Co.,USA,,Small
772,10313,34,52.87,1797.58,2004-10-22,Shipped,4,10,2004,Trucks and Buses,Canadian Gift Exchange Network,Canada,,Small
773,10322,35,61.21,2142.35,2004-11-04,Shipped,4,11,2004,Trucks and Buses,Online Diecast Creations Co.,USA,,Small
774,10334,34,61.38,2086.92,2004-11-19,On Hold,4,11,2004,Trucks and Buses,"Volvo Model Replicas, Co",Sweden,EMEA,Small
775,10347,50,100.0,6834.5,2004-11-29,Shipped,4,11,2004,Trucks and Buses,"Australian Collectors, Co.",Australia,APAC,Medium
776,10357,41,61.99,2541.59,2004-12-10,Shipped,4,12,2004,Trucks and Buses,Mini Gifts Distributors Ltd.,USA,,Small
777,10370,22,96.86,2130.92,2005-01-20,Shipped,1,1,2005,Trucks and Buses,"Anna's Decorations, Ltd",Australia,APAC,Small
778,10381,35,48.62,1701.7,2005-02-17,Shipped,1,2,2005,Trucks and Buses,Corporate Gift Ideas Co.,USA,,Small
779,10391,44,38.5,1694.0,2005-03-09,Shipped,1,3,2005,Trucks and Buses,"Anna's Decorations, Ltd",Australia,APAC,Small
780,10412,47,61.99,2913.53,2005-05-03,Shipped,2,5,2005,Trucks and Buses,Euro Shopping Channel,Spain,EMEA,Small
781,10425,19,49.22,935.18,2005-05-31,In Process,2,5,2005,Trucks and Buses,La Rochelle Gifts,France,EMEA,Small
782,10106,34,90.39,3073.26,2003-02-17,Shipped,1,2,2003,Planes,Rovelli Gifts,Italy,EMEA,Medium
783,10120,29,71.81,2082.49,2003-04-29,Shipped,2,4,2003,Planes,"Australian Collectors, Co.",Australia,APAC,Small
784,10133,49,69.27,3394.23,2003-06-27,Shipped,2,6,2003,Planes,Euro Shopping Channel,Spain,EMEA,Medium
785,10145,30,85.32,2559.6,2003-08-25,Shipped,3,8,2003,Planes,Toys4GrownUps.com,USA,,Small
786,10168,21,70.96,1490.16,2003-10-28,Shipped,4,10,2003,Planes,Technics Stores Inc.,USA,,Small
787,10210,50,76.88,3844.0,2004-01-12,Shipped,1,1,2004,Planes,Osaka Souveniers Co.,Japan,Japan,Medium
788,10223,47,100.0,4724.91,2004-02-20,Shipped,1,2,2004,Planes,"Australian Collectors, Co.",Australia,APAC,Medium
789,10235,24,76.03,1824.72,2004-04-02,Shipped,2,4,2004,Planes,"Royal Canadian Collectables, Ltd.",Canada,,Small
790,10250,27,98.84,2668.68,2004-05-11,Shipped,2,5,2004,Planes,The Sharp Gifts Warehouse,USA,,Small
791,10263,33,86.17,2843.61,2004-06-28,Shipped,2,6,2004,Planes,Gift Depot Inc.,USA,,Small
792,10275,35,90.39,3163.65,2004-07-23,Shipped,3,7,2004,Planes,La Rochelle Gifts,France,EMEA,Medium
793,10284,31,71.81,2226.11,2004-08-21,Shipped,3,8,2004,Planes,"Norway Gifts By Mail, Co.",Norway,EMEA,Small
794,10297,25,82.79,2069.75,2004-09-16,Shipped,3,9,2004,Planes,"Clover Collections, Co.",Ireland,EMEA,Small
795,10308,27,82.79,2235.33,2004-10-15,Shipped,4,10,2004,Planes,Mini Classics,USA,,Small
796,10318,31,100.0,3116.43,2004-11-02,Shipped,4,11,2004,Planes,Diecast Classics Inc.,USA,,Medium
797,10327,45,100.0,4781.7,2004-11-10,Resolved,4,11,2004,Planes,Danish Wholesale Imports,Denmark,EMEA,Medium
798,10339,27,100.0,2810.7,2004-11-23,Shipped,4,11,2004,Planes,"Tokyo Collectables, Ltd",Japan,Japan,Small
799,10353,27,100.0,3515.67,2004-12-04,Shipped,4,12,2004,Planes,Gift Ideas Corp.,USA,,Medium
800,10374,42,69.27,2909.34,2005-02-02,Shipped,1,2,2005,Planes,"Australian Gift Network, Co",Australia,APAC,Small
801,10386,21,74.77,1570.17,2005-03-01,Resolved,1,3,2005,Planes,Euro Shopping Channel,Spain,EMEA,Small
802,10398,34,76.88,2613.92,2005-03-30,Shipped,1,3,2005,Planes,Reims Collectables,France,EMEA,Small
803,10401,42,76.03,3193.26,2005-04-03,On Hold,2,4,2005,Planes,Tekni Collectables Inc.,USA,,Medium
804,10416,15,98.84,1482.6,2005-05-10,Shipped,2,5,2005,Planes,L'ordine Souveniers,Italy,EMEA,Small
805,10107,29,70.87,2055.23,2003-02-24,Shipped,1,2,2003,Motorcycles,Land of Toys Inc.,USA,,Small
806,10120,46,58.15,2674.9,2003-04-29,Shipped,2,4,2003,Motorcycles,"Australian Collectors, Co.",Australia,APAC,Small
807,10134,30,61.78,1853.4,2003-07-01,Shipped,3,7,2003,Motorcycles,Lyon Souveniers,France,EMEA,Small
808,10145,30,49.67,1490.1,2003-08-25,Shipped,3,8,2003,Motorcycles,Toys4GrownUps.com,USA,,Small
809,10159,42,51.48,2162.16,2003-10-10,Shipped,4,10,2003,Motorcycles,Corporate Gift Ideas Co.,USA,,Small
810,10168,46,61.18,2814.28,2003-10-28,Shipped,4,10,2003,Motorcycles,Technics Stores Inc.,USA,,Small
811,10180,25,64.2,1605.0,2003-11-11,Shipped,4,11,2003,Motorcycles,Daedalus Designs Imports,France,EMEA,Small
812,10188,32,65.42,2093.44,2003-11-18,Shipped,4,11,2003,Motorcycles,Herkku Gifts,Norway,EMEA,Small
813,10201,30,64.81,1944.3,2003-12-01,Shipped,4,12,2003,Motorcycles,Mini Wheels Co.,USA,,Small
814,10210,40,49.67,1986.8,2004-01-12,Shipped,1,1,2004,Motorcycles,Osaka Souveniers Co.,Japan,Japan,Small
815,10223,28,60.57,1695.96,2004-02-20,Shipped,1,2,2004,Motorcycles,"Australian Collectors, Co.",Australia,APAC,Small
816,10236,23,55.72,1281.56,2004-04-03,Shipped,2,4,2004,Motorcycles,Motor Mint Distributors Inc.,USA,,Small
817,10251,29,61.18,1774.22,2004-05-18,Shipped,2,5,2004,Motorcycles,Tekni Collectables Inc.,USA,,Small
818,10263,34,58.75,1997.5,2004-06-28,Shipped,2,6,2004,Motorcycles,Gift Depot Inc.,USA,,Small
819,10275,37,63.6,2353.2,2004-07-23,Shipped,3,7,2004,Motorcycles,La Rochelle Gifts,France,EMEA,Small
820,10285,20,49.06,981.2,2004-08-27,Shipped,3,8,2004,Motorcycles,Marta's Replicas Co.,USA,,Small
821,10298,32,48.46,1550.72,2004-09-27,Shipped,3,9,2004,Motorcycles,Atelier graphique,France,EMEA,Small
822,10308,34,52.09,1771.06,2004-10-15,Shipped,4,10,2004,Motorcycles,Mini Classics,USA,,Small
823,10318,42,52.7,2213.4,2004-11-02,Shipped,4,11,2004,Motorcycles,Diecast Classics Inc.,USA,,Small
824,10329,38,100.0,5266.04,2004-11-15,Shipped,4,11,2004,Motorcycles,Land of Toys Inc.,USA,,Medium
825,10339,30,62.16,1864.8,2004-11-23,Shipped,4,11,2004,Motorcycles,"Tokyo Collectables, Ltd",Japan,Japan,Small
826,10362,23,49.67,1142.41,2005-01-05,Shipped,1,1,2005,Motorcycles,Technics Stores Inc.,USA,,Small
827,10374,22,53.3,1172.6,2005-02-02,Shipped,1,2,2005,Motorcycles,"Australian Gift Network, Co",Australia,APAC,Small
828,10389,39,100.0,6981.0,2005-03-03,Shipped,1,3,2005,Motorcycles,Scandinavian Gift Ideas,Sweden,EMEA,Medium
829,10402,55,55.72,3064.6,2005-04-07,Shipped,2,4,2005,Motorcycles,Auto Canal Petit,France,EMEA,Medium
830,10417,36,61.18,2202.48,2005-05-13,Disputed,2,5,2005,Motorcycles,Euro Shopping Channel,Spain,EMEA,Small
831,10101,26,100.0,3773.38,2003-01-09,Shipped,1,1,2003,Vintage Cars,"Blauer See Auto, Co.",Germany,EMEA,Medium
832,10110,31,100.0,5074.39,2003-03-18,Shipped,1,3,2003,Vintage Cars,"AV Stores, Co.",UK,EMEA,Medium
833,10125,34,100.0,6483.46,2003-05-21,Shipped,2,5,2003,Vintage Cars,"Australian Collectors, Co.",Australia,APAC,Medium
834,10139,41,100.0,7956.46,2003-07-16,Shipped,3,7,2003,Vintage Cars,Souveniers And Things Co.,Australia,APAC,Large
835,10149,23,100.0,4230.62,2003-09-12,Shipped,3,9,2003,Vintage Cars,Signal Collectibles Ltd.,USA,,Medium
836,10162,48,100.0,7209.12,2003-10-18,Shipped,4,10,2003,Vintage Cars,Corporate Gift Ideas Co.,USA,,Large
837,10173,22,100.0,3452.68,2003-11-05,Shipped,4,11,2003,Vintage Cars,Rovelli Gifts,Italy,EMEA,Medium
838,10182,21,100.0,3047.73,2003-11-12,Shipped,4,11,2003,Vintage Cars,Mini Gifts Distributors Ltd.,USA,,Medium
839,10193,22,100.0,3675.32,2003-11-21,Shipped,4,11,2003,Vintage Cars,"Australian Collectables, Ltd",Australia,APAC,Medium
840,10205,40,100.0,7492.4,2003-12-03,Shipped,4,12,2003,Vintage Cars,Euro Shopping Channel,Spain,EMEA,Large
841,10214,50,100.0,9534.5,2004-01-26,Shipped,1,1,2004,Vintage Cars,"Corrida Auto Replicas, Ltd",Spain,EMEA,Large
842,10227,29,100.0,5579.02,2004-03-02,Shipped,1,3,2004,Vintage Cars,"Saveley & Henriot, Co.",France,EMEA,Medium
843,10244,43,100.0,5950.34,2004-04-29,Shipped,2,4,2004,Vintage Cars,Euro Shopping Channel,Spain,EMEA,Medium
844,10255,24,100.0,3726.0,2004-06-04,Shipped,2,6,2004,Vintage Cars,Mini Caravy,France,EMEA,Medium
845,10280,22,100.0,4455.0,2004-08-17,Shipped,3,8,2004,Vintage Cars,Amica Models & Co.,Italy,EMEA,Medium
846,10289,43,100.0,8272.34,2004-09-03,Shipped,3,9,2004,Vintage Cars,Herkku Gifts,Norway,EMEA,Large
847,10304,20,100.0,3577.6,2004-10-11,Shipped,4,10,2004,Vintage Cars,Auto Assoc. & Cie.,France,EMEA,Medium
848,10312,25,100.0,3881.25,2004-10-21,Shipped,4,10,2004,Vintage Cars,Mini Gifts Distributors Ltd.,USA,,Medium
849,10322,36,100.0,5797.44,2004-11-04,Shipped,4,11,2004,Vintage Cars,Online Diecast Creations Co.,USA,,Medium
850,10332,24,52.67,1264.08,2004-11-17,Shipped,4,11,2004,Vintage Cars,"AV Stores, Co.",UK,EMEA,Small
851,10347,21,100.0,4815.3,2004-11-29,Shipped,4,11,2004,Vintage Cars,"Australian Collectors, Co.",Australia,APAC,Medium
852,10356,30,100.0,4462.2,2004-12-09,Shipped,4,12,2004,Vintage Cars,Lyon Souveniers,France,EMEA,Medium
853,10367,32,94.79,3033.28,2005-01-12,Resolved,1,1,2005,Vintage Cars,Toys4GrownUps.com,USA,,Medium
854,10380,21,47.18,990.78,2005-02-16,Shipped,1,2,2005,Vintage Cars,Euro Shopping Channel,Spain,EMEA,Small
855,10390,26,78.11,2030.86,2005-03-04,Shipped,1,3,2005,Vintage Cars,Mini Gifts Distributors Ltd.,USA,,Small
856,10421,35,100.0,5433.75,2005-05-29,In Process,2,5,2005,Vintage Cars,Mini Gifts Distributors Ltd.,USA,,Medium
857,10109,26,100.0,3157.44,2003-03-10,Shipped,1,3,2003,Classic Cars,Motor Mint Distributors Inc.,USA,,Medium
858,10123,46,100.0,5161.2,2003-05-20,Shipped,2,5,2003,Classic Cars,Atelier graphique,France,EMEA,Medium
859,10137,37,100.0,4346.76,2003-07-10,Shipped,3,7,2003,Classic Cars,Reims Collectables,France,EMEA,Medium
860,10148,27,100.0,3528.36,2003-09-11,Shipped,3,9,2003,Classic Cars,"Anna's Decorations, Ltd",Australia,APAC,Medium
861,10161,23,100.0,3187.8,2003-10-17,Shipped,4,10,2003,Classic Cars,Heintze Collectables,Denmark,EMEA,Medium
862,10172,39,100.0,6023.16,2003-11-05,Shipped,4,11,2003,Classic Cars,Gift Depot Inc.,USA,,Medium
863,10181,27,100.0,3884.76,2003-11-12,Shipped,4,11,2003,Classic Cars,Herkku Gifts,Norway,EMEA,Medium
864,10192,38,100.0,4965.84,2003-11-20,Shipped,4,11,2003,Classic Cars,Online Diecast Creations Co.,USA,,Medium
865,10204,27,100.0,4169.88,2003-12-02,Shipped,4,12,2003,Classic Cars,Muscle Machine Inc,USA,,Medium
866,10212,40,100.0,4910.4,2004-01-16,Shipped,1,1,2004,Classic Cars,Euro Shopping Channel,Spain,EMEA,Medium
867,10226,24,100.0,3231.36,2004-02-26,Shipped,1,2,2004,Classic Cars,Collectable Mini Designs Co.,USA,,Medium
868,10241,44,100.0,6853.44,2004-04-13,Shipped,2,4,2004,Classic Cars,Mini Caravy,France,EMEA,Medium
869,10253,37,100.0,5177.04,2004-06-01,Cancelled,2,6,2004,Classic Cars,"UK Collectables, Ltd.",UK,EMEA,Medium
870,10266,20,100.0,2824.8,2004-07-06,Shipped,3,7,2004,Classic Cars,L'ordine Souveniers,Italy,EMEA,Small
871,10278,39,100.0,4324.32,2004-08-06,Shipped,3,8,2004,Classic Cars,Signal Gift Stores,USA,,Medium
872,10287,44,100.0,5052.96,2004-08-30,Shipped,3,8,2004,Classic Cars,"Vida Sport, Ltd",Switzerland,EMEA,Medium
873,10301,22,100.0,3223.44,2003-10-05,Shipped,4,10,2003,Classic Cars,"Norway Gifts By Mail, Co.",Norway,EMEA,Medium
874,10311,43,100.0,5278.68,2004-10-16,Shipped,4,10,2004,Classic Cars,Euro Shopping Channel,Spain,EMEA,Medium
875,10321,27,100.0,2851.2,2004-11-04,Shipped,4,11,2004,Classic Cars,FunGiftIdeas.com,USA,,Small
876,10331,26,64.9,1687.4,2004-11-17,Shipped,4,11,2004,Classic Cars,Motor Mint Distributors Inc.,USA,,Small
877,10343,25,52.32,1308.0,2004-11-24,Shipped,4,11,2004,Classic Cars,Reims Collectables,France,EMEA,Small
878,10366,49,100.0,6144.6,2005-01-10,Shipped,1,1,2005,Classic Cars,Royale Belge,Belgium,EMEA,Medium
879,10379,29,100.0,5127.2,2005-02-10,Shipped,1,2,2005,Classic Cars,Euro Shopping Channel,Spain,EMEA,Medium
880,10407,41,100.0,6386.16,2005-04-22,On Hold,2,4,2005,Classic Cars,The Sharp Gifts Warehouse,USA,,Medium
881,10419,55,100.0,7695.6,2005-05-17,Shipped,2,5,2005,Classic Cars,Salzburg Collectables,Austria,EMEA,Large
882,10103,27,83.07,2242.89,2003-01-29,Shipped,1,1,2003,Vintage Cars,Baane Mini Imports,Norway,EMEA,Small
883,10112,23,100.0,2539.89,2003-03-24,Shipped,1,3,2003,Vintage Cars,"Volvo Model Replicas, Co",Sweden,EMEA,Small
884,10126,31,90.17,2795.27,2003-05-28,Shipped,2,5,2003,Vintage Cars,"Corrida Auto Replicas, Ltd",Spain,EMEA,Small
885,10139,46,100.0,5545.76,2003-07-16,Shipped,3,7,2003,Vintage Cars,Souveniers And Things Co.,Australia,APAC,Medium
886,10150,47,91.18,4285.46,2003-09-19,Shipped,3,9,2003,Vintage Cars,"Dragon Souveniers, Ltd.",Singapore,Japan,Medium
887,10163,31,100.0,3329.09,2003-10-20,Shipped,4,10,2003,Vintage Cars,Classic Legends Inc.,USA,,Medium
888,10174,46,100.0,5592.22,2003-11-06,Shipped,4,11,2003,Vintage Cars,"Australian Gift Network, Co",Australia,APAC,Medium
889,10183,37,89.15,3298.55,2003-11-13,Shipped,4,11,2003,Vintage Cars,"Classic Gift Ideas, Inc",USA,,Medium
890,10193,28,93.21,2609.88,2003-11-21,Shipped,4,11,2003,Vintage Cars,"Australian Collectables, Ltd",Australia,APAC,Small
891,10206,37,90.17,3336.29,2003-12-05,Shipped,4,12,2003,Vintage Cars,Canadian Gift Exchange Network,Canada,,Medium
892,10215,49,100.0,5510.05,2004-01-29,Shipped,1,1,2004,Vintage Cars,West Coast Collectables Co.,USA,,Medium
893,10228,24,100.0,2504.4,2004-03-10,Shipped,1,3,2004,Vintage Cars,Cambridge Collectables Co.,USA,,Small
894,10244,30,100.0,3525.6,2004-04-29,Shipped,2,4,2004,Vintage Cars,Euro Shopping Channel,Spain,EMEA,Medium
895,10257,50,88.14,4407.0,2004-06-14,Shipped,2,6,2004,Vintage Cars,The Sharp Gifts Warehouse,USA,,Medium
896,10270,31,96.24,2983.44,2004-07-19,Shipped,3,7,2004,Vintage Cars,Souveniers And Things Co.,Australia,APAC,Small
897,10280,46,100.0,5126.24,2004-08-17,Shipped,3,8,2004,Vintage Cars,Amica Models & Co.,Italy,EMEA,Medium
898,10291,47,100.0,5713.79,2004-09-08,Shipped,3,9,2004,Vintage Cars,Scandinavian Gift Ideas,Sweden,EMEA,Medium
899,10304,46,100.0,4613.8,2004-10-11,Shipped,4,10,2004,Vintage Cars,Auto Assoc. & Cie.,France,EMEA,Medium
900,10312,37,100.0,3711.1,2004-10-21,Shipped,4,10,2004,Vintage Cars,Mini Gifts Distributors Ltd.,USA,,Medium
901,10322,33,100.0,3524.73,2004-11-04,Shipped,4,11,2004,Vintage Cars,Online Diecast Creations Co.,USA,,Medium
902,10333,31,90.17,2795.27,2004-11-18,Shipped,4,11,2004,Vintage Cars,Mini Wheels Co.,USA,,Small
903,10347,48,100.0,4814.4,2004-11-29,Shipped,4,11,2004,Vintage Cars,"Australian Collectors, Co.",Australia,APAC,Medium
904,10357,41,87.13,3572.33,2004-12-10,Shipped,4,12,2004,Vintage Cars,Mini Gifts Distributors Ltd.,USA,,Medium
905,10369,42,100.0,4581.36,2005-01-20,Shipped,1,1,2005,Vintage Cars,Collectables For Less Inc.,USA,,Medium
906,10381,41,100.0,4319.76,2005-02-17,Shipped,1,2,2005,Vintage Cars,Corporate Gift Ideas Co.,USA,,Medium
907,10391,32,45.25,1448.0,2005-03-09,Shipped,1,3,2005,Vintage Cars,"Anna's Decorations, Ltd",Australia,APAC,Small
908,10423,10,88.14,881.4,2005-05-30,In Process,2,5,2005,Vintage Cars,Petit Auto,Belgium,EMEA,Small
909,10103,35,57.46,2011.1,2003-01-29,Shipped,1,1,2003,Vintage Cars,Baane Mini Imports,Norway,EMEA,Small
910,10111,28,64.33,1801.24,2003-03-25,Shipped,1,3,2003,Vintage Cars,Mini Wheels Co.,USA,,Small
911,10126,46,73.7,3390.2,2003-05-28,Shipped,2,5,2003,Vintage Cars,"Corrida Auto Replicas, Ltd",Spain,EMEA,Medium
912,10139,20,71.2,1424.0,2003-07-16,Shipped,3,7,2003,Vintage Cars,Souveniers And Things Co.,Australia,APAC,Small
913,10150,30,49.97,1499.1,2003-09-19,Shipped,3,9,2003,Vintage Cars,"Dragon Souveniers, Ltd.",Singapore,Japan,Small
914,10163,48,69.96,3358.08,2003-10-20,Shipped,4,10,2003,Vintage Cars,Classic Legends Inc.,USA,,Medium
915,10173,28,53.72,1504.16,2003-11-05,Shipped,4,11,2003,Vintage Cars,Rovelli Gifts,Italy,EMEA,Small
916,10183,39,68.08,2655.12,2003-11-13,Shipped,4,11,2003,Vintage Cars,"Classic Gift Ideas, Inc",USA,,Small
917,10193,24,51.84,1244.16,2003-11-21,Shipped,4,11,2003,Vintage Cars,"Australian Collectables, Ltd",Australia,APAC,Small
918,10206,28,67.46,1888.88,2003-12-05,Shipped,4,12,2003,Vintage Cars,Canadian Gift Exchange Network,Canada,,Small
919,10215,31,58.71,1820.01,2004-01-29,Shipped,1,1,2004,Vintage Cars,West Coast Collectables Co.,USA,,Small
920,10228,45,63.71,2866.95,2004-03-10,Shipped,1,3,2004,Vintage Cars,Cambridge Collectables Co.,USA,,Small
921,10244,24,58.09,1394.16,2004-04-29,Shipped,2,4,2004,Vintage Cars,Euro Shopping Channel,Spain,EMEA,Small
922,10257,49,53.72,2632.28,2004-06-14,Shipped,2,6,2004,Vintage Cars,The Sharp Gifts Warehouse,USA,,Small
923,10269,32,63.08,2018.56,2004-07-16,Shipped,3,7,2004,Vintage Cars,Salzburg Collectables,Austria,EMEA,Small
924,10280,43,68.71,2954.53,2004-08-17,Shipped,3,8,2004,Vintage Cars,Amica Models & Co.,Italy,EMEA,Small
925,10291,37,50.59,1871.83,2004-09-08,Shipped,3,9,2004,Vintage Cars,Scandinavian Gift Ideas,Sweden,EMEA,Small
926,10304,24,64.96,1559.04,2004-10-11,Shipped,4,10,2004,Vintage Cars,Auto Assoc. & Cie.,France,EMEA,Small
927,10312,35,53.72,1880.2,2004-10-21,Shipped,4,10,2004,Vintage Cars,Mini Gifts Distributors Ltd.,USA,,Small
928,10322,41,29.87,1224.67,2004-11-04,Shipped,4,11,2004,Vintage Cars,Online Diecast Creations Co.,USA,,Small
929,10332,26,100.0,2979.08,2004-11-17,Shipped,4,11,2004,Vintage Cars,"AV Stores, Co.",UK,EMEA,Small
930,10347,34,64.96,2208.64,2004-11-29,Shipped,4,11,2004,Vintage Cars,"Australian Collectors, Co.",Australia,APAC,Small
931,10357,49,70.58,3458.42,2004-12-10,Shipped,4,12,2004,Vintage Cars,Mini Gifts Distributors Ltd.,USA,,Medium
932,10369,28,44.21,1237.88,2005-01-20,Shipped,1,1,2005,Vintage Cars,Collectables For Less Inc.,USA,,Small
933,10381,40,68.08,2723.2,2005-02-17,Shipped,1,2,2005,Vintage Cars,Corporate Gift Ideas Co.,USA,,Small
934,10392,37,59.96,2218.52,2005-03-10,Shipped,1,3,2005,Vintage Cars,Mini Auto Werke,Austria,EMEA,Small
935,10423,31,53.72,1665.32,2005-05-30,In Process,2,5,2005,Vintage Cars,Petit Auto,Belgium,EMEA,Small
936,10106,41,83.44,3421.04,2003-02-17,Shipped,1,2,2003,Ships,Rovelli Gifts,Italy,EMEA,Medium
937,10119,21,89.46,1878.66,2003-04-28,Shipped,2,4,2003,Ships,Salzburg Collectables,Austria,EMEA,Small
938,10130,40,96.34,3853.6,2003-06-16,Shipped,2,6,2003,Ships,Auto-Moto Classics Inc.,USA,,Medium
939,10143,46,74.84,3442.64,2003-08-10,Shipped,3,8,2003,Ships,Mini Creations Ltd.,USA,,Medium
940,10155,44,79.14,3482.16,2003-10-06,Shipped,4,10,2003,Ships,"Toys of Finland, Co.",Finland,EMEA,Medium
941,10167,46,73.12,3363.52,2003-10-23,Cancelled,4,10,2003,Ships,Scandinavian Gift Ideas,Sweden,EMEA,Medium
942,10178,41,81.72,3350.52,2003-11-08,Shipped,4,11,2003,Ships,Alpha Cognac,France,EMEA,Medium
943,10186,32,89.46,2862.72,2003-11-14,Shipped,4,11,2003,Ships,"Double Decker Gift Stores, Ltd",UK,EMEA,Small
944,10197,46,87.74,4036.04,2003-11-26,Shipped,4,11,2003,Ships,Enaco Distributors,Spain,EMEA,Medium
945,10209,28,100.0,2817.92,2004-01-09,Shipped,1,1,2004,Ships,"Men 'R' US Retailers, Ltd.",USA,,Small
946,10222,49,94.62,4636.38,2004-02-19,Shipped,1,2,2004,Ships,Collectable Mini Designs Co.,USA,,Medium
947,10248,21,73.98,1553.58,2004-05-07,Cancelled,2,5,2004,Ships,Land of Toys Inc.,USA,,Small
948,10262,32,84.3,2697.6,2004-06-24,Cancelled,2,6,2004,Ships,Euro Shopping Channel,Spain,EMEA,Small
949,10273,34,98.06,3334.04,2004-07-21,Shipped,3,7,2004,Ships,Petit Auto,Belgium,EMEA,Medium
950,10283,21,98.06,2059.26,2004-08-20,Shipped,3,8,2004,Ships,"Royal Canadian Collectables, Ltd.",Canada,,Small
951,10296,21,96.34,2023.14,2004-09-15,Shipped,3,9,2004,Ships,"Bavarian Collectables Imports, Co.",Germany,EMEA,Small
952,10307,31,83.44,2586.64,2004-10-14,Shipped,4,10,2004,Ships,"Classic Gift Ideas, Inc",USA,,Small
953,10316,21,94.62,1987.02,2004-11-01,Shipped,4,11,2004,Ships,giftsbymail.co.uk,UK,EMEA,Small
954,10327,25,45.86,1146.5,2004-11-10,Resolved,4,11,2004,Ships,Danish Wholesale Imports,Denmark,EMEA,Small
955,10338,28,82.58,2312.24,2004-11-22,Shipped,4,11,2004,Ships,Royale Belge,Belgium,EMEA,Small
956,10350,43,64.97,2793.71,2004-12-02,Shipped,4,12,2004,Ships,Euro Shopping Channel,Spain,EMEA,Small
957,10373,22,86.74,1908.28,2005-01-31,Shipped,1,1,2005,Ships,"Oulu Toy Supplies, Inc.",Finland,EMEA,Small
958,10386,37,93.01,3441.37,2005-03-01,Resolved,1,3,2005,Ships,Euro Shopping Channel,Spain,EMEA,Medium
959,10398,28,72.26,2023.28,2005-03-30,Shipped,1,3,2005,Ships,Reims Collectables,France,EMEA,Small
960,10400,30,74.84,2245.2,2005-04-01,Shipped,2,4,2005,Ships,The Sharp Gifts Warehouse,USA,,Small
961,10414,44,73.98,3255.12,2005-05-06,On Hold,2,5,2005,Ships,Gifts4AllAges.com,USA,,Medium
962,10103,25,100.0,2539.5,2003-01-29,Shipped,1,1,2003,Vintage Cars,Baane Mini Imports,Norway,EMEA,Small
963,10111,43,100.0,4818.15,2003-03-25,Shipped,1,3,2003,Vintage Cars,Mini Wheels Co.,USA,,Medium
964,10126,30,97.39,2921.7,2003-05-28,Shipped,2,5,2003,Vintage Cars,"Corrida Auto Replicas, Ltd",Spain,EMEA,Small
965,10139,20,90.06,1801.2,2003-07-16,Shipped,3,7,2003,Vintage Cars,Souveniers And Things Co.,Australia,APAC,Small
966,10150,26,100.0,2804.36,2003-09-19,Shipped,3,9,2003,Vintage Cars,"Dragon Souveniers, Ltd.",Singapore,Japan,Small
967,10163,40,100.0,4900.8,2003-10-20,Shipped,4,10,2003,Vintage Cars,Classic Legends Inc.,USA,,Medium
968,10173,31,89.01,2759.31,2003-11-05,Shipped,4,11,2003,Vintage Cars,Rovelli Gifts,Italy,EMEA,Small
969,10183,22,100.0,2488.2,2003-11-13,Shipped,4,11,2003,Vintage Cars,"Classic Gift Ideas, Inc",USA,,Small
970,10193,23,100.0,2769.89,2003-11-21,Shipped,4,11,2003,Vintage Cars,"Australian Collectables, Ltd",Australia,APAC,Small
971,10206,30,100.0,3581.4,2003-12-05,Shipped,4,12,2003,Vintage Cars,Canadian Gift Exchange Network,Canada,,Medium
972,10215,49,100.0,5285.14,2004-01-29,Shipped,1,1,2004,Vintage Cars,West Coast Collectables Co.,USA,,Medium
973,10228,31,100.0,3181.53,2004-03-10,Shipped,1,3,2004,Vintage Cars,Cambridge Collectables Co.,USA,,Medium
974,10244,29,100.0,3340.51,2004-04-29,Shipped,2,4,2004,Vintage Cars,Euro Shopping Channel,Spain,EMEA,Medium
975,10257,37,84.82,3138.34,2004-06-14,Shipped,2,6,2004,Vintage Cars,The Sharp Gifts Warehouse,USA,,Medium
976,10270,38,100.0,4775.08,2004-07-19,Shipped,3,7,2004,Vintage Cars,Souveniers And Things Co.,Australia,APAC,Medium
977,10280,29,100.0,3006.43,2004-08-17,Shipped,3,8,2004,Vintage Cars,Amica Models & Co.,Italy,EMEA,Medium
978,10291,23,100.0,2866.26,2004-09-08,Shipped,3,9,2004,Vintage Cars,Scandinavian Gift Ideas,Sweden,EMEA,Small
979,10304,26,85.87,2232.62,2004-10-11,Shipped,4,10,2004,Vintage Cars,Auto Assoc. & Cie.,France,EMEA,Small
980,10312,38,100.0,4457.02,2004-10-21,Shipped,4,10,2004,Vintage Cars,Mini Gifts Distributors Ltd.,USA,,Medium
981,10322,48,47.04,2257.92,2004-11-04,Shipped,4,11,2004,Vintage Cars,Online Diecast Creations Co.,USA,,Small
982,10332,40,39.8,1592.0,2004-11-17,Shipped,4,11,2004,Vintage Cars,"AV Stores, Co.",UK,EMEA,Small
983,10347,45,100.0,4948.2,2004-11-29,Shipped,4,11,2004,Vintage Cars,"Australian Collectors, Co.",Australia,APAC,Medium
984,10357,44,100.0,5160.76,2004-12-10,Shipped,4,12,2004,Vintage Cars,Mini Gifts Distributors Ltd.,USA,,Medium
985,10369,21,94.22,1978.62,2005-01-20,Shipped,1,1,2005,Vintage Cars,Collectables For Less Inc.,USA,,Small
986,10381,35,100.0,4288.2,2005-02-17,Shipped,1,2,2005,Vintage Cars,Corporate Gift Ideas Co.,USA,,Medium
987,10392,29,86.92,2520.68,2005-03-10,Shipped,1,3,2005,Vintage Cars,Mini Auto Werke,Austria,EMEA,Small
988,10423,21,84.82,1781.22,2005-05-30,In Process,2,5,2005,Vintage Cars,Petit Auto,Belgium,EMEA,Small
989,10105,22,100.0,3065.04,2003-02-11,Shipped,1,2,2003,Vintage Cars,Danish Wholesale Imports,Denmark,EMEA,Medium
990,10117,26,100.0,3551.34,2003-04-16,Shipped,2,4,2003,Vintage Cars,"Dragon Souveniers, Ltd.",Singapore,Japan,Medium
991,10128,41,100.0,5544.02,2003-06-06,Shipped,2,6,2003,Vintage Cars,Euro Shopping Channel,Spain,EMEA,Medium
992,10142,47,100.0,6034.33,2003-08-08,Shipped,3,8,2003,Vintage Cars,Mini Gifts Distributors Ltd.,USA,,Medium
993,10153,31,100.0,3641.57,2003-09-28,Shipped,3,9,2003,Vintage Cars,Euro Shopping Channel,Spain,EMEA,Medium
994,10166,43,100.0,6930.74,2003-10-21,Shipped,4,10,2003,Vintage Cars,FunGiftIdeas.com,USA,,Medium
995,10177,23,100.0,3675.63,2003-11-07,Shipped,4,11,2003,Vintage Cars,CAF Imports,Spain,EMEA,Medium
996,10185,28,100.0,3442.04,2003-11-14,Shipped,4,11,2003,Vintage Cars,Mini Creations Ltd.,USA,,Medium
997,10196,49,100.0,6893.81,2003-11-26,Shipped,4,11,2003,Vintage Cars,Super Scale Inc.,USA,,Medium
998,10208,24,100.0,2622.48,2004-01-02,Shipped,1,1,2004,Vintage Cars,"Saveley & Henriot, Co.",France,EMEA,Small
999,10221,33,100.0,4417.38,2004-02-18,Shipped,1,2,2004,Vintage Cars,Petit Auto,Belgium,EMEA,Medium
1000,10232,22,100.0,3606.02,2004-03-20,Shipped,1,3,2004,Vintage Cars,giftsbymail.co.uk,UK,EMEA,Medium
1001,10248,32,100.0,3802.56,2004-05-07,Cancelled,2,5,2004,Vintage Cars,Land of Toys Inc.,USA,,Medium
1002,10273,40,100.0,5026.4,2004-07-21,Shipped,3,7,2004,Vintage Cars,Petit Auto,Belgium,EMEA,Medium
1003,10282,43,100.0,6695.53,2004-08-20,Shipped,3,8,2004,Vintage Cars,Mini Gifts Distributors Ltd.,USA,,Medium
1004,10293,24,100.0,2819.28,2004-09-09,Shipped,3,9,2004,Vintage Cars,Amica Models & Co.,Italy,EMEA,Small
1005,10306,32,100.0,3759.04,2004-10-14,Shipped,4,10,2004,Vintage Cars,"AV Stores, Co.",UK,EMEA,Medium
1006,10314,20,100.0,2731.8,2004-10-22,Shipped,4,10,2004,Vintage Cars,Heintze Collectables,Denmark,EMEA,Small
1007,10325,24,69.12,1658.88,2004-11-05,Shipped,4,11,2004,Vintage Cars,Baane Mini Imports,Norway,EMEA,Small
1008,10336,48,100.0,5778.24,2004-11-20,Shipped,4,11,2004,Vintage Cars,"La Corne D'abondance, Co.",France,EMEA,Medium
1009,10350,44,100.0,5191.12,2004-12-02,Shipped,4,12,2004,Vintage Cars,Euro Shopping Channel,Spain,EMEA,Medium
1010,10372,28,100.0,3862.88,2005-01-26,Shipped,1,1,2005,Vintage Cars,"Tokyo Collectables, Ltd",Japan,Japan,Medium
1011,10383,24,61.52,1476.48,2005-02-22,Shipped,1,2,2005,Vintage Cars,Euro Shopping Channel,Spain,EMEA,Small
1012,10396,33,100.0,5273.73,2005-03-23,Shipped,1,3,2005,Vintage Cars,Mini Gifts Distributors Ltd.,USA,,Medium
1013,10414,41,100.0,4872.03,2005-05-06,On Hold,2,5,2005,Vintage Cars,Gifts4AllAges.com,USA,,Medium
1014,10104,23,100.0,4556.99,2003-01-31,Shipped,1,1,2003,Classic Cars,Euro Shopping Channel,Spain,EMEA,Medium
1015,10109,46,100.0,8257.0,2003-03-10,Shipped,1,3,2003,Classic Cars,Motor Mint Distributors Inc.,USA,,Large
1016,10114,48,100.0,8209.44,2003-04-01,Shipped,2,4,2003,Classic Cars,"La Corne D'abondance, Co.",France,EMEA,Large
1017,10122,25,100.0,3598.5,2003-05-08,Shipped,2,5,2003,Classic Cars,Marseille Mini Autos,France,EMEA,Medium
1018,10127,22,100.0,3837.24,2003-06-03,Shipped,2,6,2003,Classic Cars,Muscle Machine Inc,USA,,Medium
1019,10136,41,100.0,8331.61,2003-07-04,Shipped,3,7,2003,Classic Cars,Alpha Cognac,France,EMEA,Large
1020,10141,34,100.0,4836.5,2003-08-01,Shipped,3,8,2003,Classic Cars,Suominen Souveniers,Finland,EMEA,Medium
1021,10148,32,100.0,5418.88,2003-09-11,Shipped,3,9,2003,Classic Cars,"Anna's Decorations, Ltd",Australia,APAC,Medium
1022,10151,21,100.0,3734.01,2003-09-21,Shipped,3,9,2003,Classic Cars,"Oulu Toy Supplies, Inc.",Finland,EMEA,Medium
1023,10160,20,100.0,3996.4,2003-10-11,Shipped,4,10,2003,Classic Cars,"Men 'R' US Retailers, Ltd.",USA,,Medium
1024,10165,47,100.0,8754.69,2003-10-22,Shipped,4,10,2003,Classic Cars,"Dragon Souveniers, Ltd.",Singapore,Japan,Large
1025,10171,39,100.0,5481.45,2003-11-05,Shipped,4,11,2003,Classic Cars,Quebec Home Shopping Network,Canada,,Medium
1026,10175,29,100.0,4419.89,2003-11-06,Shipped,4,11,2003,Classic Cars,"Stylish Desk Decors, Co.",UK,EMEA,Medium
1027,10181,45,100.0,6324.75,2003-11-12,Shipped,4,11,2003,Classic Cars,Herkku Gifts,Norway,EMEA,Medium
1028,10184,28,100.0,4409.72,2003-11-14,Shipped,4,11,2003,Classic Cars,"Iberia Gift Imports, Corp.",Spain,EMEA,Medium
1029,10192,26,100.0,3918.46,2003-11-20,Shipped,4,11,2003,Classic Cars,Online Diecast Creations Co.,USA,,Medium
1030,10195,50,100.0,7620.5,2003-11-25,Shipped,4,11,2003,Classic Cars,Mini Classics,USA,,Large
1031,10203,48,100.0,8291.04,2003-12-02,Shipped,4,12,2003,Classic Cars,Euro Shopping Channel,Spain,EMEA,Large
1032,10207,25,100.0,3937.25,2003-12-09,Shipped,4,12,2003,Classic Cars,Diecast Collectables,USA,,Medium
1033,10212,40,100.0,5554.4,2004-01-16,Shipped,1,1,2004,Classic Cars,Euro Shopping Channel,Spain,EMEA,Medium
1034,10225,43,100.0,6407.86,2004-02-22,Shipped,1,2,2004,Classic Cars,"Vida Sport, Ltd",Switzerland,EMEA,Medium
1035,10229,22,100.0,4172.52,2004-03-11,Shipped,1,3,2004,Classic Cars,Mini Gifts Distributors Ltd.,USA,,Medium
1036,10239,47,100.0,7083.37,2004-04-12,Shipped,2,4,2004,Classic Cars,"Oulu Toy Supplies, Inc.",Finland,EMEA,Large
1037,10246,36,100.0,7132.68,2004-05-05,Shipped,2,5,2004,Classic Cars,Euro Shopping Channel,Spain,EMEA,Large
1038,10253,40,100.0,6773.6,2004-06-01,Cancelled,2,6,2004,Classic Cars,"UK Collectables, Ltd.",UK,EMEA,Medium
1039,10259,27,100.0,3657.69,2004-06-15,Shipped,2,6,2004,Classic Cars,Handji Gifts& Co,Singapore,APAC,Medium
1040,10266,29,100.0,4812.55,2004-07-06,Shipped,3,7,2004,Classic Cars,L'ordine Souveniers,Italy,EMEA,Medium
1041,10271,20,100.0,3928.6,2004-07-20,Shipped,3,7,2004,Classic Cars,Mini Gifts Distributors Ltd.,USA,,Medium
1042,10278,42,100.0,6401.22,2004-08-06,Shipped,3,8,2004,Classic Cars,Signal Gift Stores,USA,,Medium
1043,10281,25,100.0,4191.25,2004-08-19,Shipped,3,8,2004,Classic Cars,Diecast Classics Inc.,USA,,Medium
1044,10287,36,100.0,5852.52,2004-08-30,Shipped,3,8,2004,Classic Cars,"Vida Sport, Ltd",Switzerland,EMEA,Medium
1045,10292,21,100.0,2844.87,2004-09-08,Shipped,3,9,2004,Classic Cars,Land of Toys Inc.,USA,,Small
1046,10301,23,100.0,4011.66,2003-10-05,Shipped,4,10,2003,Classic Cars,"Norway Gifts By Mail, Co.",Norway,EMEA,Medium
1047,10305,37,100.0,7455.87,2004-10-13,Shipped,4,10,2004,Classic Cars,Marta's Replicas Co.,USA,,Large
1048,10310,48,100.0,8940.96,2004-10-16,Shipped,4,10,2004,Classic Cars,"Toms Spezialitten, Ltd",Germany,EMEA,Large
1049,10313,25,100.0,4572.25,2004-10-22,Shipped,4,10,2004,Classic Cars,Canadian Gift Exchange Network,Canada,,Medium
1050,10321,33,100.0,5700.09,2004-11-04,Shipped,4,11,2004,Classic Cars,FunGiftIdeas.com,USA,,Medium
1051,10324,27,100.0,3155.49,2004-11-05,Shipped,4,11,2004,Classic Cars,Vitachrome Inc.,USA,,Medium
1052,10331,27,100.0,4170.69,2004-11-17,Shipped,4,11,2004,Classic Cars,Motor Mint Distributors Inc.,USA,,Medium
1053,10334,20,100.0,2878.8,2004-11-19,On Hold,4,11,2004,Classic Cars,"Volvo Model Replicas, Co",Sweden,EMEA,Small
1054,10342,30,100.0,5029.5,2004-11-24,Shipped,4,11,2004,Classic Cars,"Australian Collectors, Co.",Australia,APAC,Medium
1055,10349,48,100.0,7396.8,2004-12-01,Shipped,4,12,2004,Classic Cars,Muscle Machine Inc,USA,,Large
1056,10358,32,93.49,2991.68,2004-12-10,Shipped,4,12,2004,Classic Cars,Euro Shopping Channel,Spain,EMEA,Small
1057,10366,34,100.0,6275.72,2005-01-10,Shipped,1,1,2005,Classic Cars,Royale Belge,Belgium,EMEA,Medium
1058,10370,27,56.85,1534.95,2005-01-20,Shipped,1,1,2005,Classic Cars,"Anna's Decorations, Ltd",Australia,APAC,Small
1059,10377,39,100.0,7264.53,2005-02-09,Shipped,1,2,2005,Classic Cars,"Toys of Finland, Co.",Finland,EMEA,Large
1060,10383,47,100.0,6869.05,2005-02-22,Shipped,1,2,2005,Classic Cars,Euro Shopping Channel,Spain,EMEA,Medium
1061,10394,22,100.0,3353.02,2005-03-15,Shipped,1,3,2005,Classic Cars,Euro Shopping Channel,Spain,EMEA,Medium
1062,10405,55,100.0,8289.05,2005-04-14,Shipped,2,4,2005,Classic Cars,Mini Caravy,France,EMEA,Large
1063,10412,60,100.0,11887.8,2005-05-03,Shipped,2,5,2005,Classic Cars,Euro Shopping Channel,Spain,EMEA,Large
1064,10419,35,100.0,5926.9,2005-05-17,Shipped,2,5,2005,Classic Cars,Salzburg Collectables,Austria,EMEA,Medium
1065,10425,28,100.0,3793.16,2005-05-31,In Process,2,5,2005,Classic Cars,La Rochelle Gifts,France,EMEA,Medium
1066,10105,38,100.0,4330.1,2003-02-11,Shipped,1,2,2003,Trains,Danish Wholesale Imports,Denmark,EMEA,Medium
1067,10117,21,95.8,2011.8,2003-04-16,Shipped,2,4,2003,Trains,"Dragon Souveniers, Ltd.",Singapore,Japan,Small
1068,10128,41,100.0,4837.18,2003-06-06,Shipped,2,6,2003,Trains,Euro Shopping Channel,Spain,EMEA,Medium
1069,10142,22,97.81,2151.82,2003-08-08,Shipped,3,8,2003,Trains,Mini Gifts Distributors Ltd.,USA,,Small
1070,10153,29,88.74,2573.46,2003-09-28,Shipped,3,9,2003,Trains,Euro Shopping Channel,Spain,EMEA,Small
1071,10165,50,100.0,5344.5,2003-10-22,Shipped,4,10,2003,Trains,"Dragon Souveniers, Ltd.",Singapore,Japan,Medium
1072,10177,29,100.0,3070.52,2003-11-07,Shipped,4,11,2003,Trains,CAF Imports,Spain,EMEA,Medium
1073,10185,49,80.67,3952.83,2003-11-14,Shipped,4,11,2003,Trains,Mini Creations Ltd.,USA,,Medium
1074,10196,35,100.0,3564.75,2003-11-26,Shipped,4,11,2003,Trains,Super Scale Inc.,USA,,Medium
1075,10208,48,100.0,5614.56,2004-01-02,Shipped,1,1,2004,Trains,"Saveley & Henriot, Co.",France,EMEA,Medium
1076,10221,23,80.67,1855.41,2004-02-18,Shipped,1,2,2004,Trains,Petit Auto,Belgium,EMEA,Small
1077,10232,48,95.8,4598.4,2004-03-20,Shipped,1,3,2004,Trains,giftsbymail.co.uk,UK,EMEA,Medium
1078,10248,42,100.0,5082.42,2004-05-07,Cancelled,2,5,2004,Trains,Land of Toys Inc.,USA,,Medium
1079,10273,47,100.0,5450.59,2004-07-21,Shipped,3,7,2004,Trains,Petit Auto,Belgium,EMEA,Medium
1080,10282,36,100.0,4174.92,2004-08-20,Shipped,3,8,2004,Trains,Mini Gifts Distributors Ltd.,USA,,Medium
1081,10293,22,100.0,2418.24,2004-09-09,Shipped,3,9,2004,Trains,Amica Models & Co.,Italy,EMEA,Small
1082,10306,40,91.76,3670.4,2004-10-14,Shipped,4,10,2004,Trains,"AV Stores, Co.",UK,EMEA,Medium
1083,10314,23,100.0,2481.7,2004-10-22,Shipped,4,10,2004,Trains,Heintze Collectables,Denmark,EMEA,Small
1084,10326,32,100.0,3807.68,2004-11-09,Shipped,4,11,2004,Trains,"Volvo Model Replicas, Co",Sweden,EMEA,Medium
1085,10336,21,100.0,2230.41,2004-11-20,Shipped,4,11,2004,Trains,"La Corne D'abondance, Co.",France,EMEA,Small
1086,10350,41,93.04,3814.64,2004-12-02,Shipped,4,12,2004,Trains,Euro Shopping Channel,Spain,EMEA,Medium
1087,10372,25,84.71,2117.75,2005-01-26,Shipped,1,1,2005,Trains,"Tokyo Collectables, Ltd",Japan,Japan,Small
1088,10383,26,100.0,3340.48,2005-02-22,Shipped,1,2,2005,Trains,Euro Shopping Channel,Spain,EMEA,Medium
1089,10396,24,89.75,2154.0,2005-03-23,Shipped,1,3,2005,Trains,Mini Gifts Distributors Ltd.,USA,,Small
1090,10414,48,100.0,5808.48,2005-05-06,On Hold,2,5,2005,Trains,Gifts4AllAges.com,USA,,Medium
1091,10108,26,68.35,1777.1,2003-03-03,Shipped,1,3,2003,Classic Cars,Cruz & Sons Co.,Philippines,Japan,Small
1092,10122,21,73.17,1536.57,2003-05-08,Shipped,2,5,2003,Classic Cars,Marseille Mini Autos,France,EMEA,Small
1093,10135,45,78.0,3510.0,2003-07-02,Shipped,3,7,2003,Classic Cars,Mini Gifts Distributors Ltd.,USA,,Medium
1094,10147,36,86.04,3097.44,2003-09-05,Shipped,3,9,2003,Classic Cars,Collectables For Less Inc.,USA,,Medium
1095,10159,21,81.21,1705.41,2003-10-10,Shipped,4,10,2003,Classic Cars,Corporate Gift Ideas Co.,USA,,Small
1096,10169,32,70.76,2264.32,2003-11-04,Shipped,4,11,2003,Classic Cars,"Anna's Decorations, Ltd",Australia,APAC,Small
1097,10181,30,82.82,2484.6,2003-11-12,Shipped,4,11,2003,Classic Cars,Herkku Gifts,Norway,EMEA,Small
1098,10191,36,94.88,3415.68,2003-11-20,Shipped,4,11,2003,Classic Cars,"Toms Spezialitten, Ltd",Germany,EMEA,Medium
1099,10203,33,86.04,2839.32,2003-12-02,Shipped,4,12,2003,Classic Cars,Euro Shopping Channel,Spain,EMEA,Small
1100,10211,35,78.0,2730.0,2004-01-15,Shipped,1,1,2004,Classic Cars,Auto Canal Petit,France,EMEA,Small
1101,10225,37,95.69,3540.53,2004-02-22,Shipped,1,2,2004,Classic Cars,"Vida Sport, Ltd",Switzerland,EMEA,Medium
1102,10238,41,73.17,2999.97,2004-04-09,Shipped,2,4,2004,Classic Cars,Danish Wholesale Imports,Denmark,EMEA,Small
1103,10252,20,76.39,1527.8,2004-05-26,Shipped,2,5,2004,Classic Cars,Auto Canal Petit,France,EMEA,Small
1104,10265,45,86.84,3907.8,2004-07-02,Shipped,3,7,2004,Classic Cars,"Australian Collectables, Ltd",Australia,APAC,Medium
1105,10276,38,69.96,2658.48,2004-08-02,Shipped,3,8,2004,Classic Cars,Online Mini Collectables,USA,,Small
1106,10287,43,70.76,3042.68,2004-08-30,Shipped,3,8,2004,Classic Cars,"Vida Sport, Ltd",Switzerland,EMEA,Medium
1107,10300,49,78.8,3861.2,2003-10-04,Shipped,4,10,2003,Classic Cars,"Blauer See Auto, Co.",Germany,EMEA,Medium
1108,10310,27,80.41,2171.07,2004-10-16,Shipped,4,10,2004,Classic Cars,"Toms Spezialitten, Ltd",Germany,EMEA,Small
1109,10319,46,73.98,3403.08,2004-11-03,Shipped,4,11,2004,Classic Cars,Microscale Inc.,USA,,Medium
1110,10329,38,59.1,2245.8,2004-11-15,Shipped,4,11,2004,Classic Cars,Land of Toys Inc.,USA,,Small
1111,10342,25,66.74,1668.5,2004-11-24,Shipped,4,11,2004,Classic Cars,"Australian Collectors, Co.",Australia,APAC,Small
1112,10363,46,60.3,2773.8,2005-01-06,Shipped,1,1,2005,Classic Cars,Suominen Souveniers,Finland,EMEA,Small
1113,10378,22,100.0,2464.0,2005-02-10,Shipped,1,2,2005,Classic Cars,Euro Shopping Channel,Spain,EMEA,Small
1114,10390,40,100.0,5491.6,2005-03-04,Shipped,1,3,2005,Classic Cars,Mini Gifts Distributors Ltd.,USA,,Medium
1115,10103,46,100.0,4791.82,2003-01-29,Shipped,1,1,2003,Vintage Cars,Baane Mini Imports,Norway,EMEA,Medium
1116,10111,39,100.0,4178.85,2003-03-25,Shipped,1,3,2003,Vintage Cars,Mini Wheels Co.,USA,,Medium
1117,10126,38,82.34,3128.92,2003-05-28,Shipped,2,5,2003,Vintage Cars,"Corrida Auto Replicas, Ltd",Spain,EMEA,Medium
1118,10139,30,100.0,3095.4,2003-07-16,Shipped,3,7,2003,Vintage Cars,Souveniers And Things Co.,Australia,APAC,Medium
1119,10149,42,94.25,3958.5,2003-09-12,Shipped,3,9,2003,Vintage Cars,Signal Collectibles Ltd.,USA,,Medium
1120,10163,43,100.0,4991.44,2003-10-20,Shipped,4,10,2003,Vintage Cars,Classic Legends Inc.,USA,,Medium
1121,10173,29,95.24,2761.96,2003-11-05,Shipped,4,11,2003,Vintage Cars,Rovelli Gifts,Italy,EMEA,Small
1122,10182,33,86.31,2848.23,2003-11-12,Shipped,4,11,2003,Vintage Cars,Mini Gifts Distributors Ltd.,USA,,Small
1123,10193,32,79.37,2539.84,2003-11-21,Shipped,4,11,2003,Vintage Cars,"Australian Collectables, Ltd",Australia,APAC,Small
1124,10206,28,87.3,2444.4,2003-12-05,Shipped,4,12,2003,Vintage Cars,Canadian Gift Exchange Network,Canada,,Small
1125,10215,41,100.0,4555.92,2004-01-29,Shipped,1,1,2004,Vintage Cars,West Coast Collectables Co.,USA,,Medium
1126,10227,33,100.0,3666.96,2004-03-02,Shipped,1,3,2004,Vintage Cars,"Saveley & Henriot, Co.",France,EMEA,Medium
1127,10244,36,84.33,3035.88,2004-04-29,Shipped,2,4,2004,Vintage Cars,Euro Shopping Channel,Spain,EMEA,Medium
1128,10257,26,89.29,2321.54,2004-06-14,Shipped,2,6,2004,Vintage Cars,The Sharp Gifts Warehouse,USA,,Small
1129,10280,34,100.0,3474.46,2004-08-17,Shipped,3,8,2004,Vintage Cars,Amica Models & Co.,Italy,EMEA,Medium
1130,10290,26,96.23,2501.98,2004-09-07,Shipped,3,9,2004,Vintage Cars,Auto-Moto Classics Inc.,USA,,Small
1131,10304,38,100.0,3958.46,2004-10-11,Shipped,4,10,2004,Vintage Cars,Auto Assoc. & Cie.,France,EMEA,Medium
1132,10312,33,100.0,3535.95,2004-10-21,Shipped,4,10,2004,Vintage Cars,Mini Gifts Distributors Ltd.,USA,,Medium
1133,10323,33,91.27,3011.91,2004-11-05,Shipped,4,11,2004,Vintage Cars,"Blauer See Auto, Co.",Germany,EMEA,Medium
1134,10333,46,100.0,11336.7,2004-11-18,Shipped,4,11,2004,Vintage Cars,Mini Wheels Co.,USA,,Large
1135,10347,26,100.0,2656.94,2004-11-29,Shipped,4,11,2004,Vintage Cars,"Australian Collectors, Co.",Australia,APAC,Small
1136,10357,25,100.0,2604.25,2004-12-10,Shipped,4,12,2004,Vintage Cars,Mini Gifts Distributors Ltd.,USA,,Small
1137,10369,45,73.08,3288.6,2005-01-20,Shipped,1,1,2005,Vintage Cars,Collectables For Less Inc.,USA,,Medium
1138,10382,50,100.0,8935.5,2005-02-17,Shipped,1,2,2005,Vintage Cars,Mini Gifts Distributors Ltd.,USA,,Large
1139,10392,36,100.0,4035.96,2005-03-10,Shipped,1,3,2005,Vintage Cars,Mini Auto Werke,Austria,EMEA,Medium
1140,10423,21,89.29,1875.09,2005-05-30,In Process,2,5,2005,Vintage Cars,Petit Auto,Belgium,EMEA,Small
1141,10108,29,100.0,4049.56,2003-03-03,Shipped,1,3,2003,Classic Cars,Cruz & Sons Co.,Philippines,Japan,Medium
1142,10122,21,100.0,2469.39,2003-05-08,Shipped,2,5,2003,Classic Cars,Marseille Mini Autos,France,EMEA,Small
1143,10135,42,100.0,5432.7,2003-07-02,Shipped,3,7,2003,Classic Cars,Mini Gifts Distributors Ltd.,USA,,Medium
1144,10147,37,100.0,4405.22,2003-09-05,Shipped,3,9,2003,Classic Cars,Collectables For Less Inc.,USA,,Medium
1145,10159,25,100.0,3638.0,2003-10-10,Shipped,4,10,2003,Classic Cars,Corporate Gift Ideas Co.,USA,,Medium
1146,10169,36,100.0,4444.92,2003-11-04,Shipped,4,11,2003,Classic Cars,"Anna's Decorations, Ltd",Australia,APAC,Medium
1147,10181,22,100.0,3395.48,2003-11-12,Shipped,4,11,2003,Classic Cars,Herkku Gifts,Norway,EMEA,Medium
1148,10191,23,100.0,3414.58,2003-11-20,Shipped,4,11,2003,Classic Cars,"Toms Spezialitten, Ltd",Germany,EMEA,Medium
1149,10203,32,100.0,5127.04,2003-12-02,Shipped,4,12,2003,Classic Cars,Euro Shopping Channel,Spain,EMEA,Medium
1150,10211,28,100.0,3745.28,2004-01-15,Shipped,1,1,2004,Classic Cars,Auto Canal Petit,France,EMEA,Medium
1151,10225,27,100.0,4564.08,2004-02-22,Shipped,1,2,2004,Classic Cars,"Vida Sport, Ltd",Switzerland,EMEA,Medium
1152,10238,49,100.0,6554.24,2004-04-09,Shipped,2,4,2004,Classic Cars,Danish Wholesale Imports,Denmark,EMEA,Medium
1153,10252,41,100.0,6749.83,2004-05-26,Shipped,2,5,2004,Classic Cars,Auto Canal Petit,France,EMEA,Medium
1154,10265,49,100.0,8427.02,2004-07-02,Shipped,3,7,2004,Classic Cars,"Australian Collectables, Ltd",Australia,APAC,Large
1155,10276,30,100.0,3924.6,2004-08-02,Shipped,3,8,2004,Classic Cars,Online Mini Collectables,USA,,Medium
1156,10287,40,100.0,6761.6,2004-08-30,Shipped,3,8,2004,Classic Cars,"Vida Sport, Ltd",Switzerland,EMEA,Medium
1157,10300,23,100.0,3786.49,2003-10-04,Shipped,4,10,2003,Classic Cars,"Blauer See Auto, Co.",Germany,EMEA,Medium
1158,10310,49,100.0,6266.12,2004-10-16,Shipped,4,10,2004,Classic Cars,"Toms Spezialitten, Ltd",Germany,EMEA,Medium
1159,10320,25,100.0,3491.0,2004-11-03,Shipped,4,11,2004,Classic Cars,"Volvo Model Replicas, Co",Sweden,EMEA,Medium
1160,10330,37,100.0,4405.22,2004-11-16,Shipped,4,11,2004,Classic Cars,Cruz & Sons Co.,Philippines,Japan,Medium
1161,10342,55,100.0,6548.3,2004-11-24,Shipped,4,11,2004,Classic Cars,"Australian Collectors, Co.",Australia,APAC,Medium
1162,10355,23,100.0,3177.91,2004-12-07,Shipped,4,12,2004,Classic Cars,Euro Shopping Channel,Spain,EMEA,Medium
1163,10363,24,100.0,4142.64,2005-01-06,Shipped,1,1,2005,Classic Cars,Suominen Souveniers,Finland,EMEA,Medium
1164,10378,43,96.49,4149.07,2005-02-10,Shipped,1,2,2005,Classic Cars,Euro Shopping Channel,Spain,EMEA,Medium
1165,10390,50,100.0,7397.0,2005-03-04,Shipped,1,3,2005,Classic Cars,Mini Gifts Distributors Ltd.,USA,,Large
1166,10109,47,100.0,6241.6,2003-03-10,Shipped,1,3,2003,Classic Cars,Motor Mint Distributors Inc.,USA,,Medium
1167,10123,34,100.0,5331.88,2003-05-20,Shipped,2,5,2003,Classic Cars,Atelier graphique,France,EMEA,Medium
1168,10137,31,100.0,5124.3,2003-07-10,Shipped,3,7,2003,Classic Cars,Reims Collectables,France,EMEA,Medium
1169,10148,28,100.0,3639.44,2003-09-11,Shipped,3,9,2003,Classic Cars,"Anna's Decorations, Ltd",Australia,APAC,Medium
1170,10161,36,100.0,5544.0,2003-10-17,Shipped,4,10,2003,Classic Cars,Heintze Collectables,Denmark,EMEA,Medium
1171,10172,48,100.0,5493.12,2003-11-05,Shipped,4,11,2003,Classic Cars,Gift Depot Inc.,USA,,Medium
1172,10181,39,100.0,5785.26,2003-11-12,Shipped,4,11,2003,Classic Cars,Herkku Gifts,Norway,EMEA,Medium
1173,10192,45,100.0,5340.6,2003-11-20,Shipped,4,11,2003,Classic Cars,Online Diecast Creations Co.,USA,,Medium
1174,10204,35,100.0,5735.8,2003-12-02,Shipped,4,12,2003,Classic Cars,Muscle Machine Inc,USA,,Medium
1175,10212,45,100.0,6357.6,2004-01-16,Shipped,1,1,2004,Classic Cars,Euro Shopping Channel,Spain,EMEA,Medium
1176,10226,46,100.0,7343.9,2004-02-26,Shipped,1,2,2004,Classic Cars,Collectable Mini Designs Co.,USA,,Large
1177,10240,37,100.0,5959.22,2004-04-13,Shipped,2,4,2004,Classic Cars,Osaka Souveniers Co.,Japan,Japan,Medium
1178,10253,31,100.0,4029.38,2004-06-01,Cancelled,2,6,2004,Classic Cars,"UK Collectables, Ltd.",UK,EMEA,Medium
1179,10266,33,100.0,5035.14,2004-07-06,Shipped,3,7,2004,Classic Cars,L'ordine Souveniers,Italy,EMEA,Medium
1180,10278,31,100.0,4116.8,2004-08-06,Shipped,3,8,2004,Classic Cars,Signal Gift Stores,USA,,Medium
1181,10287,27,100.0,4310.55,2004-08-30,Shipped,3,8,2004,Classic Cars,"Vida Sport, Ltd",Switzerland,EMEA,Medium
1182,10301,39,100.0,6446.7,2003-10-05,Shipped,4,10,2003,Classic Cars,"Norway Gifts By Mail, Co.",Norway,EMEA,Medium
1183,10311,32,100.0,3616.64,2004-10-16,Shipped,4,10,2004,Classic Cars,Euro Shopping Channel,Spain,EMEA,Medium
1184,10321,28,100.0,4232.76,2004-11-04,Shipped,4,11,2004,Classic Cars,FunGiftIdeas.com,USA,,Medium
1185,10331,26,67.91,1765.66,2004-11-17,Shipped,4,11,2004,Classic Cars,Motor Mint Distributors Inc.,USA,,Small
1186,10343,44,84.88,3734.72,2004-11-24,Shipped,4,11,2004,Classic Cars,Reims Collectables,France,EMEA,Medium
1187,10367,46,100.0,4808.38,2005-01-12,Resolved,1,1,2005,Classic Cars,Toys4GrownUps.com,USA,,Medium
1188,10379,32,70.83,2266.56,2005-02-10,Shipped,1,2,2005,Classic Cars,Euro Shopping Channel,Spain,EMEA,Small
1189,10406,65,100.0,10468.9,2005-04-15,Disputed,2,4,2005,Classic Cars,Danish Wholesale Imports,Denmark,EMEA,Large
1190,10419,43,100.0,5589.14,2005-05-17,Shipped,2,5,2005,Classic Cars,Salzburg Collectables,Austria,EMEA,Medium
1191,10108,43,67.77,2914.11,2003-03-03,Shipped,1,3,2003,Motorcycles,Cruz & Sons Co.,Philippines,Japan,Small
1192,10122,35,49.74,1740.9,2003-05-08,Shipped,2,5,2003,Motorcycles,Marseille Mini Autos,France,EMEA,Small
1193,10135,45,50.36,2266.2,2003-07-02,Shipped,3,7,2003,Motorcycles,Mini Gifts Distributors Ltd.,USA,,Small
1194,10146,47,67.14,3155.58,2003-09-03,Shipped,3,9,2003,Motorcycles,Gift Ideas Corp.,USA,,Medium
1195,10159,21,64.66,1357.86,2003-10-10,Shipped,4,10,2003,Motorcycles,Corporate Gift Ideas Co.,USA,,Small
1196,10169,38,68.39,2598.82,2003-11-04,Shipped,4,11,2003,Motorcycles,"Anna's Decorations, Ltd",Australia,APAC,Small
1197,10180,21,50.36,1057.56,2003-11-11,Shipped,4,11,2003,Motorcycles,Daedalus Designs Imports,France,EMEA,Small
1198,10191,43,72.74,3127.82,2003-11-20,Shipped,4,11,2003,Motorcycles,"Toms Spezialitten, Ltd",Germany,EMEA,Medium
1199,10211,46,54.09,2488.14,2004-01-15,Shipped,1,1,2004,Motorcycles,Auto Canal Petit,France,EMEA,Small
1200,10224,38,58.44,2220.72,2004-02-21,Shipped,1,2,2004,Motorcycles,Daedalus Designs Imports,France,EMEA,Small
1201,10237,26,52.22,1357.72,2004-04-05,Shipped,2,4,2004,Motorcycles,Vitachrome Inc.,USA,,Small
1202,10252,31,52.84,1638.04,2004-05-26,Shipped,2,5,2004,Motorcycles,Auto Canal Petit,France,EMEA,Small
1203,10264,48,54.71,2626.08,2004-06-30,Shipped,2,6,2004,Motorcycles,Gifts4AllAges.com,USA,,Small
1204,10276,33,50.36,1661.88,2004-08-02,Shipped,3,8,2004,Motorcycles,Online Mini Collectables,USA,,Small
1205,10286,38,57.2,2173.6,2004-08-28,Shipped,3,8,2004,Motorcycles,"La Corne D'abondance, Co.",France,EMEA,Small
1206,10299,39,55.95,2182.05,2004-09-30,Shipped,3,9,2004,Motorcycles,"Toys of Finland, Co.",Finland,EMEA,Small
1207,10310,42,67.14,2819.88,2004-10-16,Shipped,4,10,2004,Motorcycles,"Toms Spezialitten, Ltd",Germany,EMEA,Small
1208,10319,44,59.06,2598.64,2004-11-03,Shipped,4,11,2004,Motorcycles,Microscale Inc.,USA,,Small
1209,10330,29,69.63,2019.27,2004-11-16,Shipped,4,11,2004,Motorcycles,Cruz & Sons Co.,Philippines,Japan,Small
1210,10342,26,55.95,1454.7,2004-11-24,Shipped,4,11,2004,Motorcycles,"Australian Collectors, Co.",Australia,APAC,Small
1211,10355,31,53.47,1657.57,2004-12-07,Shipped,4,12,2004,Motorcycles,Euro Shopping Channel,Spain,EMEA,Small
1212,10363,32,89.12,2851.84,2005-01-06,Shipped,1,1,2005,Motorcycles,Suominen Souveniers,Finland,EMEA,Small
1213,10378,28,100.0,4609.64,2005-02-10,Shipped,1,2,2005,Motorcycles,Euro Shopping Channel,Spain,EMEA,Medium
1214,10390,36,100.0,5079.96,2005-03-04,Shipped,1,3,2005,Motorcycles,Mini Gifts Distributors Ltd.,USA,,Medium
1215,10403,36,52.22,1879.92,2005-04-08,Shipped,2,4,2005,Motorcycles,"UK Collectables, Ltd.",UK,EMEA,Small
1216,10106,41,100.0,4774.86,2003-02-17,Shipped,1,2,2003,Vintage Cars,Rovelli Gifts,Italy,EMEA,Medium
1217,10119,27,99.52,2687.04,2003-04-28,Shipped,2,4,2003,Vintage Cars,Salzburg Collectables,Austria,EMEA,Small
1218,10130,33,100.0,3423.75,2003-06-16,Shipped,2,6,2003,Vintage Cars,Auto-Moto Classics Inc.,USA,,Medium
1219,10143,34,100.0,3455.76,2003-08-10,Shipped,3,8,2003,Vintage Cars,Mini Creations Ltd.,USA,,Medium
1220,10155,29,100.0,3622.97,2003-10-06,Shipped,4,10,2003,Vintage Cars,"Toys of Finland, Co.",Finland,EMEA,Medium
1221,10167,34,100.0,3599.58,2003-10-23,Cancelled,4,10,2003,Vintage Cars,Scandinavian Gift Ideas,Sweden,EMEA,Medium
1222,10178,48,100.0,5386.56,2003-11-08,Shipped,4,11,2003,Vintage Cars,Alpha Cognac,France,EMEA,Medium
1223,10186,46,100.0,4918.78,2003-11-14,Shipped,4,11,2003,Vintage Cars,"Double Decker Gift Stores, Ltd",UK,EMEA,Medium
1224,10197,22,100.0,2538.8,2003-11-26,Shipped,4,11,2003,Vintage Cars,Enaco Distributors,Spain,EMEA,Small
1225,10209,20,100.0,2498.6,2004-01-09,Shipped,1,1,2004,Vintage Cars,"Men 'R' US Retailers, Ltd.",USA,,Small
1226,10222,45,85.75,3858.75,2004-02-19,Shipped,1,2,2004,Vintage Cars,Collectable Mini Designs Co.,USA,,Medium
1227,10249,46,100.0,5600.5,2004-05-08,Shipped,2,5,2004,Vintage Cars,Cambridge Collectables Co.,USA,,Medium
1228,10262,34,100.0,4103.46,2004-06-24,Cancelled,2,6,2004,Vintage Cars,Euro Shopping Channel,Spain,EMEA,Medium
1229,10273,50,85.75,4287.5,2004-07-21,Shipped,3,7,2004,Vintage Cars,Petit Auto,Belgium,EMEA,Medium
1230,10283,46,100.0,5795.54,2004-08-20,Shipped,3,8,2004,Vintage Cars,"Royal Canadian Collectables, Ltd.",Canada,,Medium
1231,10296,22,84.7,1863.4,2004-09-15,Shipped,3,9,2004,Vintage Cars,"Bavarian Collectables Imports, Co.",Germany,EMEA,Small
1232,10307,48,86.81,4166.88,2004-10-14,Shipped,4,10,2004,Vintage Cars,"Classic Gift Ideas, Inc",USA,,Medium
1233,10316,47,86.81,4080.07,2004-11-01,Shipped,4,11,2004,Vintage Cars,giftsbymail.co.uk,UK,EMEA,Medium
1234,10328,34,100.0,3815.48,2004-11-12,Shipped,4,11,2004,Vintage Cars,Rovelli Gifts,Italy,EMEA,Medium
1235,10338,45,100.0,5526.45,2004-11-22,Shipped,4,11,2004,Vintage Cars,Royale Belge,Belgium,EMEA,Medium
1236,10351,20,100.0,3374.6,2004-12-03,Shipped,4,12,2004,Vintage Cars,"Stylish Desk Decors, Co.",UK,EMEA,Medium
1237,10373,50,60.49,3024.5,2005-01-31,Shipped,1,1,2005,Vintage Cars,"Oulu Toy Supplies, Inc.",Finland,EMEA,Medium
1238,10386,22,57.55,1266.1,2005-03-01,Resolved,1,3,2005,Vintage Cars,Euro Shopping Channel,Spain,EMEA,Small
1239,10398,45,100.0,4811.85,2005-03-30,Shipped,1,3,2005,Vintage Cars,Reims Collectables,France,EMEA,Medium
1240,10400,58,100.0,7307.42,2005-04-01,Shipped,2,4,2005,Vintage Cars,The Sharp Gifts Warehouse,USA,,Large
1241,10415,51,100.0,6209.25,2005-05-09,Disputed,2,5,2005,Vintage Cars,"Australian Collectables, Ltd",Australia,APAC,Medium
1242,10104,38,100.0,5348.5,2003-01-31,Shipped,1,1,2003,Classic Cars,Euro Shopping Channel,Spain,EMEA,Medium
1243,10117,22,100.0,2780.58,2003-04-16,Shipped,2,4,2003,Classic Cars,"Dragon Souveniers, Ltd.",Singapore,Japan,Small
1244,10127,25,100.0,3447.0,2003-06-03,Shipped,2,6,2003,Classic Cars,Muscle Machine Inc,USA,,Medium
1245,10142,24,100.0,3791.52,2003-08-08,Shipped,3,8,2003,Classic Cars,Mini Gifts Distributors Ltd.,USA,,Medium
1246,10152,35,100.0,4524.1,2003-09-25,Shipped,3,9,2003,Classic Cars,"Australian Gift Network, Co",Australia,APAC,Medium
1247,10165,28,100.0,3337.6,2003-10-22,Shipped,4,10,2003,Classic Cars,"Dragon Souveniers, Ltd.",Singapore,Japan,Medium
1248,10176,36,100.0,5532.12,2003-11-06,Shipped,4,11,2003,Classic Cars,L'ordine Souveniers,Italy,EMEA,Medium
1249,10185,39,100.0,5096.91,2003-11-14,Shipped,4,11,2003,Classic Cars,Mini Creations Ltd.,USA,,Medium
1250,10196,27,100.0,4537.08,2003-11-26,Shipped,4,11,2003,Classic Cars,Super Scale Inc.,USA,,Medium
1251,10207,40,100.0,6146.8,2003-12-09,Shipped,4,12,2003,Classic Cars,Diecast Collectables,USA,,Medium
1252,10220,50,100.0,8258.0,2004-02-12,Shipped,1,2,2004,Classic Cars,"Clover Collections, Co.",Ireland,EMEA,Large
1253,10230,42,100.0,7238.28,2004-03-15,Shipped,1,3,2004,Classic Cars,"Blauer See Auto, Co.",Germany,EMEA,Large
1254,10247,48,100.0,6756.0,2004-05-05,Shipped,2,5,2004,Classic Cars,Suominen Souveniers,Finland,EMEA,Medium
1255,10272,25,100.0,3734.0,2004-07-20,Shipped,3,7,2004,Classic Cars,Diecast Classics Inc.,USA,,Medium
1256,10282,31,100.0,4674.8,2004-08-20,Shipped,3,8,2004,Classic Cars,Mini Gifts Distributors Ltd.,USA,,Medium
1257,10292,44,100.0,7140.76,2004-09-08,Shipped,3,9,2004,Classic Cars,Land of Toys Inc.,USA,,Large
1258,10306,23,100.0,3600.65,2004-10-14,Shipped,4,10,2004,Classic Cars,"AV Stores, Co.",UK,EMEA,Medium
1259,10314,29,100.0,4206.74,2004-10-22,Shipped,4,10,2004,Classic Cars,Heintze Collectables,Denmark,EMEA,Medium
1260,10324,49,100.0,5379.71,2004-11-05,Shipped,4,11,2004,Classic Cars,Vitachrome Inc.,USA,,Medium
1261,10337,36,100.0,5679.36,2004-11-21,Shipped,4,11,2004,Classic Cars,Classic Legends Inc.,USA,,Medium
1262,10349,34,100.0,4394.84,2004-12-01,Shipped,4,12,2004,Classic Cars,Muscle Machine Inc,USA,,Medium
1263,10358,25,100.0,2528.25,2004-12-10,Shipped,4,12,2004,Classic Cars,Euro Shopping Channel,Spain,EMEA,Small
1264,10372,48,100.0,7031.52,2005-01-26,Shipped,1,1,2005,Classic Cars,"Tokyo Collectables, Ltd",Japan,Japan,Large
1265,10383,38,100.0,5340.9,2005-02-22,Shipped,1,2,2005,Classic Cars,Euro Shopping Channel,Spain,EMEA,Medium
1266,10394,37,100.0,6376.58,2005-03-15,Shipped,1,3,2005,Classic Cars,Euro Shopping Channel,Spain,EMEA,Medium
1267,10413,49,100.0,6896.75,2005-05-05,Shipped,2,5,2005,Classic Cars,Gift Depot Inc.,USA,,Medium
1268,10100,22,86.51,1903.22,2003-01-06,Shipped,1,1,2003,Vintage Cars,Online Diecast Creations Co.,USA,,Small
1269,10110,28,89.27,2499.56,2003-03-18,Shipped,1,3,2003,Vintage Cars,"AV Stores, Co.",UK,EMEA,Small
1270,10124,36,85.59,3081.24,2003-05-21,Shipped,2,5,2003,Vintage Cars,Signal Gift Stores,USA,,Medium
1271,10148,34,100.0,3598.22,2003-09-11,Shipped,3,9,2003,Vintage Cars,"Anna's Decorations, Ltd",Australia,APAC,Medium
1272,10162,39,100.0,3912.09,2003-10-18,Shipped,4,10,2003,Vintage Cars,Corporate Gift Ideas Co.,USA,,Medium
1273,10173,21,75.46,1584.66,2003-11-05,Shipped,4,11,2003,Vintage Cars,Rovelli Gifts,Italy,EMEA,Small
1274,10182,36,100.0,3942.72,2003-11-12,Shipped,4,11,2003,Vintage Cars,Mini Gifts Distributors Ltd.,USA,,Medium
1275,10193,24,97.55,2341.2,2003-11-21,Shipped,4,11,2003,Vintage Cars,"Australian Collectables, Ltd",Australia,APAC,Small
1276,10204,29,85.59,2482.11,2003-12-02,Shipped,4,12,2003,Vintage Cars,Muscle Machine Inc,USA,,Small
1277,10213,38,94.79,3602.02,2004-01-22,Shipped,1,1,2004,Vintage Cars,"Double Decker Gift Stores, Ltd",UK,EMEA,Medium
1278,10227,34,100.0,3566.94,2004-03-02,Shipped,1,3,2004,Vintage Cars,"Saveley & Henriot, Co.",France,EMEA,Medium
1279,10241,42,90.19,3787.98,2004-04-13,Shipped,2,4,2004,Vintage Cars,Mini Caravy,France,EMEA,Medium
1280,10280,35,100.0,3704.05,2004-08-17,Shipped,3,8,2004,Vintage Cars,Amica Models & Co.,Italy,EMEA,Medium
1281,10288,35,80.99,2834.65,2004-09-01,Shipped,3,9,2004,Vintage Cars,Handji Gifts& Co,Singapore,APAC,Small
1282,10302,38,89.27,3392.26,2003-10-06,Shipped,4,10,2003,Vintage Cars,"UK Collectables, Ltd.",UK,EMEA,Medium
1283,10311,41,81.91,3358.31,2004-10-16,Shipped,4,10,2004,Vintage Cars,Euro Shopping Channel,Spain,EMEA,Medium
1284,10332,50,100.0,7310.0,2004-11-17,Shipped,4,11,2004,Vintage Cars,"AV Stores, Co.",UK,EMEA,Large
1285,10344,21,100.0,2203.11,2004-11-25,Shipped,4,11,2004,Vintage Cars,Marseille Mini Autos,France,EMEA,Small
1286,10367,43,62.72,2696.96,2005-01-12,Resolved,1,1,2005,Vintage Cars,Toys4GrownUps.com,USA,,Small
1287,10380,32,100.0,3376.64,2005-02-16,Shipped,1,2,2005,Vintage Cars,Euro Shopping Channel,Spain,EMEA,Medium
1288,10407,6,90.19,541.14,2005-04-22,On Hold,2,4,2005,Vintage Cars,The Sharp Gifts Warehouse,USA,,Small
1289,10420,66,92.95,6134.7,2005-05-29,In Process,2,5,2005,Vintage Cars,Souveniers And Things Co.,Australia,APAC,Medium
1290,10105,41,82.5,3382.5,2003-02-11,Shipped,1,2,2003,Vintage Cars,Danish Wholesale Imports,Denmark,EMEA,Medium
1291,10117,23,97.42,2240.66,2003-04-16,Shipped,2,4,2003,Vintage Cars,"Dragon Souveniers, Ltd.",Singapore,Japan,Small
1292,10128,43,92.16,3962.88,2003-06-06,Shipped,2,6,2003,Vintage Cars,Euro Shopping Channel,Spain,EMEA,Medium
1293,10142,24,70.22,1685.28,2003-08-08,Shipped,3,8,2003,Vintage Cars,Mini Gifts Distributors Ltd.,USA,,Small
1294,10153,22,83.38,1834.36,2003-09-28,Shipped,3,9,2003,Vintage Cars,Euro Shopping Channel,Spain,EMEA,Small
1295,10166,26,73.73,1916.98,2003-10-21,Shipped,4,10,2003,Vintage Cars,FunGiftIdeas.com,USA,,Small
1296,10177,35,74.6,2611.0,2003-11-07,Shipped,4,11,2003,Vintage Cars,CAF Imports,Spain,EMEA,Small
1297,10185,47,77.24,3630.28,2003-11-14,Shipped,4,11,2003,Vintage Cars,Mini Creations Ltd.,USA,,Medium
1298,10197,50,100.0,5090.5,2003-11-26,Shipped,4,11,2003,Vintage Cars,Enaco Distributors,Spain,EMEA,Medium
1299,10208,45,87.77,3949.65,2004-01-02,Shipped,1,1,2004,Vintage Cars,"Saveley & Henriot, Co.",France,EMEA,Medium
1300,10221,39,89.53,3491.67,2004-02-18,Shipped,1,2,2004,Vintage Cars,Petit Auto,Belgium,EMEA,Medium
1301,10232,23,89.53,2059.19,2004-03-20,Shipped,1,3,2004,Vintage Cars,giftsbymail.co.uk,UK,EMEA,Small
1302,10248,42,75.48,3170.16,2004-05-07,Cancelled,2,5,2004,Vintage Cars,Land of Toys Inc.,USA,,Medium
1303,10261,20,89.53,1790.6,2004-06-17,Shipped,2,6,2004,Vintage Cars,Quebec Home Shopping Network,Canada,,Small
1304,10273,33,71.09,2345.97,2004-07-21,Shipped,3,7,2004,Vintage Cars,Petit Auto,Belgium,EMEA,Small
1305,10283,34,100.0,3580.88,2004-08-20,Shipped,3,8,2004,Vintage Cars,"Royal Canadian Collectables, Ltd.",Canada,,Medium
1306,10293,49,100.0,4946.06,2004-09-09,Shipped,3,9,2004,Vintage Cars,Amica Models & Co.,Italy,EMEA,Medium
1307,10306,39,90.4,3525.6,2004-10-14,Shipped,4,10,2004,Vintage Cars,"AV Stores, Co.",UK,EMEA,Medium
1308,10315,36,100.0,3602.16,2004-10-29,Shipped,4,10,2004,Vintage Cars,La Rochelle Gifts,France,EMEA,Medium
1309,10326,50,86.01,4300.5,2004-11-09,Shipped,4,11,2004,Vintage Cars,"Volvo Model Replicas, Co",Sweden,EMEA,Medium
1310,10337,29,100.0,4498.19,2004-11-21,Shipped,4,11,2004,Vintage Cars,Classic Legends Inc.,USA,,Medium
1311,10350,30,100.0,3023.1,2004-12-02,Shipped,4,12,2004,Vintage Cars,Euro Shopping Channel,Spain,EMEA,Medium
1312,10372,41,86.89,3562.49,2005-01-26,Shipped,1,1,2005,Vintage Cars,"Tokyo Collectables, Ltd",Japan,Japan,Medium
1313,10383,28,58.58,1640.24,2005-02-22,Shipped,1,2,2005,Vintage Cars,Euro Shopping Channel,Spain,EMEA,Small
1314,10396,45,100.0,4739.4,2005-03-23,Shipped,1,3,2005,Vintage Cars,Mini Gifts Distributors Ltd.,USA,,Medium
1315,10414,16,75.48,1207.68,2005-05-06,On Hold,2,5,2005,Vintage Cars,Gifts4AllAges.com,USA,,Small
1316,10103,36,100.0,4228.2,2003-01-29,Shipped,1,1,2003,Trucks and Buses,Baane Mini Imports,Norway,EMEA,Medium
1317,10114,41,100.0,4815.45,2003-04-01,Shipped,2,4,2003,Trucks and Buses,"La Corne D'abondance, Co.",France,EMEA,Medium
1318,10126,50,100.0,7083.0,2003-05-28,Shipped,2,5,2003,Trucks and Buses,"Corrida Auto Replicas, Ltd",Spain,EMEA,Large
1319,10140,40,100.0,4601.2,2003-07-24,Shipped,3,7,2003,Trucks and Buses,Technics Stores Inc.,USA,,Medium
1320,10150,49,100.0,6467.02,2003-09-19,Shipped,3,9,2003,Trucks and Buses,"Dragon Souveniers, Ltd.",Singapore,Japan,Medium
1321,10164,45,100.0,5012.55,2003-10-21,Resolved,4,10,2003,Trucks and Buses,Mini Auto Werke,Austria,EMEA,Medium
1322,10175,47,100.0,5121.59,2003-11-06,Shipped,4,11,2003,Trucks and Buses,"Stylish Desk Decors, Co.",UK,EMEA,Medium
1323,10183,21,100.0,2441.04,2003-11-13,Shipped,4,11,2003,Trucks and Buses,"Classic Gift Ideas, Inc",USA,,Small
1324,10194,32,100.0,4262.08,2003-11-25,Shipped,4,11,2003,Trucks and Buses,"Saveley & Henriot, Co.",France,EMEA,Medium
1325,10207,47,100.0,6658.02,2003-12-09,Shipped,4,12,2003,Trucks and Buses,Diecast Collectables,USA,,Medium
1326,10217,38,100.0,4509.08,2004-02-04,Shipped,1,2,2004,Trucks and Buses,Handji Gifts& Co,Singapore,APAC,Medium
1327,10229,41,100.0,4716.23,2004-03-11,Shipped,1,3,2004,Trucks and Buses,Mini Gifts Distributors Ltd.,USA,,Medium
1328,10245,21,100.0,2390.22,2004-05-04,Shipped,2,5,2004,Trucks and Buses,Super Scale Inc.,USA,,Small
1329,10259,41,100.0,4666.62,2004-06-15,Shipped,2,6,2004,Trucks and Buses,Handji Gifts& Co,Singapore,APAC,Medium
1330,10270,38,100.0,5383.08,2004-07-19,Shipped,3,7,2004,Trucks and Buses,Souveniers And Things Co.,Australia,APAC,Medium
1331,10281,25,99.29,2482.25,2004-08-19,Shipped,3,8,2004,Trucks and Buses,Diecast Classics Inc.,USA,,Small
1332,10291,48,100.0,5288.64,2004-09-08,Shipped,3,9,2004,Trucks and Buses,Scandinavian Gift Ideas,Sweden,EMEA,Medium
1333,10305,22,99.29,2184.38,2004-10-13,Shipped,4,10,2004,Trucks and Buses,Marta's Replicas Co.,USA,,Small
1334,10313,28,100.0,2881.76,2004-10-22,Shipped,4,10,2004,Trucks and Buses,Canadian Gift Exchange Network,Canada,,Small
1335,10323,47,100.0,6203.06,2004-11-05,Shipped,4,11,2004,Trucks and Buses,"Blauer See Auto, Co.",Germany,EMEA,Medium
1336,10334,49,100.0,6763.47,2004-11-19,On Hold,4,11,2004,Trucks and Buses,"Volvo Model Replicas, Co",Sweden,EMEA,Medium
1337,10347,45,100.0,5884.65,2004-11-29,Shipped,4,11,2004,Trucks and Buses,"Australian Collectors, Co.",Australia,APAC,Medium
1338,10357,28,100.0,3559.64,2004-12-10,Shipped,4,12,2004,Trucks and Buses,Mini Gifts Distributors Ltd.,USA,,Medium
1339,10370,29,57.53,1668.37,2005-01-20,Shipped,1,1,2005,Trucks and Buses,"Anna's Decorations, Ltd",Australia,APAC,Small
1340,10382,39,100.0,4890.6,2005-02-17,Shipped,1,2,2005,Trucks and Buses,Mini Gifts Distributors Ltd.,USA,,Medium
1341,10411,46,100.0,5235.72,2005-05-01,Shipped,2,5,2005,Trucks and Buses,Quebec Home Shopping Network,Canada,,Medium
1342,10425,38,100.0,4325.16,2005-05-31,In Process,2,5,2005,Trucks and Buses,La Rochelle Gifts,France,EMEA,Medium
1343,10103,41,47.29,1938.89,2003-01-29,Shipped,1,1,2003,Vintage Cars,Baane Mini Imports,Norway,EMEA,Small
1344,10113,50,49.81,2490.5,2003-03-26,Shipped,1,3,2003,Vintage Cars,Mini Gifts Distributors Ltd.,USA,,Small
1345,10126,43,53.83,2314.69,2003-05-28,Shipped,2,5,2003,Vintage Cars,"Corrida Auto Replicas, Ltd",Spain,EMEA,Small
1346,10140,29,43.27,1254.83,2003-07-24,Shipped,3,7,2003,Vintage Cars,Technics Stores Inc.,USA,,Small
1347,10150,30,42.76,1282.8,2003-09-19,Shipped,3,9,2003,Vintage Cars,"Dragon Souveniers, Ltd.",Singapore,Japan,Small
1348,10164,25,53.83,1345.75,2003-10-21,Resolved,4,10,2003,Vintage Cars,Mini Auto Werke,Austria,EMEA,Small
1349,10174,49,44.78,2194.22,2003-11-06,Shipped,4,11,2003,Vintage Cars,"Australian Gift Network, Co",Australia,APAC,Small
1350,10183,40,49.3,1972.0,2003-11-13,Shipped,4,11,2003,Vintage Cars,"Classic Gift Ideas, Inc",USA,,Small
1351,10194,41,44.78,1835.98,2003-11-25,Shipped,4,11,2003,Vintage Cars,"Saveley & Henriot, Co.",France,EMEA,Small
1352,10206,21,53.33,1119.93,2003-12-05,Shipped,4,12,2003,Vintage Cars,Canadian Gift Exchange Network,Canada,,Small
1353,10215,46,45.28,2082.88,2004-01-29,Shipped,1,1,2004,Vintage Cars,West Coast Collectables Co.,USA,,Small
1354,10229,39,40.25,1569.75,2004-03-11,Shipped,1,3,2004,Vintage Cars,Mini Gifts Distributors Ltd.,USA,,Small
1355,10245,45,59.87,2694.15,2004-05-04,Shipped,2,5,2004,Vintage Cars,Super Scale Inc.,USA,,Small
1356,10258,21,59.87,1257.27,2004-06-15,Shipped,2,6,2004,Vintage Cars,"Tokyo Collectables, Ltd",Japan,Japan,Small
1357,10270,44,58.36,2567.84,2004-07-19,Shipped,3,7,2004,Vintage Cars,Souveniers And Things Co.,Australia,APAC,Small
1358,10281,44,59.87,2634.28,2004-08-19,Shipped,3,8,2004,Vintage Cars,Diecast Classics Inc.,USA,,Small
1359,10291,29,51.82,1502.78,2004-09-08,Shipped,3,9,2004,Vintage Cars,Scandinavian Gift Ideas,Sweden,EMEA,Small
1360,10304,34,49.3,1676.2,2004-10-11,Shipped,4,10,2004,Vintage Cars,Auto Assoc. & Cie.,France,EMEA,Small
1361,10312,39,56.85,2217.15,2004-10-21,Shipped,4,10,2004,Vintage Cars,Mini Gifts Distributors Ltd.,USA,,Small
1362,10324,38,100.0,6832.02,2004-11-05,Shipped,4,11,2004,Vintage Cars,Vitachrome Inc.,USA,,Medium
1363,10333,24,79.86,1916.64,2004-11-18,Shipped,4,11,2004,Vintage Cars,Mini Wheels Co.,USA,,Small
1364,10348,29,100.0,7110.8,2004-11-01,Shipped,4,11,2004,Vintage Cars,"Corrida Auto Replicas, Ltd",Spain,EMEA,Large
1365,10358,30,100.0,5302.8,2004-12-10,Shipped,4,12,2004,Vintage Cars,Euro Shopping Channel,Spain,EMEA,Medium
1366,10370,20,100.0,2730.0,2005-01-20,Shipped,1,1,2005,Vintage Cars,"Anna's Decorations, Ltd",Australia,APAC,Small
1367,10382,39,100.0,7827.3,2005-02-17,Shipped,1,2,2005,Vintage Cars,Mini Gifts Distributors Ltd.,USA,,Large
1368,10411,35,59.87,2095.45,2005-05-01,Shipped,2,5,2005,Vintage Cars,Quebec Home Shopping Network,Canada,,Small
1369,10424,26,59.87,1556.62,2005-05-31,In Process,2,5,2005,Vintage Cars,Euro Shopping Channel,Spain,EMEA,Small
1370,10108,44,100.0,5565.12,2003-03-03,Shipped,1,3,2003,Classic Cars,Cruz & Sons Co.,Philippines,Japan,Medium
1371,10122,28,100.0,3583.16,2003-05-08,Shipped,2,5,2003,Classic Cars,Marseille Mini Autos,France,EMEA,Medium
1372,10135,31,100.0,4705.18,2003-07-02,Shipped,3,7,2003,Classic Cars,Mini Gifts Distributors Ltd.,USA,,Medium
1373,10146,29,100.0,4444.54,2003-09-03,Shipped,3,9,2003,Classic Cars,Gift Ideas Corp.,USA,,Medium
1374,10159,32,100.0,4618.88,2003-10-10,Shipped,4,10,2003,Classic Cars,Corporate Gift Ideas Co.,USA,,Medium
1375,10169,33,100.0,4910.4,2003-11-04,Shipped,4,11,2003,Classic Cars,"Anna's Decorations, Ltd",Australia,APAC,Medium
1376,10180,44,100.0,5565.12,2003-11-11,Shipped,4,11,2003,Classic Cars,Daedalus Designs Imports,France,EMEA,Medium
1377,10191,32,100.0,4237.76,2003-11-20,Shipped,4,11,2003,Classic Cars,"Toms Spezialitten, Ltd",Germany,EMEA,Medium
1378,10211,41,100.0,5673.58,2004-01-15,Shipped,1,1,2004,Classic Cars,Auto Canal Petit,France,EMEA,Medium
1379,10225,35,100.0,5260.15,2004-02-22,Shipped,1,2,2004,Classic Cars,"Vida Sport, Ltd",Switzerland,EMEA,Medium
1380,10238,44,100.0,6350.96,2004-04-09,Shipped,2,4,2004,Classic Cars,Danish Wholesale Imports,Denmark,EMEA,Medium
1381,10252,26,100.0,3559.4,2004-05-26,Shipped,2,5,2004,Classic Cars,Auto Canal Petit,France,EMEA,Medium
1382,10264,20,100.0,2410.6,2004-06-30,Shipped,2,6,2004,Classic Cars,Gifts4AllAges.com,USA,,Small
1383,10276,48,100.0,5713.92,2004-08-02,Shipped,3,8,2004,Classic Cars,Online Mini Collectables,USA,,Medium
1384,10287,34,100.0,4300.32,2004-08-30,Shipped,3,8,2004,Classic Cars,"Vida Sport, Ltd",Switzerland,EMEA,Medium
1385,10299,49,100.0,7947.31,2004-09-30,Shipped,3,9,2004,Classic Cars,"Toys of Finland, Co.",Finland,EMEA,Large
1386,10310,40,100.0,5356.8,2004-10-16,Shipped,4,10,2004,Classic Cars,"Toms Spezialitten, Ltd",Germany,EMEA,Medium
1387,10319,45,100.0,7901.1,2004-11-03,Shipped,4,11,2004,Classic Cars,Microscale Inc.,USA,,Large
1388,10330,50,100.0,6101.0,2004-11-16,Shipped,4,11,2004,Classic Cars,Cruz & Sons Co.,Philippines,Japan,Medium
1389,10342,38,100.0,6276.46,2004-11-24,Shipped,4,11,2004,Classic Cars,"Australian Collectors, Co.",Australia,APAC,Medium
1390,10355,25,100.0,4203.5,2004-12-07,Shipped,4,12,2004,Classic Cars,Euro Shopping Channel,Spain,EMEA,Medium
1391,10363,28,58.18,1629.04,2005-01-06,Shipped,1,1,2005,Classic Cars,Suominen Souveniers,Finland,EMEA,Small
1392,10378,49,67.14,3289.86,2005-02-10,Shipped,1,2,2005,Classic Cars,Euro Shopping Channel,Spain,EMEA,Medium
1393,10390,49,100.0,6862.94,2005-03-04,Shipped,1,3,2005,Classic Cars,Mini Gifts Distributors Ltd.,USA,,Medium
1394,10110,42,61.29,2574.18,2003-03-18,Shipped,1,3,2003,Classic Cars,"AV Stores, Co.",UK,EMEA,Small
1395,10124,23,57.73,1327.79,2003-05-21,Shipped,2,5,2003,Classic Cars,Signal Gift Stores,USA,,Small
1396,10148,29,81.25,2356.25,2003-09-11,Shipped,3,9,2003,Classic Cars,"Anna's Decorations, Ltd",Australia,APAC,Small
1397,10161,25,80.54,2013.5,2003-10-17,Shipped,4,10,2003,Classic Cars,Heintze Collectables,Denmark,EMEA,Small
1398,10173,39,71.98,2807.22,2003-11-05,Shipped,4,11,2003,Classic Cars,Rovelli Gifts,Italy,EMEA,Small
1399,10182,44,69.84,3072.96,2003-11-12,Shipped,4,11,2003,Classic Cars,Mini Gifts Distributors Ltd.,USA,,Medium
1400,10193,25,76.26,1906.5,2003-11-21,Shipped,4,11,2003,Classic Cars,"Australian Collectables, Ltd",Australia,APAC,Small
1401,10204,45,76.26,3431.7,2003-12-02,Shipped,4,12,2003,Classic Cars,Muscle Machine Inc,USA,,Medium
1402,10213,25,83.39,2084.75,2004-01-22,Shipped,1,1,2004,Classic Cars,"Double Decker Gift Stores, Ltd",UK,EMEA,Small
1403,10227,37,57.73,2136.01,2004-03-02,Shipped,1,3,2004,Classic Cars,"Saveley & Henriot, Co.",France,EMEA,Small
1404,10241,30,66.99,2009.7,2004-04-13,Shipped,2,4,2004,Classic Cars,Mini Caravy,France,EMEA,Small
1405,10267,36,75.55,2719.8,2004-07-07,Shipped,3,7,2004,Classic Cars,Muscle Machine Inc,USA,,Small
1406,10279,26,60.58,1575.08,2004-08-09,Shipped,3,8,2004,Classic Cars,Euro Shopping Channel,Spain,EMEA,Small
1407,10288,23,73.41,1688.43,2004-09-01,Shipped,3,9,2004,Classic Cars,Handji Gifts& Co,Singapore,APAC,Small
1408,10302,23,72.7,1672.1,2003-10-06,Shipped,4,10,2003,Classic Cars,"UK Collectables, Ltd.",UK,EMEA,Small
1409,10311,25,66.99,1674.75,2004-10-16,Shipped,4,10,2004,Classic Cars,Euro Shopping Channel,Spain,EMEA,Small
1410,10332,21,100.0,3472.98,2004-11-17,Shipped,4,11,2004,Classic Cars,"AV Stores, Co.",UK,EMEA,Medium
1411,10344,26,63.43,1649.18,2004-11-25,Shipped,4,11,2004,Classic Cars,Marseille Mini Autos,France,EMEA,Small
1412,10367,44,85.25,3751.0,2005-01-12,Resolved,1,1,2005,Classic Cars,Toys4GrownUps.com,USA,,Medium
1413,10380,24,100.0,4536.0,2005-02-16,Shipped,1,2,2005,Classic Cars,Euro Shopping Channel,Spain,EMEA,Medium
1414,10407,66,66.99,4421.34,2005-04-22,On Hold,2,4,2005,Classic Cars,The Sharp Gifts Warehouse,USA,,Medium
1415,10420,36,57.73,2078.28,2005-05-29,In Process,2,5,2005,Classic Cars,Souveniers And Things Co.,Australia,APAC,Small
1416,10110,36,85.25,3069.0,2003-03-18,Shipped,1,3,2003,Classic Cars,"AV Stores, Co.",UK,EMEA,Medium
1417,10124,22,77.9,1713.8,2003-05-21,Shipped,2,5,2003,Classic Cars,Signal Gift Stores,USA,,Small
1418,10148,25,60.26,1506.5,2003-09-11,Shipped,3,9,2003,Classic Cars,"Anna's Decorations, Ltd",Australia,APAC,Small
1419,10161,37,72.76,2692.12,2003-10-17,Shipped,4,10,2003,Classic Cars,Heintze Collectables,Denmark,EMEA,Small
1420,10172,32,75.69,2422.08,2003-11-05,Shipped,4,11,2003,Classic Cars,Gift Depot Inc.,USA,,Small
1421,10182,47,74.22,3488.34,2003-11-12,Shipped,4,11,2003,Classic Cars,Mini Gifts Distributors Ltd.,USA,,Medium
1422,10192,37,69.82,2583.34,2003-11-20,Shipped,4,11,2003,Classic Cars,Online Diecast Creations Co.,USA,,Small
1423,10204,20,62.47,1249.4,2003-12-02,Shipped,4,12,2003,Classic Cars,Muscle Machine Inc,USA,,Small
1424,10212,41,82.31,3374.71,2004-01-16,Shipped,1,1,2004,Classic Cars,Euro Shopping Channel,Spain,EMEA,Medium
1425,10226,21,60.26,1265.46,2004-02-26,Shipped,1,2,2004,Classic Cars,Collectable Mini Designs Co.,USA,,Small
1426,10241,22,76.43,1681.46,2004-04-13,Shipped,2,4,2004,Classic Cars,Mini Caravy,France,EMEA,Small
1427,10267,40,80.1,3204.0,2004-07-07,Shipped,3,7,2004,Classic Cars,Muscle Machine Inc,USA,,Medium
1428,10279,32,74.96,2398.72,2004-08-09,Shipped,3,8,2004,Classic Cars,Euro Shopping Channel,Spain,EMEA,Small
1429,10288,36,66.14,2381.04,2004-09-01,Shipped,3,9,2004,Classic Cars,Handji Gifts& Co,Singapore,APAC,Small
1430,10301,27,72.02,1944.54,2003-10-05,Shipped,4,10,2003,Classic Cars,"Norway Gifts By Mail, Co.",Norway,EMEA,Small
1431,10311,26,87.45,2273.7,2004-10-16,Shipped,4,10,2004,Classic Cars,Euro Shopping Channel,Spain,EMEA,Small
1432,10321,30,70.55,2116.5,2004-11-04,Shipped,4,11,2004,Classic Cars,FunGiftIdeas.com,USA,,Small
1433,10332,23,56.84,1307.32,2004-11-17,Shipped,4,11,2004,Classic Cars,"AV Stores, Co.",UK,EMEA,Small
1434,10344,29,59.53,1726.37,2004-11-25,Shipped,4,11,2004,Classic Cars,Marseille Mini Autos,France,EMEA,Small
1435,10367,21,60.37,1267.77,2005-01-12,Resolved,1,1,2005,Classic Cars,Toys4GrownUps.com,USA,,Small
1436,10380,34,100.0,3441.82,2005-02-16,Shipped,1,2,2005,Classic Cars,Euro Shopping Channel,Spain,EMEA,Medium
1437,10407,26,76.43,1987.18,2005-04-22,On Hold,2,4,2005,Classic Cars,The Sharp Gifts Warehouse,USA,,Small
1438,10420,60,64.67,3880.2,2005-05-29,In Process,2,5,2005,Classic Cars,Souveniers And Things Co.,Australia,APAC,Medium
1439,10104,35,55.49,1942.15,2003-01-31,Shipped,1,1,2003,Classic Cars,Euro Shopping Channel,Spain,EMEA,Small
1440,10115,47,69.36,3259.92,2003-04-04,Shipped,2,4,2003,Classic Cars,Classic Legends Inc.,USA,,Medium
1441,10127,20,60.69,1213.8,2003-06-03,Shipped,2,6,2003,Classic Cars,Muscle Machine Inc,USA,,Small
1442,10141,20,54.33,1086.6,2003-08-01,Shipped,3,8,2003,Classic Cars,Suominen Souveniers,Finland,EMEA,Small
1443,10152,25,65.31,1632.75,2003-09-25,Shipped,3,9,2003,Classic Cars,"Australian Gift Network, Co",Australia,APAC,Small
1444,10165,25,69.36,1734.0,2003-10-22,Shipped,4,10,2003,Classic Cars,"Dragon Souveniers, Ltd.",Singapore,Japan,Small
1445,10176,27,68.78,1857.06,2003-11-06,Shipped,4,11,2003,Classic Cars,L'ordine Souveniers,Italy,EMEA,Small
1446,10184,31,60.11,1863.41,2003-11-14,Shipped,4,11,2003,Classic Cars,"Iberia Gift Imports, Corp.",Spain,EMEA,Small
1447,10195,44,66.47,2924.68,2003-11-25,Shipped,4,11,2003,Classic Cars,Mini Classics,USA,,Small
1448,10207,49,46.82,2294.18,2003-12-09,Shipped,4,12,2003,Classic Cars,Diecast Collectables,USA,,Small
1449,10220,26,56.07,1457.82,2004-02-12,Shipped,1,2,2004,Classic Cars,"Clover Collections, Co.",Ireland,EMEA,Small
1450,10230,36,54.33,1955.88,2004-03-15,Shipped,1,3,2004,Classic Cars,"Blauer See Auto, Co.",Germany,EMEA,Small
1451,10246,44,52.6,2314.4,2004-05-05,Shipped,2,5,2004,Classic Cars,Euro Shopping Channel,Spain,EMEA,Small
1452,10259,28,46.82,1310.96,2004-06-15,Shipped,2,6,2004,Classic Cars,Handji Gifts& Co,Singapore,APAC,Small
1453,10271,45,64.74,2913.3,2004-07-20,Shipped,3,7,2004,Classic Cars,Mini Gifts Distributors Ltd.,USA,,Small
1454,10282,29,46.82,1357.78,2004-08-20,Shipped,3,8,2004,Classic Cars,Mini Gifts Distributors Ltd.,USA,,Small
1455,10292,40,53.75,2150.0,2004-09-08,Shipped,3,9,2004,Classic Cars,Land of Toys Inc.,USA,,Small
1456,10305,45,61.85,2783.25,2004-10-13,Shipped,4,10,2004,Classic Cars,Marta's Replicas Co.,USA,,Small
1457,10314,44,53.18,2339.92,2004-10-22,Shipped,4,10,2004,Classic Cars,Heintze Collectables,Denmark,EMEA,Small
1458,10324,25,69.16,1729.0,2004-11-05,Shipped,4,11,2004,Classic Cars,Vitachrome Inc.,USA,,Small
1459,10336,45,100.0,5972.4,2004-11-20,Shipped,4,11,2004,Classic Cars,"La Corne D'abondance, Co.",France,EMEA,Medium
1460,10349,48,47.4,2275.2,2004-12-01,Shipped,4,12,2004,Classic Cars,Muscle Machine Inc,USA,,Small
1461,10358,44,60.76,2673.44,2004-12-10,Shipped,4,12,2004,Classic Cars,Euro Shopping Channel,Spain,EMEA,Small
1462,10371,25,97.27,2431.75,2005-01-23,Shipped,1,1,2005,Classic Cars,Mini Gifts Distributors Ltd.,USA,,Small
1463,10383,22,91.76,2018.72,2005-02-22,Shipped,1,2,2005,Classic Cars,Euro Shopping Channel,Spain,EMEA,Small
1464,10394,31,50.29,1558.99,2005-03-15,Shipped,1,3,2005,Classic Cars,Euro Shopping Channel,Spain,EMEA,Small
1465,10412,21,52.6,1104.6,2005-05-03,Shipped,2,5,2005,Classic Cars,Euro Shopping Channel,Spain,EMEA,Small
1466,10425,55,46.82,2575.1,2005-05-31,In Process,2,5,2005,Classic Cars,La Rochelle Gifts,France,EMEA,Small
1467,10107,25,100.0,2845.75,2003-02-24,Shipped,1,2,2003,Motorcycles,Land of Toys Inc.,USA,,Small
1468,10120,35,98.05,3431.75,2003-04-29,Shipped,2,4,2003,Motorcycles,"Australian Collectors, Co.",Australia,APAC,Medium
1469,10134,35,93.54,3273.9,2003-07-01,Shipped,3,7,2003,Motorcycles,Lyon Souveniers,France,EMEA,Medium
1470,10145,43,95.8,4119.4,2003-08-25,Shipped,3,8,2003,Motorcycles,Toys4GrownUps.com,USA,,Medium
1471,10159,44,100.0,5355.68,2003-10-10,Shipped,4,10,2003,Motorcycles,Corporate Gift Ideas Co.,USA,,Medium
1472,10168,50,100.0,5747.5,2003-10-28,Shipped,4,10,2003,Motorcycles,Technics Stores Inc.,USA,,Medium
1473,10180,48,100.0,5355.36,2003-11-11,Shipped,4,11,2003,Motorcycles,Daedalus Designs Imports,France,EMEA,Medium
1474,10188,25,100.0,2535.75,2003-11-18,Shipped,4,11,2003,Motorcycles,Herkku Gifts,Norway,EMEA,Small
1475,10201,39,100.0,4351.23,2003-12-01,Shipped,4,12,2003,Motorcycles,Mini Wheels Co.,USA,,Medium
1476,10211,25,90.16,2254.0,2004-01-15,Shipped,1,1,2004,Motorcycles,Auto Canal Petit,France,EMEA,Small
1477,10223,32,91.29,2921.28,2004-02-20,Shipped,1,2,2004,Motorcycles,"Australian Collectors, Co.",Australia,APAC,Small
1478,10237,20,100.0,2299.0,2004-04-05,Shipped,2,4,2004,Motorcycles,Vitachrome Inc.,USA,,Small
1479,10251,26,100.0,2637.18,2004-05-18,Shipped,2,5,2004,Motorcycles,Tekni Collectables Inc.,USA,,Small
1480,10263,42,100.0,4307.52,2004-06-28,Shipped,2,6,2004,Motorcycles,Gift Depot Inc.,USA,,Medium
1481,10275,21,100.0,2153.76,2004-07-23,Shipped,3,7,2004,Motorcycles,La Rochelle Gifts,France,EMEA,Small
1482,10285,34,100.0,3716.88,2004-08-27,Shipped,3,8,2004,Motorcycles,Marta's Replicas Co.,USA,,Medium
1483,10299,47,100.0,5455.76,2004-09-30,Shipped,3,9,2004,Motorcycles,"Toys of Finland, Co.",Finland,EMEA,Medium
1484,10309,21,100.0,2650.62,2004-10-15,Shipped,4,10,2004,Motorcycles,Baane Mini Imports,Norway,EMEA,Small
1485,10318,48,100.0,6437.28,2004-11-02,Shipped,4,11,2004,Motorcycles,Diecast Classics Inc.,USA,,Medium
1486,10329,30,87.78,2633.4,2004-11-15,Shipped,4,11,2004,Motorcycles,Land of Toys Inc.,USA,,Small
1487,10339,27,84.39,2278.53,2004-11-23,Shipped,4,11,2004,Motorcycles,"Tokyo Collectables, Ltd",Japan,Japan,Small
1488,10362,50,96.92,4846.0,2005-01-05,Shipped,1,1,2005,Motorcycles,Technics Stores Inc.,USA,,Medium
1489,10374,38,100.0,4197.1,2005-02-02,Shipped,1,2,2005,Motorcycles,"Australian Gift Network, Co",Australia,APAC,Medium
1490,10389,45,100.0,4597.65,2005-03-03,Shipped,1,3,2005,Motorcycles,Scandinavian Gift Ideas,Sweden,EMEA,Medium
1491,10403,46,100.0,5287.7,2005-04-08,Shipped,2,4,2005,Motorcycles,"UK Collectables, Ltd.",UK,EMEA,Medium
1492,10417,35,100.0,3550.05,2005-05-13,Disputed,2,5,2005,Motorcycles,Euro Shopping Channel,Spain,EMEA,Medium
1493,10110,29,59.37,1721.73,2003-03-18,Shipped,1,3,2003,Classic Cars,"AV Stores, Co.",UK,EMEA,Small
1494,10123,50,59.87,2993.5,2003-05-20,Shipped,2,5,2003,Classic Cars,Atelier graphique,France,EMEA,Small
1495,10137,26,49.81,1295.06,2003-07-10,Shipped,3,7,2003,Classic Cars,Reims Collectables,France,EMEA,Small
1496,10148,47,56.85,2671.95,2003-09-11,Shipped,3,9,2003,Classic Cars,"Anna's Decorations, Ltd",Australia,APAC,Small
1497,10161,23,53.33,1226.59,2003-10-17,Shipped,4,10,2003,Classic Cars,Heintze Collectables,Denmark,EMEA,Small
1498,10172,34,42.76,1453.84,2003-11-05,Shipped,4,11,2003,Classic Cars,Gift Depot Inc.,USA,,Small
1499,10181,34,53.83,1830.22,2003-11-12,Shipped,4,11,2003,Classic Cars,Herkku Gifts,Norway,EMEA,Small
1500,10192,47,53.83,2530.01,2003-11-20,Shipped,4,11,2003,Classic Cars,Online Diecast Creations Co.,USA,,Small
1501,10204,45,49.81,2241.45,2003-12-02,Shipped,4,12,2003,Classic Cars,Muscle Machine Inc,USA,,Small
1502,10212,45,53.33,2399.85,2004-01-16,Shipped,1,1,2004,Classic Cars,Euro Shopping Channel,Spain,EMEA,Small
1503,10226,36,43.27,1557.72,2004-02-26,Shipped,1,2,2004,Classic Cars,Collectable Mini Designs Co.,USA,,Small
1504,10241,21,40.25,845.25,2004-04-13,Shipped,2,4,2004,Classic Cars,Mini Caravy,France,EMEA,Small
1505,10266,28,48.3,1352.4,2004-07-06,Shipped,3,7,2004,Classic Cars,L'ordine Souveniers,Italy,EMEA,Small
1506,10278,35,45.28,1584.8,2004-08-06,Shipped,3,8,2004,Classic Cars,Signal Gift Stores,USA,,Small
1507,10288,50,52.32,2616.0,2004-09-01,Shipped,3,9,2004,Classic Cars,Handji Gifts& Co,Singapore,APAC,Small
1508,10301,22,51.32,1129.04,2003-10-05,Shipped,4,10,2003,Classic Cars,"Norway Gifts By Mail, Co.",Norway,EMEA,Small
1509,10311,45,49.3,2218.5,2004-10-16,Shipped,4,10,2004,Classic Cars,Euro Shopping Channel,Spain,EMEA,Small
1510,10321,48,42.26,2028.48,2004-11-04,Shipped,4,11,2004,Classic Cars,FunGiftIdeas.com,USA,,Small
1511,10332,20,87.96,1759.2,2004-11-17,Shipped,4,11,2004,Classic Cars,"AV Stores, Co.",UK,EMEA,Small
1512,10343,27,36.21,977.67,2004-11-24,Shipped,4,11,2004,Classic Cars,Reims Collectables,France,EMEA,Small
1513,10367,38,38.5,1463.0,2005-01-12,Resolved,1,1,2005,Classic Cars,Toys4GrownUps.com,USA,,Small
1514,10379,32,100.0,3970.56,2005-02-10,Shipped,1,2,2005,Classic Cars,Euro Shopping Channel,Spain,EMEA,Medium
1515,10407,64,40.25,2576.0,2005-04-22,On Hold,2,4,2005,Classic Cars,The Sharp Gifts Warehouse,USA,,Small
1516,10420,37,60.37,2233.69,2005-05-29,In Process,2,5,2005,Classic Cars,Souveniers And Things Co.,Australia,APAC,Small
1517,10106,28,88.63,2481.64,2003-02-17,Shipped,1,2,2003,Planes,Rovelli Gifts,Italy,EMEA,Small
1518,10120,39,100.0,4651.53,2003-04-29,Shipped,2,4,2003,Planes,"Australian Collectors, Co.",Australia,APAC,Medium
1519,10133,41,94.1,3858.1,2003-06-27,Shipped,2,6,2003,Planes,Euro Shopping Channel,Spain,EMEA,Medium
1520,10145,40,87.54,3501.6,2003-08-25,Shipped,3,8,2003,Planes,Toys4GrownUps.com,USA,,Medium
1521,10168,49,100.0,6433.7,2003-10-28,Shipped,4,10,2003,Planes,Technics Stores Inc.,USA,,Medium
1522,10210,27,98.48,2658.96,2004-01-12,Shipped,1,1,2004,Planes,Osaka Souveniers Co.,Japan,Japan,Small
1523,10223,34,100.0,3608.76,2004-02-20,Shipped,1,2,2004,Planes,"Australian Collectors, Co.",Australia,APAC,Medium
1524,10235,23,96.29,2214.67,2004-04-02,Shipped,2,4,2004,Planes,"Royal Canadian Collectables, Ltd.",Canada,,Small
1525,10250,31,88.63,2747.53,2004-05-11,Shipped,2,5,2004,Planes,The Sharp Gifts Warehouse,USA,,Small
1526,10262,34,97.38,3310.92,2004-06-24,Cancelled,2,6,2004,Planes,Euro Shopping Channel,Spain,EMEA,Medium
1527,10275,25,95.2,2380.0,2004-07-23,Shipped,3,7,2004,Planes,La Rochelle Gifts,France,EMEA,Small
1528,10284,22,100.0,2310.88,2004-08-21,Shipped,3,8,2004,Planes,"Norway Gifts By Mail, Co.",Norway,EMEA,Small
1529,10297,32,100.0,4061.76,2004-09-16,Shipped,3,9,2004,Planes,"Clover Collections, Co.",Ireland,EMEA,Medium
1530,10308,31,100.0,3493.7,2004-10-15,Shipped,4,10,2004,Planes,Mini Classics,USA,,Medium
1531,10316,25,100.0,2872.25,2004-11-01,Shipped,4,11,2004,Planes,giftsbymail.co.uk,UK,EMEA,Small
1532,10328,47,87.54,4114.38,2004-11-12,Shipped,4,11,2004,Planes,Rovelli Gifts,Italy,EMEA,Medium
1533,10339,21,50.65,1063.65,2004-11-23,Shipped,4,11,2004,Planes,"Tokyo Collectables, Ltd",Japan,Japan,Small
1534,10353,28,71.73,2008.44,2004-12-04,Shipped,4,12,2004,Planes,Gift Ideas Corp.,USA,,Small
1535,10374,46,94.1,4328.6,2005-02-02,Shipped,1,2,2005,Planes,"Australian Gift Network, Co",Australia,APAC,Medium
1536,10386,33,41.71,1376.43,2005-03-01,Resolved,1,3,2005,Planes,Euro Shopping Channel,Spain,EMEA,Small
1537,10398,43,100.0,5552.16,2005-03-30,Shipped,1,3,2005,Planes,Reims Collectables,France,EMEA,Medium
1538,10401,38,96.29,3659.02,2005-04-03,On Hold,2,4,2005,Planes,Tekni Collectables Inc.,USA,,Medium
1539,10416,47,88.63,4165.61,2005-05-10,Shipped,2,5,2005,Planes,L'ordine Souveniers,Italy,EMEA,Medium
1540,10101,45,31.2,1404.0,2003-01-09,Shipped,1,1,2003,Vintage Cars,"Blauer See Auto, Co.",Germany,EMEA,Small
1541,10110,20,35.51,710.2,2003-03-18,Shipped,1,3,2003,Vintage Cars,"AV Stores, Co.",UK,EMEA,Small
1542,10124,45,37.84,1702.8,2003-05-21,Shipped,2,5,2003,Vintage Cars,Signal Gift Stores,USA,,Small
1543,10149,36,33.19,1194.84,2003-09-12,Shipped,3,9,2003,Vintage Cars,Signal Collectibles Ltd.,USA,,Small
1544,10162,37,27.22,1007.14,2003-10-18,Shipped,4,10,2003,Vintage Cars,Corporate Gift Ideas Co.,USA,,Small
1545,10173,31,31.53,977.43,2003-11-05,Shipped,4,11,2003,Vintage Cars,Rovelli Gifts,Italy,EMEA,Small
1546,10182,39,36.84,1436.76,2003-11-12,Shipped,4,11,2003,Vintage Cars,Mini Gifts Distributors Ltd.,USA,,Small
1547,10193,26,29.21,759.46,2003-11-21,Shipped,4,11,2003,Vintage Cars,"Australian Collectables, Ltd",Australia,APAC,Small
1548,10205,32,37.17,1189.44,2003-12-03,Shipped,4,12,2003,Vintage Cars,Euro Shopping Channel,Spain,EMEA,Small
1549,10214,20,34.19,683.8,2004-01-26,Shipped,1,1,2004,Vintage Cars,"Corrida Auto Replicas, Ltd",Spain,EMEA,Small
1550,10227,42,29.21,1226.82,2004-03-02,Shipped,1,3,2004,Vintage Cars,"Saveley & Henriot, Co.",France,EMEA,Small
1551,10243,33,29.54,974.82,2004-04-26,Shipped,2,4,2004,Vintage Cars,Diecast Collectables,USA,,Small
1552,10280,20,28.88,577.6,2004-08-17,Shipped,3,8,2004,Vintage Cars,Amica Models & Co.,Italy,EMEA,Small
1553,10288,29,38.17,1106.93,2004-09-01,Shipped,3,9,2004,Vintage Cars,Handji Gifts& Co,Singapore,APAC,Small
1554,10304,23,30.2,694.6,2004-10-11,Shipped,4,10,2004,Vintage Cars,Auto Assoc. & Cie.,France,EMEA,Small
1555,10312,39,29.54,1152.06,2004-10-21,Shipped,4,10,2004,Vintage Cars,Mini Gifts Distributors Ltd.,USA,,Small
1556,10322,20,100.0,2624.0,2004-11-04,Shipped,4,11,2004,Vintage Cars,Online Diecast Creations Co.,USA,,Small
1557,10332,45,81.91,3685.95,2004-11-17,Shipped,4,11,2004,Vintage Cars,"AV Stores, Co.",UK,EMEA,Medium
1558,10344,20,35.18,703.6,2004-11-25,Shipped,4,11,2004,Vintage Cars,Marseille Mini Autos,France,EMEA,Small
1559,10356,48,100.0,9720.0,2004-12-09,Shipped,4,12,2004,Vintage Cars,Lyon Souveniers,France,EMEA,Large
1560,10367,23,36.29,834.67,2005-01-12,Resolved,1,1,2005,Vintage Cars,Toys4GrownUps.com,USA,,Small
1561,10380,32,70.56,2257.92,2005-02-16,Shipped,1,2,2005,Vintage Cars,Euro Shopping Channel,Spain,EMEA,Small
1562,10391,33,100.0,8344.71,2005-03-09,Shipped,1,3,2005,Vintage Cars,"Anna's Decorations, Ltd",Australia,APAC,Large
1563,10409,61,29.54,1801.94,2005-04-23,Shipped,2,4,2005,Vintage Cars,Handji Gifts& Co,Singapore,APAC,Small
1564,10420,45,26.88,1209.6,2005-05-29,In Process,2,5,2005,Vintage Cars,Souveniers And Things Co.,Australia,APAC,Small
1565,10107,38,83.03,3155.14,2003-02-24,Shipped,1,2,2003,Motorcycles,Land of Toys Inc.,USA,,Medium
1566,10120,34,83.79,2848.86,2003-04-29,Shipped,2,4,2003,Motorcycles,"Australian Collectors, Co.",Australia,APAC,Small
1567,10134,43,83.03,3570.29,2003-07-01,Shipped,3,7,2003,Motorcycles,Lyon Souveniers,France,EMEA,Medium
1568,10145,47,83.03,3902.41,2003-08-25,Shipped,3,8,2003,Motorcycles,Toys4GrownUps.com,USA,,Medium
1569,10158,22,67.03,1474.66,2003-10-10,Shipped,4,10,2003,Motorcycles,Baane Mini Imports,Norway,EMEA,Small
1570,10168,29,75.41,2186.89,2003-10-28,Shipped,4,10,2003,Motorcycles,Technics Stores Inc.,USA,,Small
1571,10180,28,68.55,1919.4,2003-11-11,Shipped,4,11,2003,Motorcycles,Daedalus Designs Imports,France,EMEA,Small
1572,10188,40,91.4,3656.0,2003-11-18,Shipped,4,11,2003,Motorcycles,Herkku Gifts,Norway,EMEA,Medium
1573,10201,25,73.88,1847.0,2003-12-01,Shipped,4,12,2003,Motorcycles,Mini Wheels Co.,USA,,Small
1574,10210,30,61.7,1851.0,2004-01-12,Shipped,1,1,2004,Motorcycles,Osaka Souveniers Co.,Japan,Japan,Small
1575,10223,38,69.31,2633.78,2004-02-20,Shipped,1,2,2004,Motorcycles,"Australian Collectors, Co.",Australia,APAC,Small
1576,10236,36,87.6,3153.6,2004-04-03,Shipped,2,4,2004,Motorcycles,Motor Mint Distributors Inc.,USA,,Medium
1577,10250,32,87.6,2803.2,2004-05-11,Shipped,2,5,2004,Motorcycles,The Sharp Gifts Warehouse,USA,,Small
1578,10263,37,62.46,2311.02,2004-06-28,Shipped,2,6,2004,Motorcycles,Gift Depot Inc.,USA,,Small
1579,10275,30,79.98,2399.4,2004-07-23,Shipped,3,7,2004,Motorcycles,La Rochelle Gifts,France,EMEA,Small
1580,10285,39,70.08,2733.12,2004-08-27,Shipped,3,8,2004,Motorcycles,Marta's Replicas Co.,USA,,Small
1581,10297,32,65.51,2096.32,2004-09-16,Shipped,3,9,2004,Motorcycles,"Clover Collections, Co.",Ireland,EMEA,Small
1582,10308,47,63.22,2971.34,2004-10-15,Shipped,4,10,2004,Motorcycles,Mini Classics,USA,,Small
1583,10318,26,86.83,2257.58,2004-11-02,Shipped,4,11,2004,Motorcycles,Diecast Classics Inc.,USA,,Small
1584,10329,37,94.43,3493.91,2004-11-15,Shipped,4,11,2004,Motorcycles,Land of Toys Inc.,USA,,Medium
1585,10340,55,79.98,4398.9,2004-11-24,Shipped,4,11,2004,Motorcycles,Enaco Distributors,Spain,EMEA,Medium
1586,10363,21,100.0,3595.62,2005-01-06,Shipped,1,1,2005,Motorcycles,Suominen Souveniers,Finland,EMEA,Medium
1587,10375,23,100.0,2443.29,2005-02-03,Shipped,1,2,2005,Motorcycles,La Rochelle Gifts,France,EMEA,Small
1588,10389,49,81.4,3988.6,2005-03-03,Shipped,1,3,2005,Motorcycles,Scandinavian Gift Ideas,Sweden,EMEA,Medium
1589,10402,59,87.6,5168.4,2005-04-07,Shipped,2,4,2005,Motorcycles,Auto Canal Petit,France,EMEA,Medium
1590,10416,32,87.6,2803.2,2005-05-10,Shipped,2,5,2005,Motorcycles,L'ordine Souveniers,Italy,EMEA,Small
1591,10105,43,100.0,6341.21,2003-02-11,Shipped,1,2,2003,Ships,Danish Wholesale Imports,Denmark,EMEA,Medium
1592,10117,41,100.0,5189.78,2003-04-16,Shipped,2,4,2003,Ships,"Dragon Souveniers, Ltd.",Singapore,Japan,Medium
1593,10129,45,100.0,6027.75,2003-06-12,Shipped,2,6,2003,Ships,"Stylish Desk Decors, Co.",UK,EMEA,Medium
1594,10142,33,100.0,3366.0,2003-08-08,Shipped,3,8,2003,Ships,Mini Gifts Distributors Ltd.,USA,,Medium
1595,10153,40,100.0,5456.4,2003-09-28,Shipped,3,9,2003,Ships,Euro Shopping Channel,Spain,EMEA,Medium
1596,10167,33,100.0,3812.16,2003-10-23,Cancelled,4,10,2003,Ships,Scandinavian Gift Ideas,Sweden,EMEA,Medium
1597,10177,50,100.0,6083.0,2003-11-07,Shipped,4,11,2003,Ships,CAF Imports,Spain,EMEA,Medium
1598,10185,30,100.0,3170.7,2003-11-14,Shipped,4,11,2003,Ships,Mini Creations Ltd.,USA,,Medium
1599,10197,41,100.0,4534.6,2003-11-26,Shipped,4,11,2003,Ships,Enaco Distributors,Spain,EMEA,Medium
1600,10208,35,100.0,4301.15,2004-01-02,Shipped,1,1,2004,Ships,"Saveley & Henriot, Co.",France,EMEA,Medium
1601,10221,49,100.0,6804.63,2004-02-18,Shipped,1,2,2004,Ships,Petit Auto,Belgium,EMEA,Medium
1602,10232,46,100.0,5652.94,2004-03-20,Shipped,1,3,2004,Ships,giftsbymail.co.uk,UK,EMEA,Medium
1603,10248,48,100.0,6960.48,2004-05-07,Cancelled,2,5,2004,Ships,Land of Toys Inc.,USA,,Medium
1604,10261,36,100.0,4512.6,2004-06-17,Shipped,2,6,2004,Ships,Quebec Home Shopping Network,Canada,,Medium
1605,10273,22,100.0,2784.76,2004-07-21,Shipped,3,7,2004,Ships,Petit Auto,Belgium,EMEA,Small
1606,10283,42,100.0,5316.36,2004-08-20,Shipped,3,8,2004,Ships,"Royal Canadian Collectables, Ltd.",Canada,,Medium
1607,10293,21,100.0,2941.89,2004-09-09,Shipped,3,9,2004,Ships,Amica Models & Co.,Italy,EMEA,Small
1608,10306,29,100.0,3207.4,2004-10-14,Shipped,4,10,2004,Ships,"AV Stores, Co.",UK,EMEA,Medium
1609,10315,35,100.0,4215.05,2004-10-29,Shipped,4,10,2004,Ships,La Rochelle Gifts,France,EMEA,Medium
1610,10326,41,100.0,4333.29,2004-11-09,Shipped,4,11,2004,Ships,"Volvo Model Replicas, Co",Sweden,EMEA,Medium
1611,10337,29,71.97,2087.13,2004-11-21,Shipped,4,11,2004,Ships,Classic Legends Inc.,USA,,Small
1612,10350,34,50.33,1711.22,2004-12-02,Shipped,4,12,2004,Ships,Euro Shopping Channel,Spain,EMEA,Small
1613,10372,37,100.0,3910.53,2005-01-26,Shipped,1,1,2005,Ships,"Tokyo Collectables, Ltd",Japan,Japan,Medium
1614,10384,28,80.54,2255.12,2005-02-23,Shipped,1,2,2005,Ships,Corporate Gift Ideas Co.,USA,,Small
1615,10396,49,100.0,5720.75,2005-03-23,Shipped,1,3,2005,Ships,Mini Gifts Distributors Ltd.,USA,,Medium
1616,10414,23,100.0,3335.23,2005-05-06,On Hold,2,5,2005,Ships,Gifts4AllAges.com,USA,,Medium
1617,10101,46,53.76,2472.96,2003-01-09,Shipped,1,1,2003,Vintage Cars,"Blauer See Auto, Co.",Germany,EMEA,Small
1618,10110,39,44.35,1729.65,2003-03-18,Shipped,1,3,2003,Vintage Cars,"AV Stores, Co.",UK,EMEA,Small
1619,10124,22,45.25,995.5,2003-05-21,Shipped,2,5,2003,Vintage Cars,Signal Gift Stores,USA,,Small
1620,10149,49,49.28,2414.72,2003-09-12,Shipped,3,9,2003,Vintage Cars,Signal Collectibles Ltd.,USA,,Small
1621,10162,43,36.29,1560.47,2003-10-18,Shipped,4,10,2003,Vintage Cars,Corporate Gift Ideas Co.,USA,,Small
1622,10173,27,41.22,1112.94,2003-11-05,Shipped,4,11,2003,Vintage Cars,Rovelli Gifts,Italy,EMEA,Small
1623,10182,31,36.74,1138.94,2003-11-12,Shipped,4,11,2003,Vintage Cars,Mini Gifts Distributors Ltd.,USA,,Small
1624,10193,20,50.62,1012.4,2003-11-21,Shipped,4,11,2003,Vintage Cars,"Australian Collectables, Ltd",Australia,APAC,Small
1625,10205,24,38.08,913.92,2003-12-03,Shipped,4,12,2003,Vintage Cars,Euro Shopping Channel,Spain,EMEA,Small
1626,10214,49,47.94,2349.06,2004-01-26,Shipped,1,1,2004,Vintage Cars,"Corrida Auto Replicas, Ltd",Spain,EMEA,Small
1627,10227,24,48.38,1161.12,2004-03-02,Shipped,1,3,2004,Vintage Cars,"Saveley & Henriot, Co.",France,EMEA,Small
1628,10244,39,45.25,1764.75,2004-04-29,Shipped,2,4,2004,Vintage Cars,Euro Shopping Channel,Spain,EMEA,Small
1629,10255,37,45.7,1690.9,2004-06-04,Shipped,2,6,2004,Vintage Cars,Mini Caravy,France,EMEA,Small
1630,10280,45,47.49,2137.05,2004-08-17,Shipped,3,8,2004,Vintage Cars,Amica Models & Co.,Italy,EMEA,Small
1631,10289,45,48.38,2177.1,2004-09-03,Shipped,3,9,2004,Vintage Cars,Herkku Gifts,Norway,EMEA,Small
1632,10304,44,39.42,1734.48,2004-10-11,Shipped,4,10,2004,Vintage Cars,Auto Assoc. & Cie.,France,EMEA,Small
1633,10312,23,37.63,865.49,2004-10-21,Shipped,4,10,2004,Vintage Cars,Mini Gifts Distributors Ltd.,USA,,Small
1634,10322,30,100.0,3500.1,2004-11-04,Shipped,4,11,2004,Vintage Cars,Online Diecast Creations Co.,USA,,Medium
1635,10332,26,85.52,2223.52,2004-11-17,Shipped,4,11,2004,Vintage Cars,"AV Stores, Co.",UK,EMEA,Small
1636,10345,43,53.76,2311.68,2004-11-25,Shipped,4,11,2004,Vintage Cars,Atelier graphique,France,EMEA,Small
1637,10356,26,31.86,828.36,2004-12-09,Shipped,4,12,2004,Vintage Cars,Lyon Souveniers,France,EMEA,Small
1638,10367,28,30.59,856.52,2005-01-12,Resolved,1,1,2005,Vintage Cars,Toys4GrownUps.com,USA,,Small
1639,10380,27,68.35,1845.45,2005-02-16,Shipped,1,2,2005,Vintage Cars,Euro Shopping Channel,Spain,EMEA,Small
1640,10391,24,100.0,4042.08,2005-03-09,Shipped,1,3,2005,Vintage Cars,"Anna's Decorations, Ltd",Australia,APAC,Medium
1641,10421,40,45.7,1828.0,2005-05-29,In Process,2,5,2005,Vintage Cars,Mini Gifts Distributors Ltd.,USA,,Small
1642,10103,36,100.0,3680.28,2003-01-29,Shipped,1,1,2003,Trucks and Buses,Baane Mini Imports,Norway,EMEA,Medium
1643,10114,21,100.0,2925.09,2003-04-01,Shipped,2,4,2003,Trucks and Buses,"La Corne D'abondance, Co.",France,EMEA,Small
1644,10126,27,100.0,3415.77,2003-05-28,Shipped,2,5,2003,Trucks and Buses,"Corrida Auto Replicas, Ltd",Spain,EMEA,Medium
1645,10140,47,100.0,5105.14,2003-07-24,Shipped,3,7,2003,Trucks and Buses,Technics Stores Inc.,USA,,Medium
1646,10151,42,100.0,5098.8,2003-09-21,Shipped,3,9,2003,Trucks and Buses,"Oulu Toy Supplies, Inc.",Finland,EMEA,Medium
1647,10165,32,100.0,4661.76,2003-10-22,Shipped,4,10,2003,Trucks and Buses,"Dragon Souveniers, Ltd.",Singapore,Japan,Medium
1648,10175,28,100.0,2969.96,2003-11-06,Shipped,4,11,2003,Trucks and Buses,"Stylish Desk Decors, Co.",UK,EMEA,Small
1649,10184,24,100.0,3496.32,2003-11-14,Shipped,4,11,2003,Trucks and Buses,"Iberia Gift Imports, Corp.",Spain,EMEA,Medium
1650,10194,49,100.0,5760.93,2003-11-25,Shipped,4,11,2003,Trucks and Buses,"Saveley & Henriot, Co.",France,EMEA,Medium
1651,10207,46,100.0,6819.04,2003-12-09,Shipped,4,12,2003,Trucks and Buses,Diecast Collectables,USA,,Medium
1652,10217,28,100.0,3148.88,2004-02-04,Shipped,1,2,2004,Trucks and Buses,Handji Gifts& Co,Singapore,APAC,Medium
1653,10229,48,100.0,5704.32,2004-03-11,Shipped,1,3,2004,Trucks and Buses,Mini Gifts Distributors Ltd.,USA,,Medium
1654,10246,29,100.0,3520.6,2004-05-05,Shipped,2,5,2004,Trucks and Buses,Euro Shopping Channel,Spain,EMEA,Medium
1655,10259,47,100.0,5285.62,2004-06-15,Shipped,2,6,2004,Trucks and Buses,Handji Gifts& Co,Singapore,APAC,Medium
1656,10271,43,100.0,5605.05,2004-07-20,Shipped,3,7,2004,Trucks and Buses,Mini Gifts Distributors Ltd.,USA,,Medium
1657,10281,25,100.0,2779.5,2004-08-19,Shipped,3,8,2004,Trucks and Buses,Diecast Classics Inc.,USA,,Small
1658,10291,48,100.0,5398.08,2004-09-08,Shipped,3,9,2004,Trucks and Buses,Scandinavian Gift Ideas,Sweden,EMEA,Medium
1659,10305,24,100.0,3189.6,2004-10-13,Shipped,4,10,2004,Trucks and Buses,Marta's Replicas Co.,USA,,Medium
1660,10313,42,100.0,5581.8,2004-10-22,Shipped,4,10,2004,Trucks and Buses,Canadian Gift Exchange Network,Canada,,Medium
1661,10324,31,100.0,3820.44,2004-11-05,Shipped,4,11,2004,Trucks and Buses,Vitachrome Inc.,USA,,Medium
1662,10334,42,100.0,5528.04,2004-11-19,On Hold,4,11,2004,Trucks and Buses,"Volvo Model Replicas, Co",Sweden,EMEA,Medium
1663,10348,37,100.0,5981.42,2004-11-01,Shipped,4,11,2004,Trucks and Buses,"Corrida Auto Replicas, Ltd",Spain,EMEA,Medium
1664,10358,41,100.0,5684.65,2004-12-10,Shipped,4,12,2004,Trucks and Buses,Euro Shopping Channel,Spain,EMEA,Medium
1665,10371,20,100.0,3449.4,2005-01-23,Shipped,1,1,2005,Trucks and Buses,Mini Gifts Distributors Ltd.,USA,,Medium
1666,10382,20,100.0,2654.4,2005-02-17,Shipped,1,2,2005,Trucks and Buses,Mini Gifts Distributors Ltd.,USA,,Small
1667,10412,70,100.0,8498.0,2005-05-03,Shipped,2,5,2005,Trucks and Buses,Euro Shopping Channel,Spain,EMEA,Large
1668,10425,49,100.0,5510.54,2005-05-31,In Process,2,5,2005,Trucks and Buses,La Rochelle Gifts,France,EMEA,Medium
1669,10108,35,58.87,2060.45,2003-03-03,Shipped,1,3,2003,Motorcycles,Cruz & Sons Co.,Philippines,Japan,Small
1670,10121,32,76.88,2460.16,2003-05-07,Shipped,2,5,2003,Motorcycles,Reims Collectables,France,EMEA,Small
1671,10135,29,61.64,1787.56,2003-07-02,Shipped,3,7,2003,Motorcycles,Mini Gifts Distributors Ltd.,USA,,Small
1672,10145,27,60.95,1645.65,2003-08-25,Shipped,3,8,2003,Motorcycles,Toys4GrownUps.com,USA,,Small
1673,10159,27,80.34,2169.18,2003-10-10,Shipped,4,10,2003,Motorcycles,Corporate Gift Ideas Co.,USA,,Small
1674,10169,38,74.11,2816.18,2003-11-04,Shipped,4,11,2003,Motorcycles,"Anna's Decorations, Ltd",Australia,APAC,Small
1675,10180,35,72.03,2521.05,2003-11-11,Shipped,4,11,2003,Motorcycles,Daedalus Designs Imports,France,EMEA,Small
1676,10190,42,76.19,3199.98,2003-11-19,Shipped,4,11,2003,Motorcycles,Euro Shopping Channel,Spain,EMEA,Medium
1677,10211,21,63.72,1338.12,2004-01-15,Shipped,1,1,2004,Motorcycles,Auto Canal Petit,France,EMEA,Small
1678,10224,37,80.34,2972.58,2004-02-21,Shipped,1,2,2004,Motorcycles,Daedalus Designs Imports,France,EMEA,Small
1679,10237,26,79.65,2070.9,2004-04-05,Shipped,2,4,2004,Motorcycles,Vitachrome Inc.,USA,,Small
1680,10252,47,65.8,3092.6,2004-05-26,Shipped,2,5,2004,Motorcycles,Auto Canal Petit,France,EMEA,Medium
1681,10264,37,65.1,2408.7,2004-06-30,Shipped,2,6,2004,Motorcycles,Gifts4AllAges.com,USA,,Small
1682,10276,46,75.49,3472.54,2004-08-02,Shipped,3,8,2004,Motorcycles,Online Mini Collectables,USA,,Medium
1683,10285,38,59.56,2263.28,2004-08-27,Shipped,3,8,2004,Motorcycles,Marta's Replicas Co.,USA,,Small
1684,10299,33,66.49,2194.17,2004-09-30,Shipped,3,9,2004,Motorcycles,"Toys of Finland, Co.",Finland,EMEA,Small
1685,10309,24,56.1,1346.4,2004-10-15,Shipped,4,10,2004,Motorcycles,Baane Mini Imports,Norway,EMEA,Small
1686,10319,31,81.73,2533.63,2004-11-03,Shipped,4,11,2004,Motorcycles,Microscale Inc.,USA,,Small
1687,10330,42,81.03,3403.26,2004-11-16,Shipped,4,11,2004,Motorcycles,Cruz & Sons Co.,Philippines,Japan,Medium
1688,10341,32,100.0,3307.2,2004-11-24,Shipped,4,11,2004,Motorcycles,Salzburg Collectables,Austria,EMEA,Medium
1689,10355,41,70.65,2896.65,2004-12-07,Shipped,4,12,2004,Motorcycles,Euro Shopping Channel,Spain,EMEA,Small
1690,10363,43,61.23,2632.89,2005-01-06,Shipped,1,1,2005,Motorcycles,Suominen Souveniers,Finland,EMEA,Small
1691,10375,20,100.0,2046.0,2005-02-03,Shipped,1,2,2005,Motorcycles,La Rochelle Gifts,France,EMEA,Small
1692,10390,35,65.13,2279.55,2005-03-04,Shipped,1,3,2005,Motorcycles,Mini Gifts Distributors Ltd.,USA,,Small
1693,10403,27,79.65,2150.55,2005-04-08,Shipped,2,4,2005,Motorcycles,"UK Collectables, Ltd.",UK,EMEA,Small
1694,10110,43,78.15,3360.45,2003-03-18,Shipped,1,3,2003,Classic Cars,"AV Stores, Co.",UK,EMEA,Medium
1695,10124,32,72.7,2326.4,2003-05-21,Shipped,2,5,2003,Classic Cars,Signal Gift Stores,USA,,Small
1696,10148,21,73.6,1545.6,2003-09-11,Shipped,3,9,2003,Classic Cars,"Anna's Decorations, Ltd",Australia,APAC,Small
1697,10161,20,100.0,2144.6,2003-10-17,Shipped,4,10,2003,Classic Cars,Heintze Collectables,Denmark,EMEA,Small
1698,10172,22,74.51,1639.22,2003-11-05,Shipped,4,11,2003,Classic Cars,Gift Depot Inc.,USA,,Small
1699,10182,36,73.6,2649.6,2003-11-12,Shipped,4,11,2003,Classic Cars,Mini Gifts Distributors Ltd.,USA,,Small
1700,10192,46,83.6,3845.6,2003-11-20,Shipped,4,11,2003,Classic Cars,Online Diecast Creations Co.,USA,,Medium
1701,10204,47,96.32,4527.04,2003-12-02,Shipped,4,12,2003,Classic Cars,Muscle Machine Inc,USA,,Medium
1702,10212,45,88.14,3966.3,2004-01-16,Shipped,1,1,2004,Classic Cars,Euro Shopping Channel,Spain,EMEA,Medium
1703,10227,47,88.14,4142.58,2004-03-02,Shipped,1,3,2004,Classic Cars,"Saveley & Henriot, Co.",France,EMEA,Medium
1704,10241,47,94.5,4441.5,2004-04-13,Shipped,2,4,2004,Classic Cars,Mini Caravy,France,EMEA,Medium
1705,10267,38,87.24,3315.12,2004-07-07,Shipped,3,7,2004,Classic Cars,Muscle Machine Inc,USA,,Medium
1706,10279,49,79.97,3918.53,2004-08-09,Shipped,3,8,2004,Classic Cars,Euro Shopping Channel,Spain,EMEA,Medium
1707,10288,35,80.87,2830.45,2004-09-01,Shipped,3,9,2004,Classic Cars,Handji Gifts& Co,Singapore,APAC,Small
1708,10302,49,100.0,5298.86,2003-10-06,Shipped,4,10,2003,Classic Cars,"UK Collectables, Ltd.",UK,EMEA,Medium
1709,10311,28,93.6,2620.8,2004-10-16,Shipped,4,10,2004,Classic Cars,Euro Shopping Channel,Spain,EMEA,Small
1710,10321,30,72.7,2181.0,2004-11-04,Shipped,4,11,2004,Classic Cars,FunGiftIdeas.com,USA,,Small
1711,10332,39,86.72,3382.08,2004-11-17,Shipped,4,11,2004,Classic Cars,"AV Stores, Co.",UK,EMEA,Medium
1712,10346,25,100.0,2876.75,2004-11-29,Shipped,4,11,2004,Classic Cars,Signal Gift Stores,USA,,Small
1713,10368,40,100.0,4107.2,2005-01-19,Shipped,1,1,2005,Classic Cars,Mini Gifts Distributors Ltd.,USA,,Medium
1714,10380,36,37.5,1350.0,2005-02-16,Shipped,1,2,2005,Classic Cars,Euro Shopping Channel,Spain,EMEA,Small
1715,10407,76,94.5,7182.0,2005-04-22,On Hold,2,4,2005,Classic Cars,The Sharp Gifts Warehouse,USA,,Large
1716,10420,39,100.0,3933.93,2005-05-29,In Process,2,5,2005,Classic Cars,Souveniers And Things Co.,Australia,APAC,Medium
1717,10104,44,39.6,1742.4,2003-01-31,Shipped,1,1,2003,Classic Cars,Euro Shopping Channel,Spain,EMEA,Small
1718,10114,24,30.06,721.44,2003-04-01,Shipped,2,4,2003,Classic Cars,"La Corne D'abondance, Co.",France,EMEA,Small
1719,10127,39,38.19,1489.41,2003-06-03,Shipped,2,6,2003,Classic Cars,Muscle Machine Inc,USA,,Small
1720,10141,21,42.43,891.03,2003-08-01,Shipped,3,8,2003,Classic Cars,Suominen Souveniers,Finland,EMEA,Small
1721,10151,30,40.31,1209.3,2003-09-21,Shipped,3,9,2003,Classic Cars,"Oulu Toy Supplies, Inc.",Finland,EMEA,Small
1722,10165,27,31.82,859.14,2003-10-22,Shipped,4,10,2003,Classic Cars,"Dragon Souveniers, Ltd.",Singapore,Japan,Small
1723,10175,37,31.12,1151.44,2003-11-06,Shipped,4,11,2003,Classic Cars,"Stylish Desk Decors, Co.",UK,EMEA,Small
1724,10184,42,31.82,1336.44,2003-11-14,Shipped,4,11,2003,Classic Cars,"Iberia Gift Imports, Corp.",Spain,EMEA,Small
1725,10195,32,28.29,905.28,2003-11-25,Shipped,4,11,2003,Classic Cars,Mini Classics,USA,,Small
1726,10207,42,29.7,1247.4,2003-12-09,Shipped,4,12,2003,Classic Cars,Diecast Collectables,USA,,Small
1727,10219,21,40.31,846.51,2004-02-10,Shipped,1,2,2004,Classic Cars,Signal Collectibles Ltd.,USA,,Small
1728,10229,33,32.88,1085.04,2004-03-11,Shipped,1,3,2004,Classic Cars,Mini Gifts Distributors Ltd.,USA,,Small
1729,10246,49,36.07,1767.43,2004-05-05,Shipped,2,5,2004,Classic Cars,Euro Shopping Channel,Spain,EMEA,Small
1730,10259,31,33.24,1030.44,2004-06-15,Shipped,2,6,2004,Classic Cars,Handji Gifts& Co,Singapore,APAC,Small
1731,10271,38,41.72,1585.36,2004-07-20,Shipped,3,7,2004,Classic Cars,Mini Gifts Distributors Ltd.,USA,,Small
1732,10281,20,40.66,813.2,2004-08-19,Shipped,3,8,2004,Classic Cars,Diecast Classics Inc.,USA,,Small
1733,10292,39,30.06,1172.34,2004-09-08,Shipped,3,9,2004,Classic Cars,Land of Toys Inc.,USA,,Small
1734,10305,48,31.47,1510.56,2004-10-13,Shipped,4,10,2004,Classic Cars,Marta's Replicas Co.,USA,,Small
1735,10314,39,37.13,1448.07,2004-10-22,Shipped,4,10,2004,Classic Cars,Heintze Collectables,Denmark,EMEA,Small
1736,10324,30,100.0,3338.1,2004-11-05,Shipped,4,11,2004,Classic Cars,Vitachrome Inc.,USA,,Medium
1737,10335,33,37.13,1225.29,2004-11-19,Shipped,4,11,2004,Classic Cars,Mini Gifts Distributors Ltd.,USA,,Small
1738,10349,36,37.13,1336.68,2004-12-01,Shipped,4,12,2004,Classic Cars,Muscle Machine Inc,USA,,Small
1739,10358,36,82.94,2985.84,2004-12-10,Shipped,4,12,2004,Classic Cars,Euro Shopping Channel,Spain,EMEA,Small
1740,10371,45,100.0,5545.8,2005-01-23,Shipped,1,1,2005,Classic Cars,Mini Gifts Distributors Ltd.,USA,,Medium
1741,10383,40,100.0,6089.6,2005-02-22,Shipped,1,2,2005,Classic Cars,Euro Shopping Channel,Spain,EMEA,Medium
1742,10394,46,38.9,1789.4,2005-03-15,Shipped,1,3,2005,Classic Cars,Euro Shopping Channel,Spain,EMEA,Small
1743,10412,30,36.07,1082.1,2005-05-03,Shipped,2,5,2005,Classic Cars,Euro Shopping Channel,Spain,EMEA,Small
1744,10425,31,33.24,1030.44,2005-05-31,In Process,2,5,2005,Classic Cars,La Rochelle Gifts,France,EMEA,Small
1745,10106,49,74.68,3659.32,2003-02-17,Shipped,1,2,2003,Planes,Rovelli Gifts,Italy,EMEA,Medium
1746,10119,41,59.6,2443.6,2003-04-28,Shipped,2,4,2003,Planes,Salzburg Collectables,Austria,EMEA,Small
1747,10131,35,67.14,2349.9,2003-06-16,Shipped,2,6,2003,Planes,Gift Ideas Corp.,USA,,Small
1748,10143,27,60.97,1646.19,2003-08-10,Shipped,3,8,2003,Planes,Mini Creations Ltd.,USA,,Small
1749,10155,23,72.62,1670.26,2003-10-06,Shipped,4,10,2003,Planes,"Toys of Finland, Co.",Finland,EMEA,Small
1750,10167,21,69.88,1467.48,2003-10-23,Cancelled,4,10,2003,Planes,Scandinavian Gift Ideas,Sweden,EMEA,Small
1751,10178,34,80.84,2748.56,2003-11-08,Shipped,4,11,2003,Planes,Alpha Cognac,France,EMEA,Small
1752,10186,22,69.2,1522.4,2003-11-14,Shipped,4,11,2003,Planes,"Double Decker Gift Stores, Ltd",UK,EMEA,Small
1753,10198,48,67.82,3255.36,2003-11-27,Shipped,4,11,2003,Planes,Cruz & Sons Co.,Philippines,Japan,Medium
1754,10209,43,82.21,3535.03,2004-01-09,Shipped,1,1,2004,Planes,"Men 'R' US Retailers, Ltd.",USA,,Medium
1755,10222,32,81.53,2608.96,2004-02-19,Shipped,1,2,2004,Planes,Collectable Mini Designs Co.,USA,,Small
1756,10249,20,67.82,1356.4,2004-05-08,Shipped,2,5,2004,Planes,Cambridge Collectables Co.,USA,,Small
1757,10262,24,67.14,1611.36,2004-06-24,Cancelled,2,6,2004,Planes,Euro Shopping Channel,Spain,EMEA,Small
1758,10274,40,65.08,2603.2,2004-07-21,Shipped,3,7,2004,Planes,Collectables For Less Inc.,USA,,Small
1759,10284,30,73.99,2219.7,2004-08-21,Shipped,3,8,2004,Planes,"Norway Gifts By Mail, Co.",Norway,EMEA,Small
1760,10296,21,71.25,1496.25,2004-09-15,Shipped,3,9,2004,Planes,"Bavarian Collectables Imports, Co.",Germany,EMEA,Small
1761,10307,25,75.36,1884.0,2004-10-14,Shipped,4,10,2004,Planes,"Classic Gift Ideas, Inc",USA,,Small
1762,10316,34,63.71,2166.14,2004-11-01,Shipped,4,11,2004,Planes,giftsbymail.co.uk,UK,EMEA,Small
1763,10328,48,58.92,2828.16,2004-11-12,Shipped,4,11,2004,Planes,Rovelli Gifts,Italy,EMEA,Small
1764,10339,55,100.0,6214.45,2004-11-23,Shipped,4,11,2004,Planes,"Tokyo Collectables, Ltd",Japan,Japan,Medium
1765,10351,25,74.68,1867.0,2004-12-03,Shipped,4,12,2004,Planes,"Stylish Desk Decors, Co.",UK,EMEA,Small
1766,10373,38,70.44,2676.72,2005-01-31,Shipped,1,1,2005,Planes,"Oulu Toy Supplies, Inc.",Finland,EMEA,Small
1767,10386,39,55.96,2182.44,2005-03-01,Resolved,1,3,2005,Planes,Euro Shopping Channel,Spain,EMEA,Small
1768,10398,28,57.55,1611.4,2005-03-30,Shipped,1,3,2005,Planes,Reims Collectables,France,EMEA,Small
1769,10400,24,61.66,1479.84,2005-04-01,Shipped,2,4,2005,Planes,The Sharp Gifts Warehouse,USA,,Small
1770,10415,21,67.82,1424.22,2005-05-09,Disputed,2,5,2005,Planes,"Australian Collectables, Ltd",Australia,APAC,Small
1771,10110,46,100.0,5942.28,2003-03-18,Shipped,1,3,2003,Classic Cars,"AV Stores, Co.",UK,EMEA,Medium
1772,10124,25,93.95,2348.75,2003-05-21,Shipped,2,5,2003,Classic Cars,Signal Gift Stores,USA,,Small
1773,10148,34,100.0,4392.12,2003-09-11,Shipped,3,9,2003,Classic Cars,"Anna's Decorations, Ltd",Australia,APAC,Medium
1774,10161,25,100.0,2759.75,2003-10-17,Shipped,4,10,2003,Classic Cars,Heintze Collectables,Denmark,EMEA,Small
1775,10173,23,100.0,2728.03,2003-11-05,Shipped,4,11,2003,Classic Cars,Rovelli Gifts,Italy,EMEA,Small
1776,10182,20,100.0,2395.8,2003-11-12,Shipped,4,11,2003,Classic Cars,Mini Gifts Distributors Ltd.,USA,,Small
1777,10192,23,100.0,3052.33,2003-11-20,Shipped,4,11,2003,Classic Cars,Online Diecast Creations Co.,USA,,Medium
1778,10204,42,100.0,4242.0,2003-12-02,Shipped,4,12,2003,Classic Cars,Muscle Machine Inc,USA,,Medium
1779,10213,27,100.0,2790.45,2004-01-22,Shipped,1,1,2004,Classic Cars,"Double Decker Gift Stores, Ltd",UK,EMEA,Small
1780,10227,33,100.0,4340.49,2004-03-02,Shipped,1,3,2004,Classic Cars,"Saveley & Henriot, Co.",France,EMEA,Medium
1781,10241,28,98.65,2762.2,2004-04-13,Shipped,2,4,2004,Classic Cars,Mini Caravy,France,EMEA,Small
1782,10267,43,100.0,4645.72,2004-07-07,Shipped,3,7,2004,Classic Cars,Muscle Machine Inc,USA,,Medium
1783,10279,48,100.0,5580.96,2004-08-09,Shipped,3,8,2004,Classic Cars,Euro Shopping Channel,Spain,EMEA,Medium
1784,10288,48,100.0,6539.04,2004-09-01,Shipped,3,9,2004,Classic Cars,Handji Gifts& Co,Singapore,APAC,Medium
1785,10302,45,100.0,5548.95,2003-10-06,Shipped,4,10,2003,Classic Cars,"UK Collectables, Ltd.",UK,EMEA,Medium
1786,10311,43,100.0,4595.41,2004-10-16,Shipped,4,10,2004,Classic Cars,Euro Shopping Channel,Spain,EMEA,Medium
1787,10332,44,42.26,1859.44,2004-11-17,Shipped,4,11,2004,Classic Cars,"AV Stores, Co.",UK,EMEA,Small
1788,10346,24,87.24,2093.76,2004-11-29,Shipped,4,11,2004,Classic Cars,Signal Gift Stores,USA,,Small
1789,10368,31,100.0,4223.13,2005-01-19,Shipped,1,1,2005,Classic Cars,Mini Gifts Distributors Ltd.,USA,,Medium
1790,10380,44,36.29,1596.76,2005-02-16,Shipped,1,2,2005,Classic Cars,Euro Shopping Channel,Spain,EMEA,Small
1791,10407,59,98.65,5820.35,2005-04-22,On Hold,2,4,2005,Classic Cars,The Sharp Gifts Warehouse,USA,,Medium
1792,10420,55,96.3,5296.5,2005-05-29,In Process,2,5,2005,Classic Cars,Souveniers And Things Co.,Australia,APAC,Medium
1793,10109,29,32.1,930.9,2003-03-10,Shipped,1,3,2003,Classic Cars,Motor Mint Distributors Inc.,USA,,Small
1794,10122,39,30.96,1207.44,2003-05-08,Shipped,2,5,2003,Classic Cars,Marseille Mini Autos,France,EMEA,Small
1795,10135,20,35.87,717.4,2003-07-02,Shipped,3,7,2003,Classic Cars,Mini Gifts Distributors Ltd.,USA,,Small
1796,10147,25,42.67,1066.75,2003-09-05,Shipped,3,9,2003,Classic Cars,Collectables For Less Inc.,USA,,Small
1797,10160,42,37.0,1554.0,2003-10-11,Shipped,4,10,2003,Classic Cars,"Men 'R' US Retailers, Ltd.",USA,,Small
1798,10171,36,35.49,1277.64,2003-11-05,Shipped,4,11,2003,Classic Cars,Quebec Home Shopping Network,Canada,,Small
1799,10181,37,42.67,1578.79,2003-11-12,Shipped,4,11,2003,Classic Cars,Herkku Gifts,Norway,EMEA,Small
1800,10192,30,30.59,917.7,2003-11-20,Shipped,4,11,2003,Classic Cars,Online Diecast Creations Co.,USA,,Small
1801,10203,21,37.0,777.0,2003-12-02,Shipped,4,12,2003,Classic Cars,Euro Shopping Channel,Spain,EMEA,Small
1802,10212,34,43.42,1476.28,2004-01-16,Shipped,1,1,2004,Classic Cars,Euro Shopping Channel,Spain,EMEA,Small
1803,10225,42,36.63,1538.46,2004-02-22,Shipped,1,2,2004,Classic Cars,"Vida Sport, Ltd",Switzerland,EMEA,Small
1804,10239,20,44.56,891.2,2004-04-12,Shipped,2,4,2004,Classic Cars,"Oulu Toy Supplies, Inc.",Finland,EMEA,Small
1805,10253,40,42.67,1706.8,2004-06-01,Cancelled,2,6,2004,Classic Cars,"UK Collectables, Ltd.",UK,EMEA,Small
1806,10266,34,40.4,1373.6,2004-07-06,Shipped,3,7,2004,Classic Cars,L'ordine Souveniers,Italy,EMEA,Small
1807,10278,31,38.89,1205.59,2004-08-06,Shipped,3,8,2004,Classic Cars,Signal Gift Stores,USA,,Small
1808,10287,36,39.65,1427.4,2004-08-30,Shipped,3,8,2004,Classic Cars,"Vida Sport, Ltd",Switzerland,EMEA,Small
1809,10301,48,34.36,1649.28,2003-10-05,Shipped,4,10,2003,Classic Cars,"Norway Gifts By Mail, Co.",Norway,EMEA,Small
1810,10310,33,41.91,1383.03,2004-10-16,Shipped,4,10,2004,Classic Cars,"Toms Spezialitten, Ltd",Germany,EMEA,Small
1811,10321,37,33.23,1229.51,2004-11-04,Shipped,4,11,2004,Classic Cars,FunGiftIdeas.com,USA,,Small
1812,10331,27,42.24,1140.48,2004-11-17,Shipped,4,11,2004,Classic Cars,Motor Mint Distributors Inc.,USA,,Small
1813,10342,39,40.4,1575.6,2004-11-24,Shipped,4,11,2004,Classic Cars,"Australian Collectors, Co.",Australia,APAC,Small
1814,10355,36,38.52,1386.72,2004-12-07,Shipped,4,12,2004,Classic Cars,Euro Shopping Channel,Spain,EMEA,Small
1815,10367,36,100.0,5018.4,2005-01-12,Resolved,1,1,2005,Classic Cars,Toys4GrownUps.com,USA,,Medium
1816,10378,41,100.0,5856.85,2005-02-10,Shipped,1,2,2005,Classic Cars,Euro Shopping Channel,Spain,EMEA,Medium
1817,10390,37,100.0,4894.73,2005-03-04,Shipped,1,3,2005,Classic Cars,Mini Gifts Distributors Ltd.,USA,,Medium
1818,10405,47,44.56,2094.32,2005-04-14,Shipped,2,4,2005,Classic Cars,Mini Caravy,France,EMEA,Small
1819,10419,15,42.67,640.05,2005-05-17,Shipped,2,5,2005,Classic Cars,Salzburg Collectables,Austria,EMEA,Small
1820,10105,44,72.58,3193.52,2003-02-11,Shipped,1,2,2003,Vintage Cars,Danish Wholesale Imports,Denmark,EMEA,Medium
1821,10119,35,87.62,3066.7,2003-04-28,Shipped,2,4,2003,Vintage Cars,Salzburg Collectables,Austria,EMEA,Medium
1822,10129,41,94.71,3883.11,2003-06-12,Shipped,2,6,2003,Vintage Cars,"Stylish Desk Decors, Co.",UK,EMEA,Medium
1823,10142,49,98.25,4814.25,2003-08-08,Shipped,3,8,2003,Vintage Cars,Mini Gifts Distributors Ltd.,USA,,Medium
1824,10154,31,91.17,2826.27,2003-10-02,Shipped,4,10,2003,Vintage Cars,Boards & Toys Co.,USA,,Small
1825,10167,20,79.66,1593.2,2003-10-23,Cancelled,4,10,2003,Vintage Cars,Scandinavian Gift Ideas,Sweden,EMEA,Small
1826,10177,45,72.58,3266.1,2003-11-07,Shipped,4,11,2003,Vintage Cars,CAF Imports,Spain,EMEA,Medium
1827,10185,33,74.35,2453.55,2003-11-14,Shipped,4,11,2003,Vintage Cars,Mini Creations Ltd.,USA,,Small
1828,10197,47,83.2,3910.4,2003-11-26,Shipped,4,11,2003,Vintage Cars,Enaco Distributors,Spain,EMEA,Medium
1829,10208,20,89.4,1788.0,2004-01-02,Shipped,1,1,2004,Vintage Cars,"Saveley & Henriot, Co.",France,EMEA,Small
1830,10222,47,70.81,3328.07,2004-02-19,Shipped,1,2,2004,Vintage Cars,Collectable Mini Designs Co.,USA,,Medium
1831,10233,40,94.71,3788.4,2004-03-29,Shipped,1,3,2004,Vintage Cars,Tekni Collectables Inc.,USA,,Medium
1832,10248,30,100.0,3053.7,2004-05-07,Cancelled,2,5,2004,Vintage Cars,Land of Toys Inc.,USA,,Medium
1833,10261,22,91.17,2005.74,2004-06-17,Shipped,2,6,2004,Vintage Cars,Quebec Home Shopping Network,Canada,,Small
1834,10273,27,100.0,2796.12,2004-07-21,Shipped,3,7,2004,Vintage Cars,Petit Auto,Belgium,EMEA,Small
1835,10283,34,92.94,3159.96,2004-08-20,Shipped,3,8,2004,Vintage Cars,"Royal Canadian Collectables, Ltd.",Canada,,Medium
1836,10295,46,84.97,3908.62,2004-09-10,Shipped,3,9,2004,Vintage Cars,Gifts4AllAges.com,USA,,Medium
1837,10306,31,84.08,2606.48,2004-10-14,Shipped,4,10,2004,Vintage Cars,"AV Stores, Co.",UK,EMEA,Small
1838,10315,24,86.74,2081.76,2004-10-29,Shipped,4,10,2004,Vintage Cars,La Rochelle Gifts,France,EMEA,Small
1839,10326,41,85.85,3519.85,2004-11-09,Shipped,4,11,2004,Vintage Cars,"Volvo Model Replicas, Co",Sweden,EMEA,Medium
1840,10339,55,100.0,10758.0,2004-11-23,Shipped,4,11,2004,Vintage Cars,"Tokyo Collectables, Ltd",Japan,Japan,Large
1841,10350,30,100.0,3021.0,2004-12-02,Shipped,4,12,2004,Vintage Cars,Euro Shopping Channel,Spain,EMEA,Medium
1842,10373,33,57.32,1891.56,2005-01-31,Shipped,1,1,2005,Vintage Cars,"Oulu Toy Supplies, Inc.",Finland,EMEA,Small
1843,10384,43,97.87,4208.41,2005-02-23,Shipped,1,2,2005,Vintage Cars,Corporate Gift Ideas Co.,USA,,Medium
1844,10396,27,83.2,2246.4,2005-03-23,Shipped,1,3,2005,Vintage Cars,Mini Gifts Distributors Ltd.,USA,,Small
1845,10414,60,100.0,6107.4,2005-05-06,On Hold,2,5,2005,Vintage Cars,Gifts4AllAges.com,USA,,Medium
1846,10110,27,73.62,1987.74,2003-03-18,Shipped,1,3,2003,Classic Cars,"AV Stores, Co.",UK,EMEA,Small
1847,10124,49,83.04,4068.96,2003-05-21,Shipped,2,5,2003,Classic Cars,Signal Gift Stores,USA,,Medium
1848,10148,31,73.62,2282.22,2003-09-11,Shipped,3,9,2003,Classic Cars,"Anna's Decorations, Ltd",Australia,APAC,Small
1849,10161,20,77.05,1541.0,2003-10-17,Shipped,4,10,2003,Classic Cars,Heintze Collectables,Denmark,EMEA,Small
1850,10172,24,81.33,1951.92,2003-11-05,Shipped,4,11,2003,Classic Cars,Gift Depot Inc.,USA,,Small
1851,10182,33,94.17,3107.61,2003-11-12,Shipped,4,11,2003,Classic Cars,Mini Gifts Distributors Ltd.,USA,,Medium
1852,10192,32,72.77,2328.64,2003-11-20,Shipped,4,11,2003,Classic Cars,Online Diecast Creations Co.,USA,,Small
1853,10204,40,79.62,3184.8,2003-12-02,Shipped,4,12,2003,Classic Cars,Muscle Machine Inc,USA,,Medium
1854,10212,27,79.62,2149.74,2004-01-16,Shipped,1,1,2004,Classic Cars,Euro Shopping Channel,Spain,EMEA,Small
1855,10227,40,79.62,3184.8,2004-03-02,Shipped,1,3,2004,Classic Cars,"Saveley & Henriot, Co.",France,EMEA,Medium
1856,10241,26,81.33,2114.58,2004-04-13,Shipped,2,4,2004,Classic Cars,Mini Caravy,France,EMEA,Small
1857,10267,44,96.74,4256.56,2004-07-07,Shipped,3,7,2004,Classic Cars,Muscle Machine Inc,USA,,Medium
1858,10279,33,71.06,2344.98,2004-08-09,Shipped,3,8,2004,Classic Cars,Euro Shopping Channel,Spain,EMEA,Small
1859,10288,34,68.49,2328.66,2004-09-01,Shipped,3,9,2004,Classic Cars,Handji Gifts& Co,Singapore,APAC,Small
1860,10302,48,74.48,3575.04,2003-10-06,Shipped,4,10,2003,Classic Cars,"UK Collectables, Ltd.",UK,EMEA,Medium
1861,10311,25,83.04,2076.0,2004-10-16,Shipped,4,10,2004,Classic Cars,Euro Shopping Channel,Spain,EMEA,Small
1862,10321,39,84.75,3305.25,2004-11-04,Shipped,4,11,2004,Classic Cars,FunGiftIdeas.com,USA,,Medium
1863,10332,45,34.19,1538.55,2004-11-17,Shipped,4,11,2004,Classic Cars,"AV Stores, Co.",UK,EMEA,Small
1864,10346,24,100.0,3325.92,2004-11-29,Shipped,4,11,2004,Classic Cars,Signal Gift Stores,USA,,Medium
1865,10368,46,79.62,3662.52,2005-01-19,Shipped,1,1,2005,Classic Cars,Mini Gifts Distributors Ltd.,USA,,Medium
1866,10380,44,79.06,3478.64,2005-02-16,Shipped,1,2,2005,Classic Cars,Euro Shopping Channel,Spain,EMEA,Medium
1867,10407,13,81.33,1057.29,2005-04-22,On Hold,2,4,2005,Classic Cars,The Sharp Gifts Warehouse,USA,,Small
1868,10420,35,96.74,3385.9,2005-05-29,In Process,2,5,2005,Classic Cars,Souveniers And Things Co.,Australia,APAC,Medium
1869,10108,30,63.07,1892.1,2003-03-03,Shipped,1,3,2003,Classic Cars,Cruz & Sons Co.,Philippines,Japan,Small
1870,10122,34,50.21,1707.14,2003-05-08,Shipped,2,5,2003,Classic Cars,Marseille Mini Autos,France,EMEA,Small
1871,10135,27,66.13,1785.51,2003-07-02,Shipped,3,7,2003,Classic Cars,Mini Gifts Distributors Ltd.,USA,,Small
1872,10147,30,68.58,2057.4,2003-09-05,Shipped,3,9,2003,Classic Cars,Collectables For Less Inc.,USA,,Small
1873,10159,50,69.8,3490.0,2003-10-10,Shipped,4,10,2003,Classic Cars,Corporate Gift Ideas Co.,USA,,Medium
1874,10169,34,50.21,1707.14,2003-11-04,Shipped,4,11,2003,Classic Cars,"Anna's Decorations, Ltd",Australia,APAC,Small
1875,10181,23,65.52,1506.96,2003-11-12,Shipped,4,11,2003,Classic Cars,Herkku Gifts,Norway,EMEA,Small
1876,10191,48,60.01,2880.48,2003-11-20,Shipped,4,11,2003,Classic Cars,"Toms Spezialitten, Ltd",Germany,EMEA,Small
1877,10203,34,64.9,2206.6,2003-12-02,Shipped,4,12,2003,Classic Cars,Euro Shopping Channel,Spain,EMEA,Small
1878,10211,48,48.98,2351.04,2004-01-15,Shipped,1,1,2004,Classic Cars,Auto Canal Petit,France,EMEA,Small
1879,10225,24,50.21,1205.04,2004-02-22,Shipped,1,2,2004,Classic Cars,"Vida Sport, Ltd",Switzerland,EMEA,Small
1880,10238,47,62.45,2935.15,2004-04-09,Shipped,2,4,2004,Classic Cars,Danish Wholesale Imports,Denmark,EMEA,Small
1881,10253,24,52.66,1263.84,2004-06-01,Cancelled,2,6,2004,Classic Cars,"UK Collectables, Ltd.",UK,EMEA,Small
1882,10266,47,62.45,2935.15,2004-07-06,Shipped,3,7,2004,Classic Cars,L'ordine Souveniers,Italy,EMEA,Small
1883,10276,20,61.23,1224.6,2004-08-02,Shipped,3,8,2004,Classic Cars,Online Mini Collectables,USA,,Small
1884,10287,20,67.97,1359.4,2004-08-30,Shipped,3,8,2004,Classic Cars,"Vida Sport, Ltd",Switzerland,EMEA,Small
1885,10300,31,58.78,1822.18,2003-10-04,Shipped,4,10,2003,Classic Cars,"Blauer See Auto, Co.",Germany,EMEA,Small
1886,10310,38,56.94,2163.72,2004-10-16,Shipped,4,10,2004,Classic Cars,"Toms Spezialitten, Ltd",Germany,EMEA,Small
1887,10320,26,61.23,1591.98,2004-11-03,Shipped,4,11,2004,Classic Cars,"Volvo Model Replicas, Co",Sweden,EMEA,Small
1888,10331,25,100.0,3078.5,2004-11-17,Shipped,4,11,2004,Classic Cars,Motor Mint Distributors Inc.,USA,,Medium
1889,10342,48,62.45,2997.6,2004-11-24,Shipped,4,11,2004,Classic Cars,"Australian Collectors, Co.",Australia,APAC,Small
1890,10355,44,62.45,2747.8,2004-12-07,Shipped,4,12,2004,Classic Cars,Euro Shopping Channel,Spain,EMEA,Small
1891,10363,21,100.0,2447.76,2005-01-06,Shipped,1,1,2005,Classic Cars,Suominen Souveniers,Finland,EMEA,Small
1892,10378,46,41.54,1910.84,2005-02-10,Shipped,1,2,2005,Classic Cars,Euro Shopping Channel,Spain,EMEA,Small
1893,10390,46,52.84,2430.64,2005-03-04,Shipped,1,3,2005,Classic Cars,Mini Gifts Distributors Ltd.,USA,,Small
1894,10419,55,52.66,2896.3,2005-05-17,Shipped,2,5,2005,Classic Cars,Salzburg Collectables,Austria,EMEA,Small
1895,10106,31,52.6,1630.6,2003-02-17,Shipped,1,2,2003,Vintage Cars,Rovelli Gifts,Italy,EMEA,Small
1896,10119,20,72.98,1459.6,2003-04-28,Shipped,2,4,2003,Vintage Cars,Salzburg Collectables,Austria,EMEA,Small
1897,10131,29,59.18,1716.22,2003-06-16,Shipped,2,6,2003,Vintage Cars,Gift Ideas Corp.,USA,,Small
1898,10143,33,77.59,2560.47,2003-08-10,Shipped,3,8,2003,Vintage Cars,Mini Creations Ltd.,USA,,Small
1899,10155,34,55.89,1900.26,2003-10-06,Shipped,4,10,2003,Vintage Cars,"Toys of Finland, Co.",Finland,EMEA,Small
1900,10167,32,63.12,2019.84,2003-10-23,Cancelled,4,10,2003,Vintage Cars,Scandinavian Gift Ideas,Sweden,EMEA,Small
1901,10178,27,73.64,1988.28,2003-11-08,Shipped,4,11,2003,Vintage Cars,Alpha Cognac,France,EMEA,Small
1902,10186,21,69.04,1449.84,2003-11-14,Shipped,4,11,2003,Vintage Cars,"Double Decker Gift Stores, Ltd",UK,EMEA,Small
1903,10198,27,71.67,1935.09,2003-11-27,Shipped,4,11,2003,Vintage Cars,Cruz & Sons Co.,Philippines,Japan,Small
1904,10209,36,77.59,2793.24,2004-01-09,Shipped,1,1,2004,Vintage Cars,"Men 'R' US Retailers, Ltd.",USA,,Small
1905,10222,43,70.35,3025.05,2004-02-19,Shipped,1,2,2004,Vintage Cars,Collectable Mini Designs Co.,USA,,Medium
1906,10249,25,69.7,1742.5,2004-05-08,Shipped,2,5,2004,Vintage Cars,Cambridge Collectables Co.,USA,,Small
1907,10262,46,70.35,3236.1,2004-06-24,Cancelled,2,6,2004,Vintage Cars,Euro Shopping Channel,Spain,EMEA,Medium
1908,10274,24,72.33,1735.92,2004-07-21,Shipped,3,7,2004,Vintage Cars,Collectables For Less Inc.,USA,,Small
1909,10284,39,71.67,2795.13,2004-08-21,Shipped,3,8,2004,Vintage Cars,"Norway Gifts By Mail, Co.",Norway,EMEA,Small
1910,10296,31,53.92,1671.52,2004-09-15,Shipped,3,9,2004,Vintage Cars,"Bavarian Collectables Imports, Co.",Germany,EMEA,Small
1911,10307,22,71.67,1576.74,2004-10-14,Shipped,4,10,2004,Vintage Cars,"Classic Gift Ideas, Inc",USA,,Small
1912,10316,47,76.93,3615.71,2004-11-01,Shipped,4,11,2004,Vintage Cars,giftsbymail.co.uk,UK,EMEA,Medium
1913,10328,20,72.98,1459.6,2004-11-12,Shipped,4,11,2004,Vintage Cars,Rovelli Gifts,Italy,EMEA,Small
1914,10339,29,99.69,2891.01,2004-11-23,Shipped,4,11,2004,Vintage Cars,"Tokyo Collectables, Ltd",Japan,Japan,Small
1915,10351,38,68.38,2598.44,2004-12-03,Shipped,4,12,2004,Vintage Cars,"Stylish Desk Decors, Co.",UK,EMEA,Small
1916,10361,34,100.0,3871.92,2004-12-17,Shipped,4,12,2004,Vintage Cars,Souveniers And Things Co.,Australia,APAC,Medium
1917,10373,46,66.0,3036.0,2005-01-31,Shipped,1,1,2005,Vintage Cars,"Oulu Toy Supplies, Inc.",Finland,EMEA,Medium
1918,10386,35,63.76,2231.6,2005-03-01,Resolved,1,3,2005,Vintage Cars,Euro Shopping Channel,Spain,EMEA,Small
1919,10398,34,71.67,2436.78,2005-03-30,Shipped,1,3,2005,Vintage Cars,Reims Collectables,France,EMEA,Small
1920,10400,38,57.2,2173.6,2005-04-01,Shipped,2,4,2005,Vintage Cars,The Sharp Gifts Warehouse,USA,,Small
1921,10415,18,69.7,1254.6,2005-05-09,Disputed,2,5,2005,Vintage Cars,"Australian Collectables, Ltd",Australia,APAC,Small
1922,10110,37,100.0,3724.42,2003-03-18,Shipped,1,3,2003,Classic Cars,"AV Stores, Co.",UK,EMEA,Medium
1923,10124,43,100.0,5203.0,2003-05-21,Shipped,2,5,2003,Classic Cars,Signal Gift Stores,USA,,Medium
1924,10148,27,100.0,3469.5,2003-09-11,Shipped,3,9,2003,Classic Cars,"Anna's Decorations, Ltd",Australia,APAC,Medium
1925,10161,30,100.0,3148.2,2003-10-17,Shipped,4,10,2003,Classic Cars,Heintze Collectables,Denmark,EMEA,Medium
1926,10172,22,98.51,2167.22,2003-11-05,Shipped,4,11,2003,Classic Cars,Gift Depot Inc.,USA,,Small
1927,10182,49,100.0,6244.07,2003-11-12,Shipped,4,11,2003,Classic Cars,Mini Gifts Distributors Ltd.,USA,,Medium
1928,10192,46,100.0,5566.0,2003-11-20,Shipped,4,11,2003,Classic Cars,Online Diecast Creations Co.,USA,,Medium
1929,10204,48,91.02,4368.96,2003-12-02,Shipped,4,12,2003,Classic Cars,Muscle Machine Inc,USA,,Medium
1930,10212,46,87.81,4039.26,2004-01-16,Shipped,1,1,2004,Classic Cars,Euro Shopping Channel,Spain,EMEA,Medium
1931,10226,48,92.09,4420.32,2004-02-26,Shipped,1,2,2004,Classic Cars,Collectable Mini Designs Co.,USA,,Medium
1932,10241,27,86.73,2341.71,2004-04-13,Shipped,2,4,2004,Classic Cars,Mini Caravy,France,EMEA,Small
1933,10267,43,100.0,5110.98,2004-07-07,Shipped,3,7,2004,Classic Cars,Muscle Machine Inc,USA,,Medium
1934,10279,48,100.0,6168.0,2004-08-09,Shipped,3,8,2004,Classic Cars,Euro Shopping Channel,Spain,EMEA,Medium
1935,10288,41,100.0,4873.26,2004-09-01,Shipped,3,9,2004,Classic Cars,Handji Gifts& Co,Singapore,APAC,Medium
1936,10301,22,96.37,2120.14,2003-10-05,Shipped,4,10,2003,Classic Cars,"Norway Gifts By Mail, Co.",Norway,EMEA,Small
1937,10311,46,92.09,4236.14,2004-10-16,Shipped,4,10,2004,Classic Cars,Euro Shopping Channel,Spain,EMEA,Medium
1938,10321,21,89.95,1888.95,2004-11-04,Shipped,4,11,2004,Classic Cars,FunGiftIdeas.com,USA,,Small
1939,10332,31,37.18,1152.58,2004-11-17,Shipped,4,11,2004,Classic Cars,"AV Stores, Co.",UK,EMEA,Small
1940,10346,26,95.88,2492.88,2004-11-29,Shipped,4,11,2004,Classic Cars,Signal Gift Stores,USA,,Small
1941,10368,20,99.58,1991.6,2005-01-19,Shipped,1,1,2005,Classic Cars,Mini Gifts Distributors Ltd.,USA,,Small
1942,10380,34,100.0,3953.18,2005-02-16,Shipped,1,2,2005,Classic Cars,Euro Shopping Channel,Spain,EMEA,Medium
1943,10407,43,86.73,3729.39,2005-04-22,On Hold,2,4,2005,Classic Cars,The Sharp Gifts Warehouse,USA,,Medium
1944,10420,26,100.0,2617.16,2005-05-29,In Process,2,5,2005,Classic Cars,Souveniers And Things Co.,Australia,APAC,Small
1945,10105,50,79.67,3983.5,2003-02-11,Shipped,1,2,2003,Vintage Cars,Danish Wholesale Imports,Denmark,EMEA,Medium
1946,10119,35,90.57,3169.95,2003-04-28,Shipped,2,4,2003,Vintage Cars,Salzburg Collectables,Austria,EMEA,Medium
1947,10129,50,77.99,3899.5,2003-06-12,Shipped,2,6,2003,Vintage Cars,"Stylish Desk Decors, Co.",UK,EMEA,Medium
1948,10143,23,80.51,1851.73,2003-08-10,Shipped,3,8,2003,Vintage Cars,Mini Creations Ltd.,USA,,Small
1949,10155,37,67.93,2513.41,2003-10-06,Shipped,4,10,2003,Vintage Cars,"Toys of Finland, Co.",Finland,EMEA,Small
1950,10167,29,83.86,2431.94,2003-10-23,Cancelled,4,10,2003,Vintage Cars,Scandinavian Gift Ideas,Sweden,EMEA,Small
1951,10178,21,72.12,1514.52,2003-11-08,Shipped,4,11,2003,Vintage Cars,Alpha Cognac,France,EMEA,Small
1952,10186,36,85.54,3079.44,2003-11-14,Shipped,4,11,2003,Vintage Cars,"Double Decker Gift Stores, Ltd",UK,EMEA,Medium
1953,10197,22,86.38,1900.36,2003-11-26,Shipped,4,11,2003,Vintage Cars,Enaco Distributors,Spain,EMEA,Small
1954,10209,22,89.73,1974.06,2004-01-09,Shipped,1,1,2004,Vintage Cars,"Men 'R' US Retailers, Ltd.",USA,,Small
1955,10222,46,80.51,3703.46,2004-02-19,Shipped,1,2,2004,Vintage Cars,Collectable Mini Designs Co.,USA,,Medium
1956,10248,23,76.31,1755.13,2004-05-07,Cancelled,2,5,2004,Vintage Cars,Land of Toys Inc.,USA,,Small
1957,10262,49,87.21,4273.29,2004-06-24,Cancelled,2,6,2004,Vintage Cars,Euro Shopping Channel,Spain,EMEA,Medium
1958,10273,48,83.02,3984.96,2004-07-21,Shipped,3,7,2004,Vintage Cars,Petit Auto,Belgium,EMEA,Medium
1959,10283,33,72.96,2407.68,2004-08-20,Shipped,3,8,2004,Vintage Cars,"Royal Canadian Collectables, Ltd.",Canada,,Small
1960,10296,22,77.15,1697.3,2004-09-15,Shipped,3,9,2004,Vintage Cars,"Bavarian Collectables Imports, Co.",Germany,EMEA,Small
1961,10307,22,91.41,2011.02,2004-10-14,Shipped,4,10,2004,Vintage Cars,"Classic Gift Ideas, Inc",USA,,Small
1962,10316,25,92.25,2306.25,2004-11-01,Shipped,4,11,2004,Vintage Cars,giftsbymail.co.uk,UK,EMEA,Small
1963,10326,20,92.25,1845.0,2004-11-09,Shipped,4,11,2004,Vintage Cars,"Volvo Model Replicas, Co",Sweden,EMEA,Small
1964,10339,42,59.36,2493.12,2004-11-23,Shipped,4,11,2004,Vintage Cars,"Tokyo Collectables, Ltd",Japan,Japan,Small
1965,10350,25,60.34,1508.5,2004-12-02,Shipped,4,12,2004,Vintage Cars,Euro Shopping Channel,Spain,EMEA,Small
1966,10373,23,100.0,2394.3,2005-01-31,Shipped,1,1,2005,Vintage Cars,"Oulu Toy Supplies, Inc.",Finland,EMEA,Small
1967,10385,37,85.54,3164.98,2005-02-28,Shipped,1,2,2005,Vintage Cars,Mini Gifts Distributors Ltd.,USA,,Medium
1968,10396,37,90.57,3351.09,2005-03-23,Shipped,1,3,2005,Vintage Cars,Mini Gifts Distributors Ltd.,USA,,Medium
1969,10400,42,72.96,3064.32,2005-04-01,Shipped,2,4,2005,Vintage Cars,The Sharp Gifts Warehouse,USA,,Medium
1970,10414,51,76.31,3891.81,2005-05-06,On Hold,2,5,2005,Vintage Cars,Gifts4AllAges.com,USA,,Medium
1971,10108,40,100.0,5448.8,2003-03-03,Shipped,1,3,2003,Classic Cars,Cruz & Sons Co.,Philippines,Japan,Medium
1972,10122,43,100.0,5494.97,2003-05-08,Shipped,2,5,2003,Classic Cars,Marseille Mini Autos,France,EMEA,Medium
1973,10135,47,100.0,6336.07,2003-07-02,Shipped,3,7,2003,Classic Cars,Mini Gifts Distributors Ltd.,USA,,Medium
1974,10147,23,100.0,2906.97,2003-09-05,Shipped,3,9,2003,Classic Cars,Collectables For Less Inc.,USA,,Small
1975,10160,35,100.0,4767.7,2003-10-11,Shipped,4,10,2003,Classic Cars,"Men 'R' US Retailers, Ltd.",USA,,Medium
1976,10170,34,100.0,3819.56,2003-11-04,Shipped,4,11,2003,Classic Cars,Mini Auto Werke,Austria,EMEA,Medium
1977,10181,25,100.0,3861.75,2003-11-12,Shipped,4,11,2003,Classic Cars,Herkku Gifts,Norway,EMEA,Medium
1978,10192,45,100.0,6319.35,2003-11-20,Shipped,4,11,2003,Classic Cars,Online Diecast Creations Co.,USA,,Medium
1979,10203,47,100.0,6996.42,2003-12-02,Shipped,4,12,2003,Classic Cars,Euro Shopping Channel,Spain,EMEA,Medium
1980,10212,49,100.0,6949.67,2004-01-16,Shipped,1,1,2004,Classic Cars,Euro Shopping Channel,Spain,EMEA,Medium
1981,10225,40,100.0,4550.0,2004-02-22,Shipped,1,2,2004,Classic Cars,"Vida Sport, Ltd",Switzerland,EMEA,Medium
1982,10239,29,100.0,4479.63,2004-04-12,Shipped,2,4,2004,Classic Cars,"Oulu Toy Supplies, Inc.",Finland,EMEA,Medium
1983,10253,39,100.0,5148.0,2004-06-01,Cancelled,2,6,2004,Classic Cars,"UK Collectables, Ltd.",UK,EMEA,Medium
1984,10266,24,100.0,2932.08,2004-07-06,Shipped,3,7,2004,Classic Cars,L'ordine Souveniers,Italy,EMEA,Small
1985,10278,25,100.0,3159.75,2004-08-06,Shipped,3,8,2004,Classic Cars,Signal Gift Stores,USA,,Medium
1986,10287,36,100.0,4297.32,2004-08-30,Shipped,3,8,2004,Classic Cars,"Vida Sport, Ltd",Switzerland,EMEA,Medium
1987,10301,50,100.0,7723.5,2003-10-05,Shipped,4,10,2003,Classic Cars,"Norway Gifts By Mail, Co.",Norway,EMEA,Large
1988,10310,45,100.0,5497.65,2004-10-16,Shipped,4,10,2004,Classic Cars,"Toms Spezialitten, Ltd",Germany,EMEA,Medium
1989,10321,26,100.0,4052.88,2004-11-04,Shipped,4,11,2004,Classic Cars,FunGiftIdeas.com,USA,,Medium
1990,10331,21,100.0,3135.93,2004-11-17,Shipped,4,11,2004,Classic Cars,Motor Mint Distributors Inc.,USA,,Medium
1991,10342,42,100.0,5013.54,2004-11-24,Shipped,4,11,2004,Classic Cars,"Australian Collectors, Co.",Australia,APAC,Medium
1992,10355,32,100.0,5302.72,2004-12-07,Shipped,4,12,2004,Classic Cars,Euro Shopping Channel,Spain,EMEA,Medium
1993,10363,31,94.58,2931.98,2005-01-06,Shipped,1,1,2005,Classic Cars,Suominen Souveniers,Finland,EMEA,Small
1994,10378,33,53.27,1757.91,2005-02-10,Shipped,1,2,2005,Classic Cars,Euro Shopping Channel,Spain,EMEA,Small
1995,10390,45,100.0,6763.05,2005-03-04,Shipped,1,3,2005,Classic Cars,Mini Gifts Distributors Ltd.,USA,,Medium
1996,10405,76,100.0,11739.7,2005-04-14,Shipped,2,4,2005,Classic Cars,Mini Caravy,France,EMEA,Large
1997,10419,70,100.0,9240.0,2005-05-17,Shipped,2,5,2005,Classic Cars,Salzburg Collectables,Austria,EMEA,Large
1998,10106,50,64.83,3241.5,2003-02-17,Shipped,1,2,2003,Planes,Rovelli Gifts,Italy,EMEA,Medium
1999,10119,28,70.29,1968.12,2003-04-28,Shipped,2,4,2003,Planes,Salzburg Collectables,Austria,EMEA,Small
2000,10131,50,81.89,4094.5,2003-06-16,Shipped,2,6,2003,Planes,Gift Ideas Corp.,USA,,Medium
2001,10143,28,66.19,1853.32,2003-08-10,Shipped,3,8,2003,Planes,Mini Creations Ltd.,USA,,Small
2002,10155,44,77.11,3392.84,2003-10-06,Shipped,4,10,2003,Planes,"Toys of Finland, Co.",Finland,EMEA,Medium
2003,10168,27,73.02,1971.54,2003-10-28,Shipped,4,10,2003,Planes,Technics Stores Inc.,USA,,Small
2004,10178,30,72.33,2169.9,2003-11-08,Shipped,4,11,2003,Planes,Alpha Cognac,France,EMEA,Small
2005,10198,43,66.19,2846.17,2003-11-27,Shipped,4,11,2003,Planes,Cruz & Sons Co.,Philippines,Japan,Small
2006,10210,29,69.6,2018.4,2004-01-12,Shipped,1,1,2004,Planes,Osaka Souveniers Co.,Japan,Japan,Small
2007,10222,48,56.64,2718.72,2004-02-19,Shipped,1,2,2004,Planes,Collectable Mini Designs Co.,USA,,Small
2008,10235,33,60.05,1981.65,2004-04-02,Shipped,2,4,2004,Planes,"Royal Canadian Collectables, Ltd.",Canada,,Small
2009,10250,40,75.06,3002.4,2004-05-11,Shipped,2,5,2004,Planes,The Sharp Gifts Warehouse,USA,,Medium
2010,10262,48,61.42,2948.16,2004-06-24,Cancelled,2,6,2004,Planes,Euro Shopping Channel,Spain,EMEA,Small
2011,10275,41,81.89,3357.49,2004-07-23,Shipped,3,7,2004,Planes,La Rochelle Gifts,France,EMEA,Medium
2012,10284,21,55.96,1175.16,2004-08-21,Shipped,3,8,2004,Planes,"Norway Gifts By Mail, Co.",Norway,EMEA,Small
2013,10296,32,71.65,2292.8,2004-09-15,Shipped,3,9,2004,Planes,"Bavarian Collectables Imports, Co.",Germany,EMEA,Small
2014,10308,43,76.43,3286.49,2004-10-15,Shipped,4,10,2004,Planes,Mini Classics,USA,,Medium
2015,10316,30,77.79,2333.7,2004-11-01,Shipped,4,11,2004,Planes,giftsbymail.co.uk,UK,EMEA,Small
2016,10328,35,76.43,2675.05,2004-11-12,Shipped,4,11,2004,Planes,Rovelli Gifts,Italy,EMEA,Small
2017,10339,45,96.92,4361.4,2004-11-23,Shipped,4,11,2004,Planes,"Tokyo Collectables, Ltd",Japan,Japan,Medium
2018,10351,34,59.37,2018.58,2004-12-03,Shipped,4,12,2004,Planes,"Stylish Desk Decors, Co.",UK,EMEA,Small
2019,10361,26,100.0,3710.98,2004-12-17,Shipped,4,12,2004,Planes,Souveniers And Things Co.,Australia,APAC,Medium
2020,10373,39,73.0,2847.0,2005-01-31,Shipped,1,1,2005,Planes,"Oulu Toy Supplies, Inc.",Finland,EMEA,Small
2021,10386,41,73.32,3006.12,2005-03-01,Resolved,1,3,2005,Planes,Euro Shopping Channel,Spain,EMEA,Medium
2022,10398,41,68.24,2797.84,2005-03-30,Shipped,1,3,2005,Planes,Reims Collectables,France,EMEA,Small
2023,10401,64,60.05,3843.2,2005-04-03,On Hold,2,4,2005,Planes,Tekni Collectables Inc.,USA,,Medium
2024,10416,18,75.06,1351.08,2005-05-10,Shipped,2,5,2005,Planes,L'ordine Souveniers,Italy,EMEA,Small
2025,10100,49,34.47,1689.03,2003-01-06,Shipped,1,1,2003,Vintage Cars,Online Diecast Creations Co.,USA,,Small
2026,10110,48,34.47,1654.56,2003-03-18,Shipped,1,3,2003,Vintage Cars,"AV Stores, Co.",UK,EMEA,Small
2027,10124,46,33.23,1528.58,2003-05-21,Shipped,2,5,2003,Vintage Cars,Signal Gift Stores,USA,,Small
2028,10149,26,38.98,1013.48,2003-09-12,Shipped,3,9,2003,Vintage Cars,Signal Collectibles Ltd.,USA,,Small
2029,10162,37,38.98,1442.26,2003-10-18,Shipped,4,10,2003,Vintage Cars,Corporate Gift Ideas Co.,USA,,Small
2030,10173,35,33.23,1163.05,2003-11-05,Shipped,4,11,2003,Vintage Cars,Rovelli Gifts,Italy,EMEA,Small
2031,10182,23,42.26,971.98,2003-11-12,Shipped,4,11,2003,Vintage Cars,Mini Gifts Distributors Ltd.,USA,,Small
2032,10193,22,41.03,902.66,2003-11-21,Shipped,4,11,2003,Vintage Cars,"Australian Collectables, Ltd",Australia,APAC,Small
2033,10204,39,33.23,1295.97,2003-12-02,Shipped,4,12,2003,Vintage Cars,Muscle Machine Inc,USA,,Small
2034,10214,44,34.88,1534.72,2004-01-26,Shipped,1,1,2004,Vintage Cars,"Corrida Auto Replicas, Ltd",Spain,EMEA,Small
2035,10227,27,43.9,1185.3,2004-03-02,Shipped,1,3,2004,Vintage Cars,"Saveley & Henriot, Co.",France,EMEA,Small
2036,10242,46,36.93,1698.78,2004-04-20,Shipped,2,4,2004,Vintage Cars,Microscale Inc.,USA,,Small
2037,10280,33,41.85,1381.05,2004-08-17,Shipped,3,8,2004,Vintage Cars,Amica Models & Co.,Italy,EMEA,Small
2038,10288,33,40.62,1340.46,2004-09-01,Shipped,3,9,2004,Vintage Cars,Handji Gifts& Co,Singapore,APAC,Small
2039,10303,24,40.21,965.04,2004-10-06,Shipped,4,10,2004,Vintage Cars,"Iberia Gift Imports, Corp.",Spain,EMEA,Small
2040,10312,31,35.29,1093.99,2004-10-21,Shipped,4,10,2004,Vintage Cars,Mini Gifts Distributors Ltd.,USA,,Small
2041,10332,41,77.24,3166.84,2004-11-17,Shipped,4,11,2004,Vintage Cars,"AV Stores, Co.",UK,EMEA,Medium
2042,10346,22,97.44,2143.68,2004-11-29,Shipped,4,11,2004,Vintage Cars,Signal Gift Stores,USA,,Small
2043,10368,46,37.34,1717.64,2005-01-19,Shipped,1,1,2005,Vintage Cars,Mini Gifts Distributors Ltd.,USA,,Small
2044,10380,43,95.03,4086.29,2005-02-16,Shipped,1,2,2005,Vintage Cars,Euro Shopping Channel,Spain,EMEA,Medium
2045,10408,15,36.93,553.95,2005-04-22,Shipped,2,4,2005,Vintage Cars,"Tokyo Collectables, Ltd",Japan,Japan,Small
2046,10420,15,43.49,652.35,2005-05-29,In Process,2,5,2005,Vintage Cars,Souveniers And Things Co.,Australia,APAC,Small
2047,10104,26,100.0,2921.62,2003-01-31,Shipped,1,1,2003,Classic Cars,Euro Shopping Channel,Spain,EMEA,Small
2048,10115,44,100.0,5568.64,2003-04-04,Shipped,2,4,2003,Classic Cars,Classic Legends Inc.,USA,,Medium
2049,10127,20,96.99,1939.8,2003-06-03,Shipped,2,6,2003,Classic Cars,Muscle Machine Inc,USA,,Small
2050,10141,40,94.62,3784.8,2003-08-01,Shipped,3,8,2003,Classic Cars,Suominen Souveniers,Finland,EMEA,Medium
2051,10152,23,100.0,2802.09,2003-09-25,Shipped,3,9,2003,Classic Cars,"Australian Gift Network, Co",Australia,APAC,Small
2052,10165,24,99.36,2384.64,2003-10-22,Shipped,4,10,2003,Classic Cars,"Dragon Souveniers, Ltd.",Singapore,Japan,Small
2053,10176,29,100.0,2915.66,2003-11-06,Shipped,4,11,2003,Classic Cars,L'ordine Souveniers,Italy,EMEA,Small
2054,10184,49,100.0,5795.72,2003-11-14,Shipped,4,11,2003,Classic Cars,"Iberia Gift Imports, Corp.",Spain,EMEA,Medium
2055,10195,34,100.0,3699.88,2003-11-25,Shipped,4,11,2003,Classic Cars,Mini Classics,USA,,Medium
2056,10207,28,100.0,2980.6,2003-12-09,Shipped,4,12,2003,Classic Cars,Diecast Collectables,USA,,Small
2057,10220,37,100.0,5032.74,2004-02-12,Shipped,1,2,2004,Classic Cars,"Clover Collections, Co.",Ireland,EMEA,Medium
2058,10230,45,100.0,4737.15,2004-03-15,Shipped,1,3,2004,Classic Cars,"Blauer See Auto, Co.",Germany,EMEA,Medium
2059,10246,46,100.0,6311.2,2004-05-05,Shipped,2,5,2004,Classic Cars,Euro Shopping Channel,Spain,EMEA,Medium
2060,10271,22,100.0,3070.54,2004-07-20,Shipped,3,7,2004,Classic Cars,Mini Gifts Distributors Ltd.,USA,,Medium
2061,10282,39,100.0,4797.39,2004-08-20,Shipped,3,8,2004,Classic Cars,Mini Gifts Distributors Ltd.,USA,,Medium
2062,10292,27,100.0,3832.38,2004-09-08,Shipped,3,9,2004,Classic Cars,Land of Toys Inc.,USA,,Medium
2063,10305,36,100.0,4641.48,2004-10-13,Shipped,4,10,2004,Classic Cars,Marta's Replicas Co.,USA,,Medium
2064,10314,38,100.0,4000.26,2004-10-22,Shipped,4,10,2004,Classic Cars,Heintze Collectables,Denmark,EMEA,Medium
2065,10325,44,100.0,5325.76,2004-11-05,Shipped,4,11,2004,Classic Cars,Baane Mini Imports,Norway,EMEA,Medium
2066,10336,31,100.0,4618.69,2004-11-20,Shipped,4,11,2004,Classic Cars,"La Corne D'abondance, Co.",France,EMEA,Medium
2067,10349,23,100.0,3182.97,2004-12-01,Shipped,4,12,2004,Classic Cars,Muscle Machine Inc,USA,,Medium
2068,10359,22,100.0,2603.04,2004-12-15,Shipped,4,12,2004,Classic Cars,Reims Collectables,France,EMEA,Small
2069,10371,28,50.32,1408.96,2005-01-23,Shipped,1,1,2005,Classic Cars,Mini Gifts Distributors Ltd.,USA,,Small
2070,10383,21,93.91,1972.11,2005-02-22,Shipped,1,2,2005,Classic Cars,Euro Shopping Channel,Spain,EMEA,Small
2071,10394,37,100.0,5207.75,2005-03-15,Shipped,1,3,2005,Classic Cars,Euro Shopping Channel,Spain,EMEA,Medium
2072,10412,31,100.0,4253.2,2005-05-03,Shipped,2,5,2005,Classic Cars,Euro Shopping Channel,Spain,EMEA,Medium
2073,10103,25,100.0,2873.0,2003-01-29,Shipped,1,1,2003,Vintage Cars,Baane Mini Imports,Norway,EMEA,Small
2074,10111,26,86.68,2253.68,2003-03-25,Shipped,1,3,2003,Vintage Cars,Mini Wheels Co.,USA,,Small
2075,10126,34,100.0,3576.12,2003-05-28,Shipped,2,5,2003,Vintage Cars,"Corrida Auto Replicas, Ltd",Spain,EMEA,Medium
2076,10139,29,100.0,3276.13,2003-07-16,Shipped,3,7,2003,Vintage Cars,Souveniers And Things Co.,Australia,APAC,Medium
2077,10149,20,90.57,1811.4,2003-09-12,Shipped,3,9,2003,Vintage Cars,Signal Collectibles Ltd.,USA,,Small
2078,10163,42,91.55,3845.1,2003-10-20,Shipped,4,10,2003,Vintage Cars,Classic Legends Inc.,USA,,Medium
2079,10173,22,100.0,2571.14,2003-11-05,Shipped,4,11,2003,Vintage Cars,Rovelli Gifts,Italy,EMEA,Small
2080,10183,47,100.0,5035.11,2003-11-13,Shipped,4,11,2003,Vintage Cars,"Classic Gift Ideas, Inc",USA,,Medium
2081,10193,20,100.0,2279.0,2003-11-21,Shipped,4,11,2003,Vintage Cars,"Australian Collectables, Ltd",Australia,APAC,Small
2082,10206,33,97.39,3213.87,2003-12-05,Shipped,4,12,2003,Vintage Cars,Canadian Gift Exchange Network,Canada,,Medium
2083,10215,39,90.57,3532.23,2004-01-29,Shipped,1,1,2004,Vintage Cars,West Coast Collectables Co.,USA,,Medium
2084,10228,33,100.0,3406.59,2004-03-10,Shipped,1,3,2004,Vintage Cars,Cambridge Collectables Co.,USA,,Medium
2085,10244,40,86.68,3467.2,2004-04-29,Shipped,2,4,2004,Vintage Cars,Euro Shopping Channel,Spain,EMEA,Medium
2086,10257,46,78.89,3628.94,2004-06-14,Shipped,2,6,2004,Vintage Cars,The Sharp Gifts Warehouse,USA,,Medium
2087,10269,48,97.39,4674.72,2004-07-16,Shipped,3,7,2004,Vintage Cars,Salzburg Collectables,Austria,EMEA,Medium
2088,10280,21,78.89,1656.69,2004-08-17,Shipped,3,8,2004,Vintage Cars,Amica Models & Co.,Italy,EMEA,Small
2089,10290,45,100.0,5171.4,2004-09-07,Shipped,3,9,2004,Vintage Cars,Auto-Moto Classics Inc.,USA,,Medium
2090,10304,33,100.0,3342.57,2004-10-11,Shipped,4,10,2004,Vintage Cars,Auto Assoc. & Cie.,France,EMEA,Medium
2091,10312,44,100.0,4884.88,2004-10-21,Shipped,4,10,2004,Vintage Cars,Mini Gifts Distributors Ltd.,USA,,Medium
2092,10324,33,100.0,6267.69,2004-11-05,Shipped,4,11,2004,Vintage Cars,Vitachrome Inc.,USA,,Medium
2093,10333,39,100.0,4424.16,2004-11-18,Shipped,4,11,2004,Vintage Cars,Mini Wheels Co.,USA,,Medium
2094,10348,39,50.31,1962.09,2004-11-01,Shipped,4,11,2004,Vintage Cars,"Corrida Auto Replicas, Ltd",Spain,EMEA,Small
2095,10358,41,100.0,6847.0,2004-12-10,Shipped,4,12,2004,Vintage Cars,Euro Shopping Channel,Spain,EMEA,Medium
2096,10369,40,86.92,3476.8,2005-01-20,Shipped,1,1,2005,Vintage Cars,Collectables For Less Inc.,USA,,Medium
2097,10382,33,100.0,4592.61,2005-02-17,Shipped,1,2,2005,Vintage Cars,Mini Gifts Distributors Ltd.,USA,,Medium
2098,10423,28,78.89,2208.92,2005-05-30,In Process,2,5,2005,Vintage Cars,Petit Auto,Belgium,EMEA,Small
2099,10106,26,63.76,1657.76,2003-02-17,Shipped,1,2,2003,Planes,Rovelli Gifts,Italy,EMEA,Small
2100,10120,29,85.49,2479.21,2003-04-29,Shipped,2,4,2003,Planes,"Australian Collectors, Co.",Australia,APAC,Small
2101,10133,46,77.52,3565.92,2003-06-27,Shipped,2,6,2003,Planes,Euro Shopping Channel,Spain,EMEA,Medium
2102,10145,33,84.77,2797.41,2003-08-25,Shipped,3,8,2003,Planes,Toys4GrownUps.com,USA,,Small
2103,10168,48,78.25,3756.0,2003-10-28,Shipped,4,10,2003,Planes,Technics Stores Inc.,USA,,Medium
2104,10210,40,71.0,2840.0,2004-01-12,Shipped,1,1,2004,Planes,Osaka Souveniers Co.,Japan,Japan,Small
2105,10223,23,74.62,1716.26,2004-02-20,Shipped,1,2,2004,Planes,"Australian Collectors, Co.",Australia,APAC,Small
2106,10235,40,81.14,3245.6,2004-04-02,Shipped,2,4,2004,Planes,"Royal Canadian Collectables, Ltd.",Canada,,Medium
2107,10250,37,74.62,2760.94,2004-05-11,Shipped,2,5,2004,Planes,The Sharp Gifts Warehouse,USA,,Small
2108,10263,24,75.35,1808.4,2004-06-28,Shipped,2,6,2004,Planes,Gift Depot Inc.,USA,,Small
2109,10275,27,62.31,1682.37,2004-07-23,Shipped,3,7,2004,Planes,La Rochelle Gifts,France,EMEA,Small
2110,10284,21,71.0,1491.0,2004-08-21,Shipped,3,8,2004,Planes,"Norway Gifts By Mail, Co.",Norway,EMEA,Small
2111,10297,23,72.45,1666.35,2004-09-16,Shipped,3,9,2004,Planes,"Clover Collections, Co.",Ireland,EMEA,Small
2112,10308,44,83.32,3666.08,2004-10-15,Shipped,4,10,2004,Planes,Mini Classics,USA,,Medium
2113,10317,35,83.32,2916.2,2004-11-02,Shipped,4,11,2004,Planes,Technics Stores Inc.,USA,,Small
2114,10328,43,60.86,2616.98,2004-11-12,Shipped,4,11,2004,Planes,Rovelli Gifts,Italy,EMEA,Small
2115,10340,40,84.77,3390.8,2004-11-24,Shipped,4,11,2004,Planes,Enaco Distributors,Spain,EMEA,Medium
2116,10353,35,89.9,3146.5,2004-12-04,Shipped,4,12,2004,Planes,Gift Ideas Corp.,USA,,Medium
2117,10361,25,62.46,1561.5,2004-12-17,Shipped,4,12,2004,Planes,Souveniers And Things Co.,Australia,APAC,Small
2118,10375,43,100.0,10039.6,2005-02-03,Shipped,1,2,2005,Planes,La Rochelle Gifts,France,EMEA,Large
2119,10386,50,63.34,3167.0,2005-03-01,Resolved,1,3,2005,Planes,Euro Shopping Channel,Spain,EMEA,Medium
2120,10398,45,78.25,3521.25,2005-03-30,Shipped,1,3,2005,Planes,Reims Collectables,France,EMEA,Medium
2121,10401,52,81.14,4219.28,2005-04-03,On Hold,2,4,2005,Planes,Tekni Collectables Inc.,USA,,Medium
2122,10416,48,74.62,3581.76,2005-05-10,Shipped,2,5,2005,Planes,L'ordine Souveniers,Italy,EMEA,Medium
2123,10108,31,68.71,2130.01,2003-03-03,Shipped,1,3,2003,Classic Cars,Cruz & Sons Co.,Philippines,Japan,Small
2124,10122,29,71.14,2063.06,2003-05-08,Shipped,2,5,2003,Classic Cars,Marseille Mini Autos,France,EMEA,Small
2125,10135,23,87.31,2008.13,2003-07-02,Shipped,3,7,2003,Classic Cars,Mini Gifts Distributors Ltd.,USA,,Small
2126,10147,31,64.67,2004.77,2003-09-05,Shipped,3,9,2003,Classic Cars,Collectables For Less Inc.,USA,,Small
2127,10159,23,67.1,1543.3,2003-10-10,Shipped,4,10,2003,Classic Cars,Corporate Gift Ideas Co.,USA,,Small
2128,10169,24,94.58,2269.92,2003-11-04,Shipped,4,11,2003,Classic Cars,"Anna's Decorations, Ltd",Australia,APAC,Small
2129,10180,28,71.14,1991.92,2003-11-11,Shipped,4,11,2003,Classic Cars,Daedalus Designs Imports,France,EMEA,Small
2130,10191,44,66.29,2916.76,2003-11-20,Shipped,4,11,2003,Classic Cars,"Toms Spezialitten, Ltd",Germany,EMEA,Small
2131,10211,22,92.16,2027.52,2004-01-15,Shipped,1,1,2004,Classic Cars,Auto Canal Petit,France,EMEA,Small
2132,10225,46,70.33,3235.18,2004-02-22,Shipped,1,2,2004,Classic Cars,"Vida Sport, Ltd",Switzerland,EMEA,Medium
2133,10238,22,93.77,2062.94,2004-04-09,Shipped,2,4,2004,Classic Cars,Danish Wholesale Imports,Denmark,EMEA,Small
2134,10252,38,87.31,3317.78,2004-05-26,Shipped,2,5,2004,Classic Cars,Auto Canal Petit,France,EMEA,Medium
2135,10264,47,83.27,3913.69,2004-06-30,Shipped,2,6,2004,Classic Cars,Gifts4AllAges.com,USA,,Medium
2136,10276,48,75.18,3608.64,2004-08-02,Shipped,3,8,2004,Classic Cars,Online Mini Collectables,USA,,Medium
2137,10287,40,88.12,3524.8,2004-08-30,Shipped,3,8,2004,Classic Cars,"Vida Sport, Ltd",Switzerland,EMEA,Medium
2138,10299,32,80.84,2586.88,2004-09-30,Shipped,3,9,2004,Classic Cars,"Toys of Finland, Co.",Finland,EMEA,Small
2139,10310,49,97.01,4753.49,2004-10-16,Shipped,4,10,2004,Classic Cars,"Toms Spezialitten, Ltd",Germany,EMEA,Medium
2140,10319,43,85.69,3684.67,2004-11-03,Shipped,4,11,2004,Classic Cars,Microscale Inc.,USA,,Medium
2141,10331,41,100.0,5715.4,2004-11-17,Shipped,4,11,2004,Classic Cars,Motor Mint Distributors Inc.,USA,,Medium
2142,10343,30,100.0,3098.7,2004-11-24,Shipped,4,11,2004,Classic Cars,Reims Collectables,France,EMEA,Medium
2143,10355,28,95.39,2670.92,2004-12-07,Shipped,4,12,2004,Classic Cars,Euro Shopping Channel,Spain,EMEA,Small
2144,10363,43,100.0,5154.41,2005-01-06,Shipped,1,1,2005,Classic Cars,Suominen Souveniers,Finland,EMEA,Medium
2145,10378,41,100.0,4894.17,2005-02-10,Shipped,1,2,2005,Classic Cars,Euro Shopping Channel,Spain,EMEA,Medium
2146,10390,30,82.42,2472.6,2005-03-04,Shipped,1,3,2005,Classic Cars,Mini Gifts Distributors Ltd.,USA,,Small
2147,10103,31,100.0,3224.31,2003-01-29,Shipped,1,1,2003,Trucks and Buses,Baane Mini Imports,Norway,EMEA,Medium
2148,10114,32,100.0,3667.52,2003-04-01,Shipped,2,4,2003,Trucks and Buses,"La Corne D'abondance, Co.",France,EMEA,Medium
2149,10126,43,96.31,4141.33,2003-05-28,Shipped,2,5,2003,Trucks and Buses,"Corrida Auto Replicas, Ltd",Spain,EMEA,Medium
2150,10140,26,100.0,2829.58,2003-07-24,Shipped,3,7,2003,Trucks and Buses,Technics Stores Inc.,USA,,Small
2151,10151,27,100.0,3068.55,2003-09-21,Shipped,3,9,2003,Trucks and Buses,"Oulu Toy Supplies, Inc.",Finland,EMEA,Medium
2152,10164,24,100.0,2634.96,2003-10-21,Resolved,4,10,2003,Trucks and Buses,Mini Auto Werke,Austria,EMEA,Small
2153,10175,22,100.0,2436.72,2003-11-06,Shipped,4,11,2003,Trucks and Buses,"Stylish Desk Decors, Co.",UK,EMEA,Small
2154,10184,46,100.0,4607.36,2003-11-14,Shipped,4,11,2003,Trucks and Buses,"Iberia Gift Imports, Corp.",Spain,EMEA,Medium
2155,10194,37,97.27,3598.99,2003-11-25,Shipped,4,11,2003,Trucks and Buses,"Saveley & Henriot, Co.",France,EMEA,Medium
2156,10207,49,80.9,3964.1,2003-12-09,Shipped,4,12,2003,Trucks and Buses,Diecast Collectables,USA,,Medium
2157,10217,21,100.0,2244.9,2004-02-04,Shipped,1,2,2004,Trucks and Buses,Handji Gifts& Co,Singapore,APAC,Small
2158,10229,25,100.0,2793.0,2004-03-11,Shipped,1,3,2004,Trucks and Buses,Mini Gifts Distributors Ltd.,USA,,Small
2159,10245,37,100.0,4133.64,2004-05-04,Shipped,2,5,2004,Trucks and Buses,Super Scale Inc.,USA,,Medium
2160,10259,45,86.68,3900.6,2004-06-15,Shipped,2,6,2004,Trucks and Buses,Handji Gifts& Co,Singapore,APAC,Medium
2161,10270,32,85.72,2743.04,2004-07-19,Shipped,3,7,2004,Trucks and Buses,Souveniers And Things Co.,Australia,APAC,Small
2162,10281,29,82.83,2402.07,2004-08-19,Shipped,3,8,2004,Trucks and Buses,Diecast Classics Inc.,USA,,Small
2163,10291,26,83.79,2178.54,2004-09-08,Shipped,3,9,2004,Trucks and Buses,Scandinavian Gift Ideas,Sweden,EMEA,Small
2164,10305,28,100.0,3155.04,2004-10-13,Shipped,4,10,2004,Trucks and Buses,Marta's Replicas Co.,USA,,Medium
2165,10313,27,87.64,2366.28,2004-10-22,Shipped,4,10,2004,Trucks and Buses,Canadian Gift Exchange Network,Canada,,Small
2166,10324,20,98.18,1963.6,2004-11-05,Shipped,4,11,2004,Trucks and Buses,Vitachrome Inc.,USA,,Small
2167,10335,44,100.0,4746.28,2004-11-19,Shipped,4,11,2004,Trucks and Buses,Mini Gifts Distributors Ltd.,USA,,Medium
2168,10348,42,100.0,6386.94,2004-11-01,Shipped,4,11,2004,Trucks and Buses,"Corrida Auto Replicas, Ltd",Spain,EMEA,Medium
2169,10358,41,100.0,4428.0,2004-12-10,Shipped,4,12,2004,Trucks and Buses,Euro Shopping Channel,Spain,EMEA,Medium
2170,10371,26,100.0,4044.04,2005-01-23,Shipped,1,1,2005,Trucks and Buses,Mini Gifts Distributors Ltd.,USA,,Medium
2171,10382,26,100.0,2708.42,2005-02-17,Shipped,1,2,2005,Trucks and Buses,Mini Gifts Distributors Ltd.,USA,,Small
2172,10411,26,100.0,2904.72,2005-05-01,Shipped,2,5,2005,Trucks and Buses,Quebec Home Shopping Network,Canada,,Small
2173,10425,41,86.68,3553.88,2005-05-31,In Process,2,5,2005,Trucks and Buses,La Rochelle Gifts,France,EMEA,Medium
2174,10107,20,92.9,1858.0,2003-02-24,Shipped,1,2,2003,Motorcycles,Land of Toys Inc.,USA,,Small
2175,10120,22,100.0,2461.36,2003-04-29,Shipped,2,4,2003,Motorcycles,"Australian Collectors, Co.",Australia,APAC,Small
2176,10133,23,100.0,2642.01,2003-06-27,Shipped,2,6,2003,Motorcycles,Euro Shopping Channel,Spain,EMEA,Small
2177,10145,33,93.9,3098.7,2003-08-25,Shipped,3,8,2003,Motorcycles,Toys4GrownUps.com,USA,,Medium
2178,10168,28,100.0,3244.36,2003-10-28,Shipped,4,10,2003,Motorcycles,Technics Stores Inc.,USA,,Medium
2179,10188,44,98.89,4351.16,2003-11-18,Shipped,4,11,2003,Motorcycles,Herkku Gifts,Norway,EMEA,Medium
2180,10210,46,79.91,3675.86,2004-01-12,Shipped,1,1,2004,Motorcycles,Osaka Souveniers Co.,Japan,Japan,Medium
2181,10223,21,100.0,2475.27,2004-02-20,Shipped,1,2,2004,Motorcycles,"Australian Collectors, Co.",Australia,APAC,Small
2182,10235,41,100.0,4177.49,2004-04-02,Shipped,2,4,2004,Motorcycles,"Royal Canadian Collectables, Ltd.",Canada,,Medium
2183,10250,31,100.0,3282.28,2004-05-11,Shipped,2,5,2004,Motorcycles,The Sharp Gifts Warehouse,USA,,Medium
2184,10263,31,79.91,2477.21,2004-06-28,Shipped,2,6,2004,Motorcycles,Gift Depot Inc.,USA,,Small
2185,10275,23,81.91,1883.93,2004-07-23,Shipped,3,7,2004,Motorcycles,La Rochelle Gifts,France,EMEA,Small
2186,10285,37,98.89,3658.93,2004-08-27,Shipped,3,8,2004,Motorcycles,Marta's Replicas Co.,USA,,Medium
2187,10297,26,100.0,2856.88,2004-09-16,Shipped,3,9,2004,Motorcycles,"Clover Collections, Co.",Ireland,EMEA,Small
2188,10308,24,79.91,1917.84,2004-10-15,Shipped,4,10,2004,Motorcycles,Mini Classics,USA,,Small
2189,10318,47,100.0,5305.36,2004-11-02,Shipped,4,11,2004,Motorcycles,Diecast Classics Inc.,USA,,Medium
2190,10329,45,63.91,2875.95,2004-11-15,Shipped,4,11,2004,Motorcycles,Land of Toys Inc.,USA,,Small
2191,10340,55,100.0,6482.85,2004-11-24,Shipped,4,11,2004,Motorcycles,Enaco Distributors,Spain,EMEA,Medium
2192,10353,46,81.17,3733.82,2004-12-04,Shipped,4,12,2004,Motorcycles,Gift Ideas Corp.,USA,,Medium
2193,10363,50,100.0,6576.5,2005-01-06,Shipped,1,1,2005,Motorcycles,Suominen Souveniers,Finland,EMEA,Medium
2194,10375,37,100.0,6353.27,2005-02-03,Shipped,1,2,2005,Motorcycles,La Rochelle Gifts,France,EMEA,Medium
2195,10387,44,94.9,4175.6,2005-03-02,Shipped,1,3,2005,Motorcycles,"Dragon Souveniers, Ltd.",Singapore,Japan,Medium
2196,10401,49,100.0,4992.61,2005-04-03,On Hold,2,4,2005,Motorcycles,Tekni Collectables Inc.,USA,,Medium
2197,10416,45,100.0,4764.6,2005-05-10,Shipped,2,5,2005,Motorcycles,L'ordine Souveniers,Italy,EMEA,Medium
2198,10108,27,43.45,1173.15,2003-03-03,Shipped,1,3,2003,Motorcycles,Cruz & Sons Co.,Philippines,Japan,Small
2199,10122,31,44.66,1384.46,2003-05-08,Shipped,2,5,2003,Motorcycles,Marseille Mini Autos,France,EMEA,Small
2200,10135,33,40.23,1327.59,2003-07-02,Shipped,3,7,2003,Motorcycles,Mini Gifts Distributors Ltd.,USA,,Small
2201,10145,31,35.8,1109.8,2003-08-25,Shipped,3,8,2003,Motorcycles,Toys4GrownUps.com,USA,,Small
2202,10159,35,35.4,1239.0,2003-10-10,Shipped,4,10,2003,Motorcycles,Corporate Gift Ideas Co.,USA,,Small
2203,10169,26,39.83,1035.58,2003-11-04,Shipped,4,11,2003,Motorcycles,"Anna's Decorations, Ltd",Australia,APAC,Small
2204,10180,34,45.46,1545.64,2003-11-11,Shipped,4,11,2003,Motorcycles,Daedalus Designs Imports,France,EMEA,Small
2205,10190,46,32.99,1517.54,2003-11-19,Shipped,4,11,2003,Motorcycles,Euro Shopping Channel,Spain,EMEA,Small
2206,10211,41,42.24,1731.84,2004-01-15,Shipped,1,1,2004,Motorcycles,Auto Canal Petit,France,EMEA,Small
2207,10224,43,39.43,1695.49,2004-02-21,Shipped,1,2,2004,Motorcycles,Daedalus Designs Imports,France,EMEA,Small
2208,10237,26,40.23,1045.98,2004-04-05,Shipped,2,4,2004,Motorcycles,Vitachrome Inc.,USA,,Small
2209,10252,36,48.28,1738.08,2004-05-26,Shipped,2,5,2004,Motorcycles,Auto Canal Petit,France,EMEA,Small
2210,10264,20,32.59,651.8,2004-06-30,Shipped,2,6,2004,Motorcycles,Gifts4AllAges.com,USA,,Small
2211,10276,27,36.61,988.47,2004-08-02,Shipped,3,8,2004,Motorcycles,Online Mini Collectables,USA,,Small
2212,10285,37,41.03,1518.11,2004-08-27,Shipped,3,8,2004,Motorcycles,Marta's Replicas Co.,USA,,Small
2213,10299,24,42.24,1013.76,2004-09-30,Shipped,3,9,2004,Motorcycles,"Toys of Finland, Co.",Finland,EMEA,Small
2214,10310,36,43.05,1549.8,2004-10-16,Shipped,4,10,2004,Motorcycles,"Toms Spezialitten, Ltd",Germany,EMEA,Small
2215,10319,29,38.22,1108.38,2004-11-03,Shipped,4,11,2004,Motorcycles,Microscale Inc.,USA,,Small
2216,10331,28,100.0,4102.56,2004-11-17,Shipped,4,11,2004,Motorcycles,Motor Mint Distributors Inc.,USA,,Medium
2217,10343,29,100.0,3713.16,2004-11-24,Shipped,4,11,2004,Motorcycles,Reims Collectables,France,EMEA,Medium
2218,10355,38,39.83,1513.54,2004-12-07,Shipped,4,12,2004,Motorcycles,Euro Shopping Channel,Spain,EMEA,Small
2219,10364,48,48.28,2317.44,2005-01-06,Shipped,1,1,2005,Motorcycles,Marseille Mini Autos,France,EMEA,Small
2220,10378,40,82.46,3298.4,2005-02-10,Shipped,1,2,2005,Motorcycles,Euro Shopping Channel,Spain,EMEA,Medium
2221,10390,41,44.56,1826.96,2005-03-04,Shipped,1,3,2005,Motorcycles,Mini Gifts Distributors Ltd.,USA,,Small
2222,10403,30,40.23,1206.9,2005-04-08,Shipped,2,4,2005,Motorcycles,"UK Collectables, Ltd.",UK,EMEA,Small
2223,10104,35,47.62,1666.7,2003-01-31,Shipped,1,1,2003,Trucks and Buses,Euro Shopping Channel,Spain,EMEA,Small
2224,10114,28,55.73,1560.44,2003-04-01,Shipped,2,4,2003,Trucks and Buses,"La Corne D'abondance, Co.",France,EMEA,Small
2225,10127,45,51.95,2337.75,2003-06-03,Shipped,2,6,2003,Trucks and Buses,Muscle Machine Inc,USA,,Small
2226,10141,24,45.99,1103.76,2003-08-01,Shipped,3,8,2003,Trucks and Buses,Suominen Souveniers,Finland,EMEA,Small
2227,10151,41,63.85,2617.85,2003-09-21,Shipped,3,9,2003,Trucks and Buses,"Oulu Toy Supplies, Inc.",Finland,EMEA,Small
2228,10165,48,45.99,2207.52,2003-10-22,Shipped,4,10,2003,Trucks and Buses,"Dragon Souveniers, Ltd.",Singapore,Japan,Small
2229,10175,50,63.31,3165.5,2003-11-06,Shipped,4,11,2003,Trucks and Buses,"Stylish Desk Decors, Co.",UK,EMEA,Medium
2230,10184,33,62.77,2071.41,2003-11-14,Shipped,4,11,2003,Trucks and Buses,"Iberia Gift Imports, Corp.",Spain,EMEA,Small
2231,10195,32,43.29,1385.28,2003-11-25,Shipped,4,11,2003,Trucks and Buses,Mini Classics,USA,,Small
2232,10207,27,60.06,1621.62,2003-12-09,Shipped,4,12,2003,Trucks and Buses,Diecast Collectables,USA,,Small
2233,10219,35,55.19,1931.65,2004-02-10,Shipped,1,2,2004,Trucks and Buses,Signal Collectibles Ltd.,USA,,Small
2234,10229,23,54.11,1244.53,2004-03-11,Shipped,1,3,2004,Trucks and Buses,Mini Gifts Distributors Ltd.,USA,,Small
2235,10246,35,48.7,1704.5,2004-05-05,Shipped,2,5,2004,Trucks and Buses,Euro Shopping Channel,Spain,EMEA,Small
2236,10259,40,43.83,1753.2,2004-06-15,Shipped,2,6,2004,Trucks and Buses,Handji Gifts& Co,Singapore,APAC,Small
2237,10271,35,47.62,1666.7,2004-07-20,Shipped,3,7,2004,Trucks and Buses,Mini Gifts Distributors Ltd.,USA,,Small
2238,10281,31,55.19,1710.89,2004-08-19,Shipped,3,8,2004,Trucks and Buses,Diecast Classics Inc.,USA,,Small
2239,10292,50,46.53,2326.5,2004-09-08,Shipped,3,9,2004,Trucks and Buses,Land of Toys Inc.,USA,,Small
2240,10305,40,57.9,2316.0,2004-10-13,Shipped,4,10,2004,Trucks and Buses,Marta's Replicas Co.,USA,,Small
2241,10313,38,45.45,1727.1,2004-10-22,Shipped,4,10,2004,Trucks and Buses,Canadian Gift Exchange Network,Canada,,Small
2242,10325,38,100.0,8844.12,2004-11-05,Shipped,4,11,2004,Trucks and Buses,Baane Mini Imports,Norway,EMEA,Large
2243,10335,40,60.6,2424.0,2004-11-19,Shipped,4,11,2004,Trucks and Buses,Mini Gifts Distributors Ltd.,USA,,Small
2244,10349,33,46.53,1535.49,2004-12-01,Shipped,4,12,2004,Trucks and Buses,Muscle Machine Inc,USA,,Small
2245,10359,36,100.0,6358.68,2004-12-15,Shipped,4,12,2004,Trucks and Buses,Reims Collectables,France,EMEA,Medium
2246,10371,20,66.47,1329.4,2005-01-23,Shipped,1,1,2005,Trucks and Buses,Mini Gifts Distributors Ltd.,USA,,Small
2247,10383,32,53.18,1701.76,2005-02-22,Shipped,1,2,2005,Trucks and Buses,Euro Shopping Channel,Spain,EMEA,Small
2248,10394,36,62.77,2259.72,2005-03-15,Shipped,1,3,2005,Trucks and Buses,Euro Shopping Channel,Spain,EMEA,Small
2249,10412,19,48.7,925.3,2005-05-03,Shipped,2,5,2005,Trucks and Buses,Euro Shopping Channel,Spain,EMEA,Small
2250,10425,11,43.83,482.13,2005-05-31,In Process,2,5,2005,Trucks and Buses,La Rochelle Gifts,France,EMEA,Small
2251,10104,49,65.87,3227.63,2003-01-31,Shipped,1,1,2003,Trains,Euro Shopping Channel,Spain,EMEA,Medium
2252,10116,27,63.38,1711.26,2003-04-11,Shipped,2,4,2003,Trains,Royale Belge,Belgium,EMEA,Small
2253,10127,29,70.84,2054.36,2003-06-03,Shipped,2,6,2003,Trains,Muscle Machine Inc,USA,,Small
2254,10142,42,74.57,3131.94,2003-08-08,Shipped,3,8,2003,Trains,Mini Gifts Distributors Ltd.,USA,,Medium
2255,10152,33,50.95,1681.35,2003-09-25,Shipped,3,9,2003,Trains,"Australian Gift Network, Co",Australia,APAC,Small
2256,10165,44,53.44,2351.36,2003-10-22,Shipped,4,10,2003,Trains,"Dragon Souveniers, Ltd.",Singapore,Japan,Small
2257,10176,22,64.0,1408.0,2003-11-06,Shipped,4,11,2003,Trains,L'ordine Souveniers,Italy,EMEA,Small
2258,10184,48,50.95,2445.6,2003-11-14,Shipped,4,11,2003,Trains,"Iberia Gift Imports, Corp.",Spain,EMEA,Small
2259,10195,33,54.68,1804.44,2003-11-25,Shipped,4,11,2003,Trains,Mini Classics,USA,,Small
2260,10207,45,56.55,2544.75,2003-12-09,Shipped,4,12,2003,Trains,Diecast Collectables,USA,,Small
2261,10220,20,52.82,1056.4,2004-02-12,Shipped,1,2,2004,Trains,"Clover Collections, Co.",Ireland,EMEA,Small
2262,10230,46,60.9,2801.4,2004-03-15,Shipped,1,3,2004,Trains,"Blauer See Auto, Co.",Germany,EMEA,Small
2263,10247,40,49.71,1988.4,2004-05-05,Shipped,2,5,2004,Trains,Suominen Souveniers,Finland,EMEA,Small
2264,10272,45,64.63,2908.35,2004-07-20,Shipped,3,7,2004,Trains,Diecast Classics Inc.,USA,,Small
2265,10282,36,59.65,2147.4,2004-08-20,Shipped,3,8,2004,Trains,Mini Gifts Distributors Ltd.,USA,,Small
2266,10292,31,67.73,2099.63,2004-09-08,Shipped,3,9,2004,Trains,Land of Toys Inc.,USA,,Small
2267,10306,46,50.33,2315.18,2004-10-14,Shipped,4,10,2004,Trains,"AV Stores, Co.",UK,EMEA,Small
2268,10314,35,66.49,2327.15,2004-10-22,Shipped,4,10,2004,Trains,Heintze Collectables,Denmark,EMEA,Small
2269,10325,28,100.0,5377.4,2004-11-05,Shipped,4,11,2004,Trains,Baane Mini Imports,Norway,EMEA,Medium
2270,10336,31,84.71,2626.01,2004-11-20,Shipped,4,11,2004,Trains,"La Corne D'abondance, Co.",France,EMEA,Small
2271,10350,27,100.0,4406.4,2004-12-02,Shipped,4,12,2004,Trains,Euro Shopping Channel,Spain,EMEA,Medium
2272,10359,22,100.0,4301.22,2004-12-15,Shipped,4,12,2004,Trains,Reims Collectables,France,EMEA,Medium
2273,10371,30,99.55,2986.5,2005-01-23,Shipped,1,1,2005,Trains,Mini Gifts Distributors Ltd.,USA,,Small
2274,10383,44,36.07,1587.08,2005-02-22,Shipped,1,2,2005,Trains,Euro Shopping Channel,Spain,EMEA,Small
2275,10394,30,60.28,1808.4,2005-03-15,Shipped,1,3,2005,Trains,Euro Shopping Channel,Spain,EMEA,Small
2276,10413,24,49.71,1193.04,2005-05-05,Shipped,2,5,2005,Trains,Gift Depot Inc.,USA,,Small
2277,10103,45,75.63,3403.35,2003-01-29,Shipped,1,1,2003,Trucks and Buses,Baane Mini Imports,Norway,EMEA,Medium
2278,10113,23,68.52,1575.96,2003-03-26,Shipped,1,3,2003,Trucks and Buses,Mini Gifts Distributors Ltd.,USA,,Small
2279,10126,26,62.7,1630.2,2003-05-28,Shipped,2,5,2003,Trucks and Buses,"Corrida Auto Replicas, Ltd",Spain,EMEA,Small
2280,10140,28,60.76,1701.28,2003-07-24,Shipped,3,7,2003,Trucks and Buses,Technics Stores Inc.,USA,,Small
2281,10150,49,58.18,2850.82,2003-09-19,Shipped,3,9,2003,Trucks and Buses,"Dragon Souveniers, Ltd.",Singapore,Japan,Small
2282,10164,49,54.94,2692.06,2003-10-21,Resolved,4,10,2003,Trucks and Buses,Mini Auto Werke,Austria,EMEA,Small
2283,10175,29,74.98,2174.42,2003-11-06,Shipped,4,11,2003,Trucks and Buses,"Stylish Desk Decors, Co.",UK,EMEA,Small
2284,10183,49,64.64,3167.36,2003-11-13,Shipped,4,11,2003,Trucks and Buses,"Classic Gift Ideas, Inc",USA,,Medium
2285,10194,39,54.94,2142.66,2003-11-25,Shipped,4,11,2003,Trucks and Buses,"Saveley & Henriot, Co.",France,EMEA,Small
2286,10206,36,58.82,2117.52,2003-12-05,Shipped,4,12,2003,Trucks and Buses,Canadian Gift Exchange Network,Canada,,Small
2287,10217,39,62.05,2419.95,2004-02-04,Shipped,1,2,2004,Trucks and Buses,Handji Gifts& Co,Singapore,APAC,Small
2288,10229,30,73.04,2191.2,2004-03-11,Shipped,1,3,2004,Trucks and Buses,Mini Gifts Distributors Ltd.,USA,,Small
2289,10245,44,69.16,3043.04,2004-05-04,Shipped,2,5,2004,Trucks and Buses,Super Scale Inc.,USA,,Medium
2290,10258,20,61.41,1228.2,2004-06-15,Shipped,2,6,2004,Trucks and Buses,"Tokyo Collectables, Ltd",Japan,Japan,Small
2291,10270,21,63.35,1330.35,2004-07-19,Shipped,3,7,2004,Trucks and Buses,Souveniers And Things Co.,Australia,APAC,Small
2292,10281,36,77.57,2792.52,2004-08-19,Shipped,3,8,2004,Trucks and Buses,Diecast Classics Inc.,USA,,Small
2293,10291,32,71.75,2296.0,2004-09-08,Shipped,3,9,2004,Trucks and Buses,Scandinavian Gift Ideas,Sweden,EMEA,Small
2294,10304,36,73.04,2629.44,2004-10-11,Shipped,4,10,2004,Trucks and Buses,Auto Assoc. & Cie.,France,EMEA,Small
2295,10313,34,56.24,1912.16,2004-10-22,Shipped,4,10,2004,Trucks and Buses,Canadian Gift Exchange Network,Canada,,Small
2296,10324,48,100.0,8209.44,2004-11-05,Shipped,4,11,2004,Trucks and Buses,Vitachrome Inc.,USA,,Large
2297,10333,33,73.69,2431.77,2004-11-18,Shipped,4,11,2004,Trucks and Buses,Mini Wheels Co.,USA,,Small
2298,10348,31,100.0,3139.99,2004-11-01,Shipped,4,11,2004,Trucks and Buses,"Corrida Auto Replicas, Ltd",Spain,EMEA,Medium
2299,10358,36,100.0,5669.64,2004-12-10,Shipped,4,12,2004,Trucks and Buses,Euro Shopping Channel,Spain,EMEA,Medium
2300,10370,25,100.0,3160.25,2005-01-20,Shipped,1,1,2005,Trucks and Buses,"Anna's Decorations, Ltd",Australia,APAC,Medium
2301,10382,48,100.0,6799.68,2005-02-17,Shipped,1,2,2005,Trucks and Buses,Mini Gifts Distributors Ltd.,USA,,Medium
2302,10411,27,69.16,1867.32,2005-05-01,Shipped,2,5,2005,Trucks and Buses,Quebec Home Shopping Network,Canada,,Small
2303,10424,44,61.41,2702.04,2005-05-31,In Process,2,5,2005,Trucks and Buses,Euro Shopping Channel,Spain,EMEA,Small
2304,10106,33,72.92,2406.36,2003-02-17,Shipped,1,2,2003,Vintage Cars,Rovelli Gifts,Italy,EMEA,Small
2305,10120,29,72.23,2094.67,2003-04-29,Shipped,2,4,2003,Vintage Cars,"Australian Collectors, Co.",Australia,APAC,Small
2306,10133,49,57.1,2797.9,2003-06-27,Shipped,2,6,2003,Vintage Cars,Euro Shopping Channel,Spain,EMEA,Small
2307,10144,20,81.86,1637.2,2003-08-13,Shipped,3,8,2003,Vintage Cars,Royale Belge,Belgium,EMEA,Small
2308,10168,31,73.61,2281.91,2003-10-28,Shipped,4,10,2003,Vintage Cars,Technics Stores Inc.,USA,,Small
2309,10210,39,59.16,2307.24,2004-01-12,Shipped,1,1,2004,Vintage Cars,Osaka Souveniers Co.,Japan,Japan,Small
2310,10223,20,66.04,1320.8,2004-02-20,Shipped,1,2,2004,Vintage Cars,"Australian Collectors, Co.",Australia,APAC,Small
2311,10235,34,77.73,2642.82,2004-04-02,Shipped,2,4,2004,Vintage Cars,"Royal Canadian Collectables, Ltd.",Canada,,Small
2312,10250,50,61.22,3061.0,2004-05-11,Shipped,2,5,2004,Vintage Cars,The Sharp Gifts Warehouse,USA,,Medium
2313,10262,40,79.11,3164.4,2004-06-24,Cancelled,2,6,2004,Vintage Cars,Euro Shopping Channel,Spain,EMEA,Medium
2314,10275,28,63.97,1791.16,2004-07-23,Shipped,3,7,2004,Vintage Cars,La Rochelle Gifts,France,EMEA,Small
2315,10284,50,81.86,4093.0,2004-08-21,Shipped,3,8,2004,Vintage Cars,"Norway Gifts By Mail, Co.",Norway,EMEA,Medium
2316,10297,28,79.8,2234.4,2004-09-16,Shipped,3,9,2004,Vintage Cars,"Clover Collections, Co.",Ireland,EMEA,Small
2317,10308,46,66.04,3037.84,2004-10-15,Shipped,4,10,2004,Vintage Cars,Mini Classics,USA,,Medium
2318,10316,24,59.16,1419.84,2004-11-01,Shipped,4,11,2004,Vintage Cars,giftsbymail.co.uk,UK,EMEA,Small
2319,10328,24,81.17,1948.08,2004-11-12,Shipped,4,11,2004,Vintage Cars,Rovelli Gifts,Italy,EMEA,Small
2320,10340,39,59.16,2307.24,2004-11-24,Shipped,4,11,2004,Vintage Cars,Enaco Distributors,Spain,EMEA,Small
2321,10353,40,44.51,1780.4,2004-12-04,Shipped,4,12,2004,Vintage Cars,Gift Ideas Corp.,USA,,Small
2322,10361,49,72.33,3544.17,2004-12-17,Shipped,4,12,2004,Vintage Cars,Souveniers And Things Co.,Australia,APAC,Medium
2323,10375,44,82.26,3619.44,2005-02-03,Shipped,1,2,2005,Vintage Cars,La Rochelle Gifts,France,EMEA,Medium
2324,10388,35,100.0,3918.95,2005-03-03,Shipped,1,3,2005,Vintage Cars,FunGiftIdeas.com,USA,,Medium
2325,10398,22,67.41,1483.02,2005-03-30,Shipped,1,3,2005,Vintage Cars,Reims Collectables,France,EMEA,Small
2326,10401,62,77.73,4819.26,2005-04-03,On Hold,2,4,2005,Vintage Cars,Tekni Collectables Inc.,USA,,Medium
2327,10416,26,61.22,1591.72,2005-05-10,Shipped,2,5,2005,Vintage Cars,L'ordine Souveniers,Italy,EMEA,Small
2328,10108,31,100.0,3669.78,2003-03-03,Shipped,1,3,2003,Motorcycles,Cruz & Sons Co.,Philippines,Japan,Medium
2329,10121,25,86.74,2168.5,2003-05-07,Shipped,2,5,2003,Motorcycles,Reims Collectables,France,EMEA,Small
2330,10135,30,89.8,2694.0,2003-07-02,Shipped,3,7,2003,Motorcycles,Mini Gifts Distributors Ltd.,USA,,Small
2331,10145,27,100.0,3251.34,2003-08-25,Shipped,3,8,2003,Motorcycles,Toys4GrownUps.com,USA,,Medium
2332,10159,23,100.0,2347.15,2003-10-10,Shipped,4,10,2003,Motorcycles,Corporate Gift Ideas Co.,USA,,Small
2333,10169,34,100.0,3920.88,2003-11-04,Shipped,4,11,2003,Motorcycles,"Anna's Decorations, Ltd",Australia,APAC,Medium
2334,10180,22,100.0,2514.6,2003-11-11,Shipped,4,11,2003,Motorcycles,Daedalus Designs Imports,France,EMEA,Small
2335,10190,42,85.72,3600.24,2003-11-19,Shipped,4,11,2003,Motorcycles,Euro Shopping Channel,Spain,EMEA,Medium
2336,10211,37,100.0,4040.03,2004-01-15,Shipped,1,1,2004,Motorcycles,Auto Canal Petit,France,EMEA,Medium
2337,10224,30,100.0,3336.9,2004-02-21,Shipped,1,2,2004,Motorcycles,Daedalus Designs Imports,France,EMEA,Medium
2338,10237,27,100.0,3113.64,2004-04-05,Shipped,2,4,2004,Motorcycles,Vitachrome Inc.,USA,,Medium
2339,10252,25,100.0,2832.0,2004-05-26,Shipped,2,5,2004,Motorcycles,Auto Canal Petit,France,EMEA,Small
2340,10264,34,97.97,3330.98,2004-06-30,Shipped,2,6,2004,Motorcycles,Gifts4AllAges.com,USA,,Medium
2341,10276,38,100.0,4304.64,2004-08-02,Shipped,3,8,2004,Motorcycles,Online Mini Collectables,USA,,Medium
2342,10285,26,100.0,2600.26,2004-08-27,Shipped,3,8,2004,Motorcycles,Marta's Replicas Co.,USA,,Small
2343,10299,38,100.0,4382.16,2004-09-30,Shipped,3,9,2004,Motorcycles,"Toys of Finland, Co.",Finland,EMEA,Medium
2344,10309,50,84.7,4235.0,2004-10-15,Shipped,4,10,2004,Motorcycles,Baane Mini Imports,Norway,EMEA,Medium
2345,10319,22,100.0,2626.8,2004-11-03,Shipped,4,11,2004,Motorcycles,Microscale Inc.,USA,,Small
2346,10331,32,100.0,5026.56,2004-11-17,Shipped,4,11,2004,Motorcycles,Motor Mint Distributors Inc.,USA,,Medium
2347,10341,31,71.02,2201.62,2004-11-24,Shipped,4,11,2004,Motorcycles,Salzburg Collectables,Austria,EMEA,Small
2348,10355,40,100.0,4326.8,2004-12-07,Shipped,4,12,2004,Motorcycles,Euro Shopping Channel,Spain,EMEA,Medium
2349,10365,22,100.0,3425.18,2005-01-07,Shipped,1,1,2005,Motorcycles,Mini Creations Ltd.,USA,,Medium
2350,10375,41,100.0,4701.88,2005-02-03,Shipped,1,2,2005,Motorcycles,La Rochelle Gifts,France,EMEA,Medium
2351,10390,45,48.98,2204.1,2005-03-04,Shipped,1,3,2005,Motorcycles,Mini Gifts Distributors Ltd.,USA,,Small
2352,10403,45,100.0,5189.4,2005-04-08,Shipped,2,4,2005,Motorcycles,"UK Collectables, Ltd.",UK,EMEA,Medium
2353,10106,39,40.15,1565.85,2003-02-17,Shipped,1,2,2003,Vintage Cars,Rovelli Gifts,Italy,EMEA,Small
2354,10120,49,50.62,2480.38,2003-04-29,Shipped,2,4,2003,Vintage Cars,"Australian Collectors, Co.",Australia,APAC,Small
2355,10133,27,50.19,1355.13,2003-06-27,Shipped,2,6,2003,Vintage Cars,Euro Shopping Channel,Spain,EMEA,Small
2356,10143,34,36.66,1246.44,2003-08-10,Shipped,3,8,2003,Vintage Cars,Mini Creations Ltd.,USA,,Small
2357,10156,20,41.02,820.4,2003-10-08,Shipped,4,10,2003,Vintage Cars,Euro Shopping Channel,Spain,EMEA,Small
2358,10168,48,51.93,2492.64,2003-10-28,Shipped,4,10,2003,Vintage Cars,Technics Stores Inc.,USA,,Small
2359,10199,29,38.4,1113.6,2003-12-01,Shipped,4,12,2003,Vintage Cars,West Coast Collectables Co.,USA,,Small
2360,10210,43,41.02,1763.86,2004-01-12,Shipped,1,1,2004,Vintage Cars,Osaka Souveniers Co.,Japan,Japan,Small
2361,10223,41,46.26,1896.66,2004-02-20,Shipped,1,2,2004,Vintage Cars,"Australian Collectors, Co.",Australia,APAC,Small
2362,10235,41,35.35,1449.35,2004-04-02,Shipped,2,4,2004,Vintage Cars,"Royal Canadian Collectables, Ltd.",Canada,,Small
2363,10250,36,51.93,1869.48,2004-05-11,Shipped,2,5,2004,Vintage Cars,The Sharp Gifts Warehouse,USA,,Small
2364,10262,49,37.97,1860.53,2004-06-24,Cancelled,2,6,2004,Vintage Cars,Euro Shopping Channel,Spain,EMEA,Small
2365,10275,38,45.39,1724.82,2004-07-23,Shipped,3,7,2004,Vintage Cars,La Rochelle Gifts,France,EMEA,Small
2366,10284,33,51.93,1713.69,2004-08-21,Shipped,3,8,2004,Vintage Cars,"Norway Gifts By Mail, Co.",Norway,EMEA,Small
2367,10296,26,48.44,1259.44,2004-09-15,Shipped,3,9,2004,Vintage Cars,"Bavarian Collectables Imports, Co.",Germany,EMEA,Small
2368,10308,47,43.64,2051.08,2004-10-15,Shipped,4,10,2004,Vintage Cars,Mini Classics,USA,,Small
2369,10316,34,47.57,1617.38,2004-11-01,Shipped,4,11,2004,Vintage Cars,giftsbymail.co.uk,UK,EMEA,Small
2370,10328,34,51.93,1765.62,2004-11-12,Shipped,4,11,2004,Vintage Cars,Rovelli Gifts,Italy,EMEA,Small
2371,10340,40,50.62,2024.8,2004-11-24,Shipped,4,11,2004,Vintage Cars,Enaco Distributors,Spain,EMEA,Small
2372,10353,40,82.21,3288.4,2004-12-04,Shipped,4,12,2004,Vintage Cars,Gift Ideas Corp.,USA,,Medium
2373,10361,33,82.59,2725.47,2004-12-17,Shipped,4,12,2004,Vintage Cars,Souveniers And Things Co.,Australia,APAC,Small
2374,10375,49,65.8,3224.2,2005-02-03,Shipped,1,2,2005,Vintage Cars,La Rochelle Gifts,France,EMEA,Medium
2375,10388,27,100.0,3211.38,2005-03-03,Shipped,1,3,2005,Vintage Cars,FunGiftIdeas.com,USA,,Medium
2376,10398,49,36.66,1796.34,2005-03-30,Shipped,1,3,2005,Vintage Cars,Reims Collectables,France,EMEA,Small
2377,10401,56,35.35,1979.6,2005-04-03,On Hold,2,4,2005,Vintage Cars,Tekni Collectables Inc.,USA,,Small
2378,10416,37,51.93,1921.41,2005-05-10,Shipped,2,5,2005,Vintage Cars,L'ordine Souveniers,Italy,EMEA,Small
2379,10104,33,100.0,3705.24,2003-01-31,Shipped,1,1,2003,Trucks and Buses,Euro Shopping Channel,Spain,EMEA,Medium
2380,10115,27,100.0,2843.91,2003-04-04,Shipped,2,4,2003,Trucks and Buses,Classic Legends Inc.,USA,,Small
2381,10127,46,100.0,6176.42,2003-06-03,Shipped,2,6,2003,Trucks and Buses,Muscle Machine Inc,USA,,Medium
2382,10141,44,100.0,5500.44,2003-08-01,Shipped,3,8,2003,Trucks and Buses,Suominen Souveniers,Finland,EMEA,Medium
2383,10151,26,100.0,3220.1,2003-09-21,Shipped,3,9,2003,Trucks and Buses,"Oulu Toy Supplies, Inc.",Finland,EMEA,Medium
2384,10165,48,94.92,4556.16,2003-10-22,Shipped,4,10,2003,Trucks and Buses,"Dragon Souveniers, Ltd.",Singapore,Japan,Medium
2385,10176,23,100.0,3114.89,2003-11-06,Shipped,4,11,2003,Trucks and Buses,L'ordine Souveniers,Italy,EMEA,Medium
2386,10184,45,100.0,4948.2,2003-11-14,Shipped,4,11,2003,Trucks and Buses,"Iberia Gift Imports, Corp.",Spain,EMEA,Medium
2387,10195,49,100.0,5161.17,2003-11-25,Shipped,4,11,2003,Trucks and Buses,Mini Classics,USA,,Medium
2388,10207,28,94.92,2657.76,2003-12-09,Shipped,4,12,2003,Trucks and Buses,Diecast Collectables,USA,,Small
2389,10220,37,100.0,3983.05,2004-02-12,Shipped,1,2,2004,Trucks and Buses,"Clover Collections, Co.",Ireland,EMEA,Medium
2390,10230,34,100.0,3974.94,2004-03-15,Shipped,1,3,2004,Trucks and Buses,"Blauer See Auto, Co.",Germany,EMEA,Medium
2391,10246,22,100.0,2928.42,2004-05-05,Shipped,2,5,2004,Trucks and Buses,Euro Shopping Channel,Spain,EMEA,Small
2392,10259,29,100.0,3054.57,2004-06-15,Shipped,2,6,2004,Trucks and Buses,Handji Gifts& Co,Singapore,APAC,Medium
2393,10271,34,98.39,3345.26,2004-07-20,Shipped,3,7,2004,Trucks and Buses,Mini Gifts Distributors Ltd.,USA,,Medium
2394,10282,38,100.0,4310.72,2004-08-20,Shipped,3,8,2004,Trucks and Buses,Mini Gifts Distributors Ltd.,USA,,Medium
2395,10292,41,100.0,4983.14,2004-09-08,Shipped,3,9,2004,Trucks and Buses,Land of Toys Inc.,USA,,Medium
2396,10305,42,100.0,4618.32,2004-10-13,Shipped,4,10,2004,Trucks and Buses,Marta's Replicas Co.,USA,,Medium
2397,10314,28,100.0,3403.12,2004-10-22,Shipped,4,10,2004,Trucks and Buses,Heintze Collectables,Denmark,EMEA,Medium
2398,10325,38,100.0,5190.42,2004-11-05,Shipped,4,11,2004,Trucks and Buses,Baane Mini Imports,Norway,EMEA,Medium
2399,10336,23,100.0,3141.57,2004-11-20,Shipped,4,11,2004,Trucks and Buses,"La Corne D'abondance, Co.",France,EMEA,Medium
2400,10350,31,71.4,2213.4,2004-12-02,Shipped,4,12,2004,Trucks and Buses,Euro Shopping Channel,Spain,EMEA,Small
2401,10359,46,100.0,4896.7,2004-12-15,Shipped,4,12,2004,Trucks and Buses,Reims Collectables,France,EMEA,Medium
2402,10371,48,56.55,2714.4,2005-01-23,Shipped,1,1,2005,Trucks and Buses,Mini Gifts Distributors Ltd.,USA,,Small
2403,10383,29,100.0,3087.05,2005-02-22,Shipped,1,2,2005,Trucks and Buses,Euro Shopping Channel,Spain,EMEA,Medium
2404,10395,46,100.0,5692.96,2005-03-17,Shipped,1,3,2005,Trucks and Buses,Lyon Souveniers,France,EMEA,Medium
2405,10412,26,100.0,3460.86,2005-05-03,Shipped,2,5,2005,Trucks and Buses,Euro Shopping Channel,Spain,EMEA,Medium
2406,10425,18,100.0,1895.94,2005-05-31,In Process,2,5,2005,Trucks and Buses,La Rochelle Gifts,France,EMEA,Small
2407,10104,32,53.31,1705.92,2003-01-31,Shipped,1,1,2003,Trains,Euro Shopping Channel,Spain,EMEA,Small
2408,10117,21,49.21,1033.41,2003-04-16,Shipped,2,4,2003,Trains,"Dragon Souveniers, Ltd.",Singapore,Japan,Small
2409,10127,46,69.12,3179.52,2003-06-03,Shipped,2,6,2003,Trains,Muscle Machine Inc,USA,,Medium
2410,10142,42,49.79,2091.18,2003-08-08,Shipped,3,8,2003,Trains,Mini Gifts Distributors Ltd.,USA,,Small
2411,10153,31,57.41,1779.71,2003-09-28,Shipped,3,9,2003,Trains,Euro Shopping Channel,Spain,EMEA,Small
2412,10165,38,66.78,2537.64,2003-10-22,Shipped,4,10,2003,Trains,"Dragon Souveniers, Ltd.",Singapore,Japan,Small
2413,10176,38,64.44,2448.72,2003-11-06,Shipped,4,11,2003,Trains,L'ordine Souveniers,Italy,EMEA,Small
2414,10185,20,48.62,972.4,2003-11-14,Shipped,4,11,2003,Trains,Mini Creations Ltd.,USA,,Small
2415,10196,46,62.09,2856.14,2003-11-26,Shipped,4,11,2003,Trains,Super Scale Inc.,USA,,Small
2416,10208,30,65.61,1968.3,2004-01-02,Shipped,1,1,2004,Trains,"Saveley & Henriot, Co.",France,EMEA,Small
2417,10220,30,68.54,2056.2,2004-02-12,Shipped,1,2,2004,Trains,"Clover Collections, Co.",Ireland,EMEA,Small
2418,10230,43,52.14,2242.02,2004-03-15,Shipped,1,3,2004,Trains,"Blauer See Auto, Co.",Germany,EMEA,Small
2419,10247,49,63.85,3128.65,2004-05-05,Shipped,2,5,2004,Trains,Suominen Souveniers,Finland,EMEA,Medium
2420,10272,43,56.82,2443.26,2004-07-20,Shipped,3,7,2004,Trains,Diecast Classics Inc.,USA,,Small
2421,10282,37,66.78,2470.86,2004-08-20,Shipped,3,8,2004,Trains,Mini Gifts Distributors Ltd.,USA,,Small
2422,10292,35,55.07,1927.45,2004-09-08,Shipped,3,9,2004,Trains,Land of Toys Inc.,USA,,Small
2423,10306,34,60.34,2051.56,2004-10-14,Shipped,4,10,2004,Trains,"AV Stores, Co.",UK,EMEA,Small
2424,10314,38,61.51,2337.38,2004-10-22,Shipped,4,10,2004,Trains,Heintze Collectables,Denmark,EMEA,Small
2425,10325,44,100.0,5932.96,2004-11-05,Shipped,4,11,2004,Trains,Baane Mini Imports,Norway,EMEA,Medium
2426,10337,21,100.0,2296.77,2004-11-21,Shipped,4,11,2004,Trains,Classic Legends Inc.,USA,,Small
2427,10350,44,100.0,6490.88,2004-12-02,Shipped,4,12,2004,Trains,Euro Shopping Channel,Spain,EMEA,Medium
2428,10359,25,64.93,1623.25,2004-12-15,Shipped,4,12,2004,Trains,Reims Collectables,France,EMEA,Small
2429,10372,24,58.58,1405.92,2005-01-26,Shipped,1,1,2005,Trains,"Tokyo Collectables, Ltd",Japan,Japan,Small
2430,10383,38,60.06,2282.28,2005-02-22,Shipped,1,2,2005,Trains,Euro Shopping Channel,Spain,EMEA,Small
2431,10395,45,100.0,8977.05,2005-03-17,Shipped,1,3,2005,Trains,Lyon Souveniers,France,EMEA,Large
2432,10413,51,63.85,3256.35,2005-05-05,Shipped,2,5,2005,Trains,Gift Depot Inc.,USA,,Medium
2433,10108,34,82.99,2821.66,2003-03-03,Shipped,1,3,2003,Motorcycles,Cruz & Sons Co.,Philippines,Japan,Small
2434,10121,44,74.85,3293.4,2003-05-07,Shipped,2,5,2003,Motorcycles,Reims Collectables,France,EMEA,Medium
2435,10135,44,96.0,4224.0,2003-07-02,Shipped,3,7,2003,Motorcycles,Mini Gifts Distributors Ltd.,USA,,Medium
2436,10145,38,81.36,3091.68,2003-08-25,Shipped,3,8,2003,Motorcycles,Toys4GrownUps.com,USA,,Medium
2437,10159,31,71.6,2219.6,2003-10-10,Shipped,4,10,2003,Motorcycles,Corporate Gift Ideas Co.,USA,,Small
2438,10169,48,80.55,3866.4,2003-11-04,Shipped,4,11,2003,Motorcycles,"Anna's Decorations, Ltd",Australia,APAC,Medium
2439,10180,21,93.56,1964.76,2003-11-11,Shipped,4,11,2003,Motorcycles,Daedalus Designs Imports,France,EMEA,Small
2440,10190,40,66.72,2668.8,2003-11-19,Shipped,4,11,2003,Motorcycles,Euro Shopping Channel,Spain,EMEA,Small
2441,10211,40,80.55,3222.0,2004-01-15,Shipped,1,1,2004,Motorcycles,Auto Canal Petit,France,EMEA,Medium
2442,10224,50,77.29,3864.5,2004-02-21,Shipped,1,2,2004,Motorcycles,Daedalus Designs Imports,France,EMEA,Medium
2443,10237,20,68.34,1366.8,2004-04-05,Shipped,2,4,2004,Motorcycles,Vitachrome Inc.,USA,,Small
2444,10252,48,72.41,3475.68,2004-05-26,Shipped,2,5,2004,Motorcycles,Auto Canal Petit,France,EMEA,Medium
2445,10264,47,89.5,4206.5,2004-06-30,Shipped,2,6,2004,Motorcycles,Gifts4AllAges.com,USA,,Medium
2446,10276,21,70.78,1486.38,2004-08-02,Shipped,3,8,2004,Motorcycles,Online Mini Collectables,USA,,Small
2447,10285,39,78.92,3077.88,2004-08-27,Shipped,3,8,2004,Motorcycles,Marta's Replicas Co.,USA,,Medium
2448,10299,44,80.55,3544.2,2004-09-30,Shipped,3,9,2004,Motorcycles,"Toys of Finland, Co.",Finland,EMEA,Medium
2449,10309,28,88.68,2483.04,2004-10-15,Shipped,4,10,2004,Motorcycles,Baane Mini Imports,Norway,EMEA,Small
2450,10319,45,77.29,3478.05,2004-11-03,Shipped,4,11,2004,Motorcycles,Microscale Inc.,USA,,Medium
2451,10331,20,100.0,3657.8,2004-11-17,Shipped,4,11,2004,Motorcycles,Motor Mint Distributors Inc.,USA,,Medium
2452,10341,38,100.0,4682.36,2004-11-24,Shipped,4,11,2004,Motorcycles,Salzburg Collectables,Austria,EMEA,Medium
2453,10356,26,100.0,3937.7,2004-12-09,Shipped,4,12,2004,Motorcycles,Lyon Souveniers,France,EMEA,Medium
2454,10365,44,100.0,4984.32,2005-01-07,Shipped,1,1,2005,Motorcycles,Mini Creations Ltd.,USA,,Medium
2455,10375,49,100.0,5406.66,2005-02-03,Shipped,1,2,2005,Motorcycles,La Rochelle Gifts,France,EMEA,Medium
2456,10390,22,100.0,3491.18,2005-03-04,Shipped,1,3,2005,Motorcycles,Mini Gifts Distributors Ltd.,USA,,Medium
2457,10403,31,68.34,2118.54,2005-04-08,Shipped,2,4,2005,Motorcycles,"UK Collectables, Ltd.",UK,EMEA,Small
2458,10105,41,70.67,2897.47,2003-02-11,Shipped,1,2,2003,Ships,Danish Wholesale Imports,Denmark,EMEA,Small
2459,10119,25,76.67,1916.75,2003-04-28,Shipped,2,4,2003,Ships,Salzburg Collectables,Austria,EMEA,Small
2460,10129,31,60.0,1860.0,2003-06-12,Shipped,2,6,2003,Ships,"Stylish Desk Decors, Co.",UK,EMEA,Small
2461,10142,41,64.0,2624.0,2003-08-08,Shipped,3,8,2003,Ships,Mini Gifts Distributors Ltd.,USA,,Small
2462,10153,43,64.67,2780.81,2003-09-28,Shipped,3,9,2003,Ships,Euro Shopping Channel,Spain,EMEA,Small
2463,10167,43,75.34,3239.62,2003-10-23,Cancelled,4,10,2003,Ships,Scandinavian Gift Ideas,Sweden,EMEA,Medium
2464,10177,24,76.0,1824.0,2003-11-07,Shipped,4,11,2003,Ships,CAF Imports,Spain,EMEA,Small
2465,10185,21,54.0,1134.0,2003-11-14,Shipped,4,11,2003,Ships,Mini Creations Ltd.,USA,,Small
2466,10197,23,64.67,1487.41,2003-11-26,Shipped,4,11,2003,Ships,Enaco Distributors,Spain,EMEA,Small
2467,10208,38,74.67,2837.46,2004-01-02,Shipped,1,1,2004,Ships,"Saveley & Henriot, Co.",France,EMEA,Small
2468,10222,31,62.67,1942.77,2004-02-19,Shipped,1,2,2004,Ships,Collectable Mini Designs Co.,USA,,Small
2469,10233,36,70.67,2544.12,2004-03-29,Shipped,1,3,2004,Ships,Tekni Collectables Inc.,USA,,Small
2470,10248,36,71.34,2568.24,2004-05-07,Cancelled,2,5,2004,Ships,Land of Toys Inc.,USA,,Small
2471,10261,34,62.0,2108.0,2004-06-17,Shipped,2,6,2004,Ships,Quebec Home Shopping Network,Canada,,Small
2472,10273,21,65.34,1372.14,2004-07-21,Shipped,3,7,2004,Ships,Petit Auto,Belgium,EMEA,Small
2473,10283,45,78.67,3540.15,2004-08-20,Shipped,3,8,2004,Ships,"Royal Canadian Collectables, Ltd.",Canada,,Medium
2474,10295,26,75.34,1958.84,2004-09-10,Shipped,3,9,2004,Ships,Gifts4AllAges.com,USA,,Small
2475,10306,50,54.0,2700.0,2004-10-14,Shipped,4,10,2004,Ships,"AV Stores, Co.",UK,EMEA,Small
2476,10315,41,62.0,2542.0,2004-10-29,Shipped,4,10,2004,Ships,La Rochelle Gifts,France,EMEA,Small
2477,10326,39,60.0,2340.0,2004-11-09,Shipped,4,11,2004,Ships,"Volvo Model Replicas, Co",Sweden,EMEA,Small
2478,10339,22,100.0,2816.44,2004-11-23,Shipped,4,11,2004,Ships,"Tokyo Collectables, Ltd",Japan,Japan,Small
2479,10350,46,76.67,3526.82,2004-12-02,Shipped,4,12,2004,Ships,Euro Shopping Channel,Spain,EMEA,Medium
2480,10373,44,100.0,4627.92,2005-01-31,Shipped,1,1,2005,Ships,"Oulu Toy Supplies, Inc.",Finland,EMEA,Medium
2481,10385,25,77.34,1933.5,2005-02-28,Shipped,1,2,2005,Ships,Mini Gifts Distributors Ltd.,USA,,Small
2482,10396,39,66.67,2600.13,2005-03-23,Shipped,1,3,2005,Ships,Mini Gifts Distributors Ltd.,USA,,Small
2483,10414,37,71.34,2639.58,2005-05-06,On Hold,2,5,2005,Ships,Gifts4AllAges.com,USA,,Small
2484,10106,31,100.0,3312.97,2003-02-17,Shipped,1,2,2003,Planes,Rovelli Gifts,Italy,EMEA,Medium
2485,10120,47,82.21,3863.87,2003-04-29,Shipped,2,4,2003,Planes,"Australian Collectors, Co.",Australia,APAC,Medium
2486,10133,24,77.64,1863.36,2003-06-27,Shipped,2,6,2003,Planes,Euro Shopping Channel,Spain,EMEA,Small
2487,10143,36,100.0,3945.96,2003-08-10,Shipped,3,8,2003,Planes,Mini Creations Ltd.,USA,,Medium
2488,10156,48,100.0,4954.08,2003-10-08,Shipped,4,10,2003,Planes,Euro Shopping Channel,Spain,EMEA,Medium
2489,10168,28,98.65,2762.2,2003-10-28,Shipped,4,10,2003,Planes,Technics Stores Inc.,USA,,Small
2490,10199,48,83.12,3989.76,2003-12-01,Shipped,4,12,2003,Planes,West Coast Collectables Co.,USA,,Medium
2491,10210,21,78.55,1649.55,2004-01-12,Shipped,1,1,2004,Planes,Osaka Souveniers Co.,Japan,Japan,Small
2492,10223,25,100.0,2534.75,2004-02-20,Shipped,1,2,2004,Planes,"Australian Collectors, Co.",Australia,APAC,Small
2493,10235,25,100.0,2580.25,2004-04-02,Shipped,2,4,2004,Planes,"Royal Canadian Collectables, Ltd.",Canada,,Small
2494,10250,31,91.34,2831.54,2004-05-11,Shipped,2,5,2004,Planes,The Sharp Gifts Warehouse,USA,,Small
2495,10262,40,84.03,3361.2,2004-06-24,Cancelled,2,6,2004,Planes,Euro Shopping Channel,Spain,EMEA,Medium
2496,10275,32,89.51,2864.32,2004-07-23,Shipped,3,7,2004,Planes,La Rochelle Gifts,France,EMEA,Small
2497,10284,24,83.12,1994.88,2004-08-21,Shipped,3,8,2004,Planes,"Norway Gifts By Mail, Co.",Norway,EMEA,Small
2498,10296,42,100.0,4296.6,2004-09-15,Shipped,3,9,2004,Planes,"Bavarian Collectables Imports, Co.",Germany,EMEA,Medium
2499,10308,21,100.0,2224.95,2004-10-15,Shipped,4,10,2004,Planes,Mini Classics,USA,,Small
2500,10316,34,82.21,2795.14,2004-11-01,Shipped,4,11,2004,Planes,giftsbymail.co.uk,UK,EMEA,Small
2501,10328,27,100.0,2762.1,2004-11-12,Shipped,4,11,2004,Planes,Rovelli Gifts,Italy,EMEA,Small
2502,10340,30,88.6,2658.0,2004-11-24,Shipped,4,11,2004,Planes,Enaco Distributors,Spain,EMEA,Small
2503,10353,39,100.0,5043.87,2004-12-04,Shipped,4,12,2004,Planes,Gift Ideas Corp.,USA,,Medium
2504,10361,20,60.54,1210.8,2004-12-17,Shipped,4,12,2004,Planes,Souveniers And Things Co.,Australia,APAC,Small
2505,10375,37,81.87,3029.19,2005-02-03,Shipped,1,2,2005,Planes,La Rochelle Gifts,France,EMEA,Medium
2506,10388,46,100.0,10066.6,2005-03-03,Shipped,1,3,2005,Planes,FunGiftIdeas.com,USA,,Large
2507,10398,47,87.69,4121.43,2005-03-30,Shipped,1,3,2005,Planes,Reims Collectables,France,EMEA,Medium
2508,10401,11,100.0,1135.31,2005-04-03,On Hold,2,4,2005,Planes,Tekni Collectables Inc.,USA,,Small
2509,10416,23,91.34,2100.82,2005-05-10,Shipped,2,5,2005,Planes,L'ordine Souveniers,Italy,EMEA,Small
2510,10105,29,70.15,2034.35,2003-02-11,Shipped,1,2,2003,Ships,Danish Wholesale Imports,Denmark,EMEA,Small
2511,10117,38,79.68,3027.84,2003-04-16,Shipped,2,4,2003,Ships,"Dragon Souveniers, Ltd.",Singapore,Japan,Medium
2512,10128,32,97.0,3104.0,2003-06-06,Shipped,2,6,2003,Ships,Euro Shopping Channel,Spain,EMEA,Medium
2513,10142,43,84.01,3612.43,2003-08-08,Shipped,3,8,2003,Ships,Mini Gifts Distributors Ltd.,USA,,Medium
2514,10153,31,87.48,2711.88,2003-09-28,Shipped,3,9,2003,Ships,Euro Shopping Channel,Spain,EMEA,Small
2515,10166,29,100.0,3013.97,2003-10-21,Shipped,4,10,2003,Ships,FunGiftIdeas.com,USA,,Medium
2516,10177,31,88.34,2738.54,2003-11-07,Shipped,4,11,2003,Ships,CAF Imports,Spain,EMEA,Small
2517,10185,30,94.4,2832.0,2003-11-14,Shipped,4,11,2003,Ships,Mini Creations Ltd.,USA,,Small
2518,10196,50,94.4,4720.0,2003-11-26,Shipped,4,11,2003,Ships,Super Scale Inc.,USA,,Medium
2519,10208,40,80.55,3222.0,2004-01-02,Shipped,1,1,2004,Ships,"Saveley & Henriot, Co.",France,EMEA,Medium
2520,10221,23,97.0,2231.0,2004-02-18,Shipped,1,2,2004,Ships,Petit Auto,Belgium,EMEA,Small
2521,10232,26,88.34,2296.84,2004-03-20,Shipped,1,3,2004,Ships,giftsbymail.co.uk,UK,EMEA,Small
2522,10248,40,100.0,4157.2,2004-05-07,Cancelled,2,5,2004,Ships,Land of Toys Inc.,USA,,Medium
2523,10273,21,100.0,2146.2,2004-07-21,Shipped,3,7,2004,Ships,Petit Auto,Belgium,EMEA,Small
2524,10282,43,86.61,3724.23,2004-08-20,Shipped,3,8,2004,Ships,Mini Gifts Distributors Ltd.,USA,,Medium
2525,10293,29,71.89,2084.81,2004-09-09,Shipped,3,9,2004,Ships,Amica Models & Co.,Italy,EMEA,Small
2526,10306,38,91.81,3488.78,2004-10-14,Shipped,4,10,2004,Ships,"AV Stores, Co.",UK,EMEA,Medium
2527,10314,23,76.22,1753.06,2004-10-22,Shipped,4,10,2004,Ships,Heintze Collectables,Denmark,EMEA,Small
2528,10327,20,100.0,3469.2,2004-11-10,Resolved,4,11,2004,Ships,Danish Wholesale Imports,Denmark,EMEA,Medium
2529,10337,36,70.3,2530.8,2004-11-21,Shipped,4,11,2004,Ships,Classic Legends Inc.,USA,,Small
2530,10350,28,100.0,2924.32,2004-12-02,Shipped,4,12,2004,Ships,Euro Shopping Channel,Spain,EMEA,Small
2531,10372,44,100.0,4496.8,2005-01-26,Shipped,1,1,2005,Ships,"Tokyo Collectables, Ltd",Japan,Japan,Medium
2532,10384,49,100.0,6397.44,2005-02-23,Shipped,1,2,2005,Ships,Corporate Gift Ideas Co.,USA,,Medium
2533,10397,32,80.55,2577.6,2005-03-28,Shipped,1,3,2005,Ships,Alpha Cognac,France,EMEA,Small
2534,10414,34,100.0,3533.62,2005-05-06,On Hold,2,5,2005,Ships,Gifts4AllAges.com,USA,,Medium
2535,10106,30,100.0,3177.3,2003-02-17,Shipped,1,2,2003,Ships,Rovelli Gifts,Italy,EMEA,Medium
2536,10119,29,94.14,2730.06,2003-04-28,Shipped,2,4,2003,Ships,Salzburg Collectables,Austria,EMEA,Small
2537,10131,22,85.99,1891.78,2003-06-16,Shipped,2,6,2003,Ships,Gift Ideas Corp.,USA,,Small
2538,10143,26,100.0,2612.48,2003-08-10,Shipped,3,8,2003,Ships,Mini Creations Ltd.,USA,,Small
2539,10155,32,91.43,2925.76,2003-10-06,Shipped,4,10,2003,Ships,"Toys of Finland, Co.",Finland,EMEA,Small
2540,10167,29,100.0,2940.02,2003-10-23,Cancelled,4,10,2003,Ships,Scandinavian Gift Ideas,Sweden,EMEA,Small
2541,10178,34,96.86,3293.24,2003-11-08,Shipped,4,11,2003,Ships,Alpha Cognac,France,EMEA,Medium
2542,10186,24,99.57,2389.68,2003-11-14,Shipped,4,11,2003,Ships,"Double Decker Gift Stores, Ltd",UK,EMEA,Small
2543,10197,24,90.52,2172.48,2003-11-26,Shipped,4,11,2003,Ships,Enaco Distributors,Spain,EMEA,Small
2544,10209,33,88.71,2927.43,2004-01-09,Shipped,1,1,2004,Ships,"Men 'R' US Retailers, Ltd.",USA,,Small
2545,10222,26,100.0,2659.54,2004-02-19,Shipped,1,2,2004,Ships,Collectable Mini Designs Co.,USA,,Small
2546,10249,40,95.95,3838.0,2004-05-08,Shipped,2,5,2004,Ships,Cambridge Collectables Co.,USA,,Medium
2547,10262,44,94.14,4142.16,2004-06-24,Cancelled,2,6,2004,Ships,Euro Shopping Channel,Spain,EMEA,Medium
2548,10274,24,90.52,2172.48,2004-07-21,Shipped,3,7,2004,Ships,Collectables For Less Inc.,USA,,Small
2549,10283,20,94.14,1882.8,2004-08-20,Shipped,3,8,2004,Ships,"Royal Canadian Collectables, Ltd.",Canada,,Small
2550,10296,34,100.0,3477.86,2004-09-15,Shipped,3,9,2004,Ships,"Bavarian Collectables Imports, Co.",Germany,EMEA,Medium
2551,10307,34,97.76,3323.84,2004-10-14,Shipped,4,10,2004,Ships,"Classic Gift Ideas, Inc",USA,,Medium
2552,10316,45,93.24,4195.8,2004-11-01,Shipped,4,11,2004,Ships,giftsbymail.co.uk,UK,EMEA,Medium
2553,10328,41,100.0,4156.58,2004-11-12,Shipped,4,11,2004,Ships,Rovelli Gifts,Italy,EMEA,Medium
2554,10339,55,71.25,3918.75,2004-11-23,Shipped,4,11,2004,Ships,"Tokyo Collectables, Ltd",Japan,Japan,Medium
2555,10352,23,100.0,2352.67,2004-12-03,Shipped,4,12,2004,Ships,Auto-Moto Classics Inc.,USA,,Small
2556,10361,24,45.39,1089.36,2004-12-17,Shipped,4,12,2004,Ships,Souveniers And Things Co.,Australia,APAC,Small
2557,10373,32,84.41,2701.12,2005-01-31,Shipped,1,1,2005,Ships,"Oulu Toy Supplies, Inc.",Finland,EMEA,Small
2558,10386,29,85.76,2487.04,2005-03-01,Resolved,1,3,2005,Ships,Euro Shopping Channel,Spain,EMEA,Small
2559,10398,36,100.0,3910.32,2005-03-30,Shipped,1,3,2005,Ships,Reims Collectables,France,EMEA,Medium
2560,10400,46,87.8,4038.8,2005-04-01,Shipped,2,4,2005,Ships,The Sharp Gifts Warehouse,USA,,Medium
2561,10415,32,95.95,3070.4,2005-05-09,Disputed,2,5,2005,Ships,"Australian Collectables, Ltd",Australia,APAC,Medium
2562,10106,34,100.0,3763.46,2003-02-17,Shipped,1,2,2003,Planes,Rovelli Gifts,Italy,EMEA,Medium
2563,10120,24,100.0,2584.8,2003-04-29,Shipped,2,4,2003,Planes,"Australian Collectors, Co.",Australia,APAC,Small
2564,10131,40,100.0,4427.6,2003-06-16,Shipped,2,6,2003,Planes,Gift Ideas Corp.,USA,,Medium
2565,10143,26,82.77,2152.02,2003-08-10,Shipped,3,8,2003,Planes,Mini Creations Ltd.,USA,,Small
2566,10155,20,100.0,2353.4,2003-10-06,Shipped,4,10,2003,Planes,"Toys of Finland, Co.",Finland,EMEA,Small
2567,10168,31,100.0,3431.39,2003-10-28,Shipped,4,10,2003,Planes,Technics Stores Inc.,USA,,Medium
2568,10178,22,87.75,1930.5,2003-11-08,Shipped,4,11,2003,Planes,Alpha Cognac,France,EMEA,Small
2569,10198,42,100.0,4774.56,2003-11-27,Shipped,4,11,2003,Planes,Cruz & Sons Co.,Philippines,Japan,Medium
2570,10210,26,99.72,2592.72,2004-01-12,Shipped,1,1,2004,Planes,Osaka Souveniers Co.,Japan,Japan,Small
2571,10222,37,87.75,3246.75,2004-02-19,Shipped,1,2,2004,Planes,Collectable Mini Designs Co.,USA,,Medium
2572,10235,38,88.75,3372.5,2004-04-02,Shipped,2,4,2004,Planes,"Royal Canadian Collectables, Ltd.",Canada,,Medium
2573,10250,35,100.0,3909.15,2004-05-11,Shipped,2,5,2004,Planes,The Sharp Gifts Warehouse,USA,,Medium
2574,10262,33,90.75,2994.75,2004-06-24,Cancelled,2,6,2004,Planes,Euro Shopping Channel,Spain,EMEA,Small
2575,10275,39,100.0,4472.52,2004-07-23,Shipped,3,7,2004,Planes,La Rochelle Gifts,France,EMEA,Medium
2576,10284,45,100.0,4576.95,2004-08-21,Shipped,3,8,2004,Planes,"Norway Gifts By Mail, Co.",Norway,EMEA,Medium
2577,10296,24,100.0,2441.04,2004-09-15,Shipped,3,9,2004,Planes,"Bavarian Collectables Imports, Co.",Germany,EMEA,Small
2578,10308,35,88.75,3106.25,2004-10-15,Shipped,4,10,2004,Planes,Mini Classics,USA,,Medium
2579,10316,23,100.0,2706.41,2004-11-01,Shipped,4,11,2004,Planes,giftsbymail.co.uk,UK,EMEA,Small
2580,10328,37,100.0,4021.53,2004-11-12,Shipped,4,11,2004,Planes,Rovelli Gifts,Italy,EMEA,Medium
2581,10340,55,87.75,4826.25,2004-11-24,Shipped,4,11,2004,Planes,Enaco Distributors,Spain,EMEA,Medium
2582,10352,49,100.0,4935.28,2004-12-03,Shipped,4,12,2004,Planes,Auto-Moto Classics Inc.,USA,,Medium
2583,10361,26,100.0,2754.7,2004-12-17,Shipped,4,12,2004,Planes,Souveniers And Things Co.,Australia,APAC,Small
2584,10375,33,100.0,3856.71,2005-02-03,Shipped,1,2,2005,Planes,La Rochelle Gifts,France,EMEA,Medium
2585,10386,37,83.84,3102.08,2005-03-01,Resolved,1,3,2005,Planes,Euro Shopping Channel,Spain,EMEA,Medium
2586,10398,22,86.76,1908.72,2005-03-30,Shipped,1,3,2005,Planes,Reims Collectables,France,EMEA,Small
2587,10401,85,88.75,7543.75,2005-04-03,On Hold,2,4,2005,Planes,Tekni Collectables Inc.,USA,,Large
2588,10416,22,100.0,2457.18,2005-05-10,Shipped,2,5,2005,Planes,L'ordine Souveniers,Italy,EMEA,Small
2589,10105,31,65.77,2038.87,2003-02-11,Shipped,1,2,2003,Ships,Danish Wholesale Imports,Denmark,EMEA,Small
2590,10119,38,65.77,2499.26,2003-04-28,Shipped,2,4,2003,Ships,Salzburg Collectables,Austria,EMEA,Small
2591,10129,45,85.29,3838.05,2003-06-12,Shipped,2,6,2003,Ships,"Stylish Desk Decors, Co.",UK,EMEA,Medium
2592,10143,31,85.29,2643.99,2003-08-10,Shipped,3,8,2003,Ships,Mini Creations Ltd.,USA,,Small
2593,10154,36,64.33,2315.88,2003-10-02,Shipped,4,10,2003,Ships,Boards & Toys Co.,USA,,Small
2594,10167,46,70.11,3225.06,2003-10-23,Cancelled,4,10,2003,Ships,Scandinavian Gift Ideas,Sweden,EMEA,Medium
2595,10177,32,76.62,2451.84,2003-11-07,Shipped,4,11,2003,Ships,CAF Imports,Spain,EMEA,Small
2596,10185,39,57.82,2254.98,2003-11-14,Shipped,4,11,2003,Ships,Mini Creations Ltd.,USA,,Small
2597,10197,50,78.79,3939.5,2003-11-26,Shipped,4,11,2003,Ships,Enaco Distributors,Spain,EMEA,Medium
2598,10208,46,74.45,3424.7,2004-01-02,Shipped,1,1,2004,Ships,"Saveley & Henriot, Co.",France,EMEA,Medium
2599,10222,36,80.95,2914.2,2004-02-19,Shipped,1,2,2004,Ships,Collectable Mini Designs Co.,USA,,Small
2600,10233,29,82.4,2389.6,2004-03-29,Shipped,1,3,2004,Ships,Tekni Collectables Inc.,USA,,Small
2601,10248,32,75.89,2428.48,2004-05-07,Cancelled,2,5,2004,Ships,Land of Toys Inc.,USA,,Small
2602,10261,44,68.67,3021.48,2004-06-17,Shipped,2,6,2004,Ships,Quebec Home Shopping Network,Canada,,Medium
2603,10273,42,62.16,2610.72,2004-07-21,Shipped,3,7,2004,Ships,Petit Auto,Belgium,EMEA,Small
2604,10283,47,65.77,3091.19,2004-08-20,Shipped,3,8,2004,Ships,"Royal Canadian Collectables, Ltd.",Canada,,Medium
2605,10295,44,58.55,2576.2,2004-09-10,Shipped,3,9,2004,Ships,Gifts4AllAges.com,USA,,Small
2606,10306,43,75.17,3232.31,2004-10-14,Shipped,4,10,2004,Ships,"AV Stores, Co.",UK,EMEA,Medium
2607,10316,48,74.45,3573.6,2004-11-01,Shipped,4,11,2004,Ships,giftsbymail.co.uk,UK,EMEA,Medium
2608,10327,21,96.31,2022.51,2004-11-10,Resolved,4,11,2004,Ships,Danish Wholesale Imports,Denmark,EMEA,Small
2609,10339,50,74.35,3717.5,2004-11-23,Shipped,4,11,2004,Ships,"Tokyo Collectables, Ltd",Japan,Japan,Medium
2610,10350,29,75.35,2185.15,2004-12-02,Shipped,4,12,2004,Ships,Euro Shopping Channel,Spain,EMEA,Small
2611,10373,41,70.33,2883.53,2005-01-31,Shipped,1,1,2005,Ships,"Oulu Toy Supplies, Inc.",Finland,EMEA,Small
2612,10386,37,100.0,5017.57,2005-03-01,Resolved,1,3,2005,Ships,Euro Shopping Channel,Spain,EMEA,Medium
2613,10397,22,66.5,1463.0,2005-03-28,Shipped,1,3,2005,Ships,Alpha Cognac,France,EMEA,Small
2614,10414,31,75.89,2352.59,2005-05-06,On Hold,2,5,2005,Ships,Gifts4AllAges.com,USA,,Small
2615,10103,42,100.0,4460.82,2003-01-29,Shipped,1,1,2003,Classic Cars,Baane Mini Imports,Norway,EMEA,Medium
2616,10114,42,100.0,4758.18,2003-04-01,Shipped,2,4,2003,Classic Cars,"La Corne D'abondance, Co.",France,EMEA,Medium
2617,10126,45,100.0,4597.2,2003-05-28,Shipped,2,5,2003,Classic Cars,"Corrida Auto Replicas, Ltd",Spain,EMEA,Medium
2618,10140,36,100.0,4114.8,2003-07-24,Shipped,3,7,2003,Classic Cars,Technics Stores Inc.,USA,,Medium
2619,10150,20,100.0,2104.0,2003-09-19,Shipped,3,9,2003,Classic Cars,"Dragon Souveniers, Ltd.",Singapore,Japan,Small
2620,10164,39,81.93,3195.27,2003-10-21,Resolved,4,10,2003,Classic Cars,Mini Auto Werke,Austria,EMEA,Medium
2621,10175,42,85.98,3611.16,2003-11-06,Shipped,4,11,2003,Classic Cars,"Stylish Desk Decors, Co.",UK,EMEA,Medium
2622,10183,23,86.99,2000.77,2003-11-13,Shipped,4,11,2003,Classic Cars,"Classic Gift Ideas, Inc",USA,,Small
2623,10194,26,89.01,2314.26,2003-11-25,Shipped,4,11,2003,Classic Cars,"Saveley & Henriot, Co.",France,EMEA,Small
2624,10206,33,100.0,3871.89,2003-12-05,Shipped,4,12,2003,Classic Cars,Canadian Gift Exchange Network,Canada,,Medium
2625,10217,31,88.0,2728.0,2004-02-04,Shipped,1,2,2004,Classic Cars,Handji Gifts& Co,Singapore,APAC,Small
2626,10229,50,100.0,5614.0,2004-03-11,Shipped,1,3,2004,Classic Cars,Mini Gifts Distributors Ltd.,USA,,Medium
2627,10245,44,100.0,4628.8,2004-05-04,Shipped,2,5,2004,Classic Cars,Super Scale Inc.,USA,,Medium
2628,10258,45,80.92,3641.4,2004-06-15,Shipped,2,6,2004,Classic Cars,"Tokyo Collectables, Ltd",Japan,Japan,Medium
2629,10270,46,88.0,4048.0,2004-07-19,Shipped,3,7,2004,Classic Cars,Souveniers And Things Co.,Australia,APAC,Medium
2630,10281,27,85.98,2321.46,2004-08-19,Shipped,3,8,2004,Classic Cars,Diecast Classics Inc.,USA,,Small
2631,10291,28,100.0,3256.96,2004-09-08,Shipped,3,9,2004,Classic Cars,Scandinavian Gift Ideas,Sweden,EMEA,Medium
2632,10304,40,100.0,4208.0,2004-10-11,Shipped,4,10,2004,Classic Cars,Auto Assoc. & Cie.,France,EMEA,Medium
2633,10313,30,99.13,2973.9,2004-10-22,Shipped,4,10,2004,Classic Cars,Canadian Gift Exchange Network,Canada,,Small
2634,10324,34,100.0,4248.3,2004-11-05,Shipped,4,11,2004,Classic Cars,Vitachrome Inc.,USA,,Medium
2635,10336,46,100.0,9558.8,2004-11-20,Shipped,4,11,2004,Classic Cars,"La Corne D'abondance, Co.",France,EMEA,Large
2636,10348,32,82.83,2650.56,2004-11-01,Shipped,4,11,2004,Classic Cars,"Corrida Auto Replicas, Ltd",Spain,EMEA,Small
2637,10358,27,100.0,3761.37,2004-12-10,Shipped,4,12,2004,Classic Cars,Euro Shopping Channel,Spain,EMEA,Medium
2638,10371,34,100.0,4301.34,2005-01-23,Shipped,1,1,2005,Classic Cars,Mini Gifts Distributors Ltd.,USA,,Medium
2639,10382,34,54.84,1864.56,2005-02-17,Shipped,1,2,2005,Classic Cars,Mini Gifts Distributors Ltd.,USA,,Small
2640,10411,34,100.0,3576.8,2005-05-01,Shipped,2,5,2005,Classic Cars,Quebec Home Shopping Network,Canada,,Medium
2641,10424,46,80.92,3722.32,2005-05-31,In Process,2,5,2005,Classic Cars,Euro Shopping Channel,Spain,EMEA,Medium
2642,10106,32,100.0,3986.56,2003-02-17,Shipped,1,2,2003,Planes,Rovelli Gifts,Italy,EMEA,Medium
2643,10120,24,100.0,3417.12,2003-04-29,Shipped,2,4,2003,Planes,"Australian Collectors, Co.",Australia,APAC,Medium
2644,10133,27,99.67,2691.09,2003-06-27,Shipped,2,6,2003,Planes,Euro Shopping Channel,Spain,EMEA,Small
2645,10145,20,100.0,2752.6,2003-08-25,Shipped,3,8,2003,Planes,Toys4GrownUps.com,USA,,Small
2646,10168,36,100.0,4527.72,2003-10-28,Shipped,4,10,2003,Planes,Technics Stores Inc.,USA,,Medium
2647,10188,29,100.0,3957.05,2003-11-18,Shipped,4,11,2003,Planes,Herkku Gifts,Norway,EMEA,Medium
2648,10210,25,100.0,2818.0,2004-01-12,Shipped,1,1,2004,Planes,Osaka Souveniers Co.,Japan,Japan,Small
2649,10223,29,100.0,3199.86,2004-02-20,Shipped,1,2,2004,Planes,"Australian Collectors, Co.",Australia,APAC,Medium
2650,10235,25,96.11,2402.75,2004-04-02,Shipped,2,4,2004,Planes,"Royal Canadian Collectables, Ltd.",Canada,,Small
2651,10250,44,100.0,6055.72,2004-05-11,Shipped,2,5,2004,Planes,The Sharp Gifts Warehouse,USA,,Medium
2652,10263,47,100.0,5465.16,2004-06-28,Shipped,2,6,2004,Planes,Gift Depot Inc.,USA,,Medium
2653,10275,48,100.0,6378.72,2004-07-23,Shipped,3,7,2004,Planes,La Rochelle Gifts,France,EMEA,Medium
2654,10285,45,100.0,5392.8,2004-08-27,Shipped,3,8,2004,Planes,Marta's Replicas Co.,USA,,Medium
2655,10297,35,100.0,3986.5,2004-09-16,Shipped,3,9,2004,Planes,"Clover Collections, Co.",Ireland,EMEA,Medium
2656,10308,31,100.0,4009.23,2004-10-15,Shipped,4,10,2004,Planes,Mini Classics,USA,,Medium
2657,10318,50,100.0,7119.0,2004-11-02,Shipped,4,11,2004,Planes,Diecast Classics Inc.,USA,,Large
2658,10328,33,100.0,4072.2,2004-11-12,Shipped,4,11,2004,Planes,Rovelli Gifts,Italy,EMEA,Medium
2659,10340,29,100.0,4094.51,2004-11-24,Shipped,4,11,2004,Planes,Enaco Distributors,Spain,EMEA,Medium
2660,10353,48,68.8,3302.4,2004-12-04,Shipped,4,12,2004,Planes,Gift Ideas Corp.,USA,,Medium
2661,10361,44,72.42,3186.48,2004-12-17,Shipped,4,12,2004,Planes,Souveniers And Things Co.,Australia,APAC,Medium
2662,10375,25,66.73,1668.25,2005-02-03,Shipped,1,2,2005,Planes,La Rochelle Gifts,France,EMEA,Small
2663,10388,50,100.0,7154.5,2005-03-03,Shipped,1,3,2005,Planes,FunGiftIdeas.com,USA,,Large
2664,10398,23,100.0,2810.83,2005-03-30,Shipped,1,3,2005,Planes,Reims Collectables,France,EMEA,Small
2665,10401,21,96.11,2018.31,2005-04-03,On Hold,2,4,2005,Planes,Tekni Collectables Inc.,USA,,Small
2666,10416,41,100.0,5642.83,2005-05-10,Shipped,2,5,2005,Planes,L'ordine Souveniers,Italy,EMEA,Medium
2667,10106,44,74.4,3273.6,2003-02-17,Shipped,1,2,2003,Planes,Rovelli Gifts,Italy,EMEA,Medium
2668,10120,43,76.0,3268.0,2003-04-29,Shipped,2,4,2003,Planes,"Australian Collectors, Co.",Australia,APAC,Medium
2669,10143,28,96.0,2688.0,2003-08-10,Shipped,3,8,2003,Planes,Mini Creations Ltd.,USA,,Small
2670,10155,43,86.4,3715.2,2003-10-06,Shipped,4,10,2003,Planes,"Toys of Finland, Co.",Finland,EMEA,Medium
2671,10168,48,96.0,4608.0,2003-10-28,Shipped,4,10,2003,Planes,Technics Stores Inc.,USA,,Medium
2672,10199,38,82.4,3131.2,2003-12-01,Shipped,4,12,2003,Planes,West Coast Collectables Co.,USA,,Medium
2673,10210,31,86.4,2678.4,2004-01-12,Shipped,1,1,2004,Planes,Osaka Souveniers Co.,Japan,Japan,Small
2674,10223,26,67.2,1747.2,2004-02-20,Shipped,1,2,2004,Planes,"Australian Collectors, Co.",Australia,APAC,Small
2675,10235,32,92.0,2944.0,2004-04-02,Shipped,2,4,2004,Planes,"Royal Canadian Collectables, Ltd.",Canada,,Small
2676,10250,44,67.2,2956.8,2004-05-11,Shipped,2,5,2004,Planes,The Sharp Gifts Warehouse,USA,,Small
2677,10262,27,76.0,2052.0,2004-06-24,Cancelled,2,6,2004,Planes,Euro Shopping Channel,Spain,EMEA,Small
2678,10275,43,73.6,3164.8,2004-07-23,Shipped,3,7,2004,Planes,La Rochelle Gifts,France,EMEA,Medium
2679,10284,25,69.6,1740.0,2004-08-21,Shipped,3,8,2004,Planes,"Norway Gifts By Mail, Co.",Norway,EMEA,Small
2680,10296,22,80.8,1777.6,2004-09-15,Shipped,3,9,2004,Planes,"Bavarian Collectables Imports, Co.",Germany,EMEA,Small
2681,10308,21,87.2,1831.2,2004-10-15,Shipped,4,10,2004,Planes,Mini Classics,USA,,Small
2682,10316,48,75.2,3609.6,2004-11-01,Shipped,4,11,2004,Planes,giftsbymail.co.uk,UK,EMEA,Medium
2683,10328,33,64.0,2112.0,2004-11-12,Shipped,4,11,2004,Planes,Rovelli Gifts,Italy,EMEA,Small
2684,10341,34,100.0,3644.12,2004-11-24,Shipped,4,11,2004,Planes,Salzburg Collectables,Austria,EMEA,Medium
2685,10353,43,81.95,3523.85,2004-12-04,Shipped,4,12,2004,Planes,Gift Ideas Corp.,USA,,Medium
2686,10361,44,100.0,5001.92,2004-12-17,Shipped,4,12,2004,Planes,Souveniers And Things Co.,Australia,APAC,Medium
2687,10375,44,100.0,5208.72,2005-02-03,Shipped,1,2,2005,Planes,La Rochelle Gifts,France,EMEA,Medium
2688,10386,32,94.34,3018.88,2005-03-01,Resolved,1,3,2005,Planes,Euro Shopping Channel,Spain,EMEA,Medium
2689,10398,29,65.6,1902.4,2005-03-30,Shipped,1,3,2005,Planes,Reims Collectables,France,EMEA,Small
2690,10401,77,92.0,7084.0,2005-04-03,On Hold,2,4,2005,Planes,Tekni Collectables Inc.,USA,,Large
2691,10416,39,67.2,2620.8,2005-05-10,Shipped,2,5,2005,Planes,L'ordine Souveniers,Italy,EMEA,Small
2692,10105,39,81.14,3164.46,2003-02-11,Shipped,1,2,2003,Ships,Danish Wholesale Imports,Denmark,EMEA,Medium
2693,10118,36,100.0,4219.2,2003-04-21,Shipped,2,4,2003,Ships,Enaco Distributors,Spain,EMEA,Medium
2694,10129,42,91.15,3828.3,2003-06-12,Shipped,2,6,2003,Ships,"Stylish Desk Decors, Co.",UK,EMEA,Medium
2695,10142,21,100.0,2334.99,2003-08-08,Shipped,3,8,2003,Ships,Mini Gifts Distributors Ltd.,USA,,Small
2696,10153,50,88.15,4407.5,2003-09-28,Shipped,3,9,2003,Ships,Euro Shopping Channel,Spain,EMEA,Medium
2697,10167,24,100.0,2812.8,2003-10-23,Cancelled,4,10,2003,Ships,Scandinavian Gift Ideas,Sweden,EMEA,Small
2698,10177,44,92.16,4055.04,2003-11-07,Shipped,4,11,2003,Ships,CAF Imports,Spain,EMEA,Medium
2699,10185,37,100.0,3891.66,2003-11-14,Shipped,4,11,2003,Ships,Mini Creations Ltd.,USA,,Medium
2700,10197,27,92.16,2488.32,2003-11-26,Shipped,4,11,2003,Ships,Enaco Distributors,Spain,EMEA,Small
2701,10208,37,100.0,4447.4,2004-01-02,Shipped,1,1,2004,Ships,"Saveley & Henriot, Co.",France,EMEA,Medium
2702,10222,38,100.0,4187.22,2004-02-19,Shipped,1,2,2004,Ships,Collectable Mini Designs Co.,USA,,Medium
2703,10232,48,96.16,4615.68,2004-03-20,Shipped,1,3,2004,Ships,giftsbymail.co.uk,UK,EMEA,Medium
2704,10248,30,100.0,3245.4,2004-05-07,Cancelled,2,5,2004,Ships,Land of Toys Inc.,USA,,Medium
2705,10261,25,88.15,2203.75,2004-06-17,Shipped,2,6,2004,Ships,Quebec Home Shopping Network,Canada,,Small
2706,10273,40,86.15,3446.0,2004-07-21,Shipped,3,7,2004,Ships,Petit Auto,Belgium,EMEA,Medium
2707,10283,22,88.15,1939.3,2004-08-20,Shipped,3,8,2004,Ships,"Royal Canadian Collectables, Ltd.",Canada,,Small
2708,10295,34,100.0,3473.78,2004-09-10,Shipped,3,9,2004,Ships,Gifts4AllAges.com,USA,,Medium
2709,10306,32,90.15,2884.8,2004-10-14,Shipped,4,10,2004,Ships,"AV Stores, Co.",UK,EMEA,Small
2710,10315,31,86.15,2670.65,2004-10-29,Shipped,4,10,2004,Ships,La Rochelle Gifts,France,EMEA,Small
2711,10327,43,80.0,3440.0,2004-11-10,Resolved,4,11,2004,Ships,Danish Wholesale Imports,Denmark,EMEA,Medium
2712,10337,31,89.38,2770.78,2004-11-21,Shipped,4,11,2004,Ships,Classic Legends Inc.,USA,,Small
2713,10350,31,77.34,2397.54,2004-12-02,Shipped,4,12,2004,Ships,Euro Shopping Channel,Spain,EMEA,Small
2714,10373,34,96.34,3275.56,2005-01-31,Shipped,1,1,2005,Ships,"Oulu Toy Supplies, Inc.",Finland,EMEA,Medium
2715,10386,45,92.08,4143.6,2005-03-01,Resolved,1,3,2005,Ships,Euro Shopping Channel,Spain,EMEA,Medium
2716,10397,48,100.0,5192.64,2005-03-28,Shipped,1,3,2005,Ships,Alpha Cognac,France,EMEA,Medium
2717,10414,28,100.0,3029.04,2005-05-06,On Hold,2,5,2005,Ships,Gifts4AllAges.com,USA,,Medium
2718,10105,22,100.0,2556.18,2003-02-11,Shipped,1,2,2003,Ships,Danish Wholesale Imports,Denmark,EMEA,Small
2719,10117,45,83.42,3753.9,2003-04-16,Shipped,2,4,2003,Ships,"Dragon Souveniers, Ltd.",Singapore,Japan,Medium
2720,10129,30,85.41,2562.3,2003-06-12,Shipped,2,6,2003,Ships,"Stylish Desk Decors, Co.",UK,EMEA,Small
2721,10142,38,85.41,3245.58,2003-08-08,Shipped,3,8,2003,Ships,Mini Gifts Distributors Ltd.,USA,,Medium
2722,10153,20,100.0,2204.6,2003-09-28,Shipped,3,9,2003,Ships,Euro Shopping Channel,Spain,EMEA,Small
2723,10167,28,100.0,3003.0,2003-10-23,Cancelled,4,10,2003,Ships,Scandinavian Gift Ideas,Sweden,EMEA,Medium
2724,10177,24,100.0,2526.48,2003-11-07,Shipped,4,11,2003,Ships,CAF Imports,Spain,EMEA,Small
2725,10185,22,79.45,1747.9,2003-11-14,Shipped,4,11,2003,Ships,Mini Creations Ltd.,USA,,Small
2726,10197,35,93.35,3267.25,2003-11-26,Shipped,4,11,2003,Ships,Enaco Distributors,Spain,EMEA,Medium
2727,10208,33,85.41,2818.53,2004-01-02,Shipped,1,1,2004,Ships,"Saveley & Henriot, Co.",France,EMEA,Small
2728,10222,31,95.34,2955.54,2004-02-19,Shipped,1,2,2004,Ships,Collectable Mini Designs Co.,USA,,Small
2729,10232,35,82.43,2885.05,2004-03-20,Shipped,1,3,2004,Ships,giftsbymail.co.uk,UK,EMEA,Small
2730,10248,35,90.37,3162.95,2004-05-07,Cancelled,2,5,2004,Ships,Land of Toys Inc.,USA,,Medium
2731,10261,50,81.43,4071.5,2004-06-17,Shipped,2,6,2004,Ships,Quebec Home Shopping Network,Canada,,Medium
2732,10273,26,100.0,2969.46,2004-07-21,Shipped,3,7,2004,Ships,Petit Auto,Belgium,EMEA,Small
2733,10283,38,89.38,3396.44,2004-08-20,Shipped,3,8,2004,Ships,"Royal Canadian Collectables, Ltd.",Canada,,Medium
2734,10294,45,100.0,4692.6,2004-09-10,Shipped,3,9,2004,Ships,Online Mini Collectables,USA,,Medium
2735,10306,30,100.0,3515.7,2004-10-14,Shipped,4,10,2004,Ships,"AV Stores, Co.",UK,EMEA,Medium
2736,10315,37,91.37,3380.69,2004-10-29,Shipped,4,10,2004,Ships,La Rochelle Gifts,France,EMEA,Medium
2737,10327,37,86.61,3204.57,2004-11-10,Resolved,4,11,2004,Ships,Danish Wholesale Imports,Denmark,EMEA,Medium
2738,10337,36,71.89,2588.04,2004-11-21,Shipped,4,11,2004,Ships,Classic Legends Inc.,USA,,Small
2739,10350,25,100.0,2854.75,2004-12-02,Shipped,4,12,2004,Ships,Euro Shopping Channel,Spain,EMEA,Small
2740,10373,37,100.0,4025.6,2005-01-31,Shipped,1,1,2005,Ships,"Oulu Toy Supplies, Inc.",Finland,EMEA,Medium
2741,10386,30,95.48,2864.4,2005-03-01,Resolved,1,3,2005,Ships,Euro Shopping Channel,Spain,EMEA,Small
2742,10397,36,100.0,3789.72,2005-03-28,Shipped,1,3,2005,Ships,Alpha Cognac,France,EMEA,Medium
2743,10414,27,90.37,2439.99,2005-05-06,On Hold,2,5,2005,Ships,Gifts4AllAges.com,USA,,Small
2744,10106,48,61.44,2949.12,2003-02-17,Shipped,1,2,2003,Planes,Rovelli Gifts,Italy,EMEA,Small
2745,10119,26,59.22,1539.72,2003-04-28,Shipped,2,4,2003,Planes,Salzburg Collectables,Austria,EMEA,Small
2746,10131,26,85.13,2213.38,2003-06-16,Shipped,2,6,2003,Planes,Gift Ideas Corp.,USA,,Small
2747,10143,34,85.87,2919.58,2003-08-10,Shipped,3,8,2003,Planes,Mini Creations Ltd.,USA,,Small
2748,10155,44,85.87,3778.28,2003-10-06,Shipped,4,10,2003,Planes,"Toys of Finland, Co.",Finland,EMEA,Medium
2749,10168,39,82.91,3233.49,2003-10-28,Shipped,4,10,2003,Planes,Technics Stores Inc.,USA,,Medium
2750,10178,45,76.25,3431.25,2003-11-08,Shipped,4,11,2003,Planes,Alpha Cognac,France,EMEA,Medium
2751,10198,40,63.67,2546.8,2003-11-27,Shipped,4,11,2003,Planes,Cruz & Sons Co.,Philippines,Japan,Small
2752,10210,42,70.33,2953.86,2004-01-12,Shipped,1,1,2004,Planes,Osaka Souveniers Co.,Japan,Japan,Small
2753,10222,43,74.03,3183.29,2004-02-19,Shipped,1,2,2004,Planes,Collectable Mini Designs Co.,USA,,Medium
2754,10235,34,72.55,2466.7,2004-04-02,Shipped,2,4,2004,Planes,"Royal Canadian Collectables, Ltd.",Canada,,Small
2755,10250,38,62.19,2363.22,2004-05-11,Shipped,2,5,2004,Planes,The Sharp Gifts Warehouse,USA,,Small
2756,10262,35,71.07,2487.45,2004-06-24,Cancelled,2,6,2004,Planes,Euro Shopping Channel,Spain,EMEA,Small
2757,10275,31,72.55,2249.05,2004-07-23,Shipped,3,7,2004,Planes,La Rochelle Gifts,France,EMEA,Small
2758,10284,32,64.41,2061.12,2004-08-21,Shipped,3,8,2004,Planes,"Norway Gifts By Mail, Co.",Norway,EMEA,Small
2759,10296,47,86.62,4071.14,2004-09-15,Shipped,3,9,2004,Planes,"Bavarian Collectables Imports, Co.",Germany,EMEA,Medium
2760,10308,39,68.11,2656.29,2004-10-15,Shipped,4,10,2004,Planes,Mini Classics,USA,,Small
2761,10316,44,62.19,2736.36,2004-11-01,Shipped,4,11,2004,Planes,giftsbymail.co.uk,UK,EMEA,Small
2762,10328,39,85.87,3348.93,2004-11-12,Shipped,4,11,2004,Planes,Rovelli Gifts,Italy,EMEA,Medium
2763,10339,50,57.86,2893.0,2004-11-23,Shipped,4,11,2004,Planes,"Tokyo Collectables, Ltd",Japan,Japan,Small
2764,10352,22,75.51,1661.22,2004-12-03,Shipped,4,12,2004,Planes,Auto-Moto Classics Inc.,USA,,Small
2765,10361,35,100.0,4277.35,2004-12-17,Shipped,4,12,2004,Planes,Souveniers And Things Co.,Australia,APAC,Medium
2766,10373,45,55.62,2502.9,2005-01-31,Shipped,1,1,2005,Planes,"Oulu Toy Supplies, Inc.",Finland,EMEA,Small
2767,10386,44,86.4,3801.6,2005-03-01,Resolved,1,3,2005,Planes,Euro Shopping Channel,Spain,EMEA,Medium
2768,10398,36,87.36,3144.96,2005-03-30,Shipped,1,3,2005,Planes,Reims Collectables,France,EMEA,Medium
2769,10401,28,72.55,2031.4,2005-04-03,On Hold,2,4,2005,Planes,Tekni Collectables Inc.,USA,,Small
2770,10416,43,62.19,2674.17,2005-05-10,Shipped,2,5,2005,Planes,L'ordine Souveniers,Italy,EMEA,Small
2771,10106,48,52.64,2526.72,2003-02-17,Shipped,1,2,2003,Planes,Rovelli Gifts,Italy,EMEA,Small
2772,10119,28,48.17,1348.76,2003-04-28,Shipped,2,4,2003,Planes,Salzburg Collectables,Austria,EMEA,Small
2773,10131,21,41.71,875.91,2003-06-16,Shipped,2,6,2003,Planes,Gift Ideas Corp.,USA,,Small
2774,10143,37,50.65,1874.05,2003-08-10,Shipped,3,8,2003,Planes,Mini Creations Ltd.,USA,,Small
2775,10155,34,49.16,1671.44,2003-10-06,Shipped,4,10,2003,Planes,"Toys of Finland, Co.",Finland,EMEA,Small
2776,10167,40,41.71,1668.4,2003-10-23,Cancelled,4,10,2003,Planes,Scandinavian Gift Ideas,Sweden,EMEA,Small
2777,10178,45,51.15,2301.75,2003-11-08,Shipped,4,11,2003,Planes,Alpha Cognac,France,EMEA,Small
2778,10186,28,52.14,1459.92,2003-11-14,Shipped,4,11,2003,Planes,"Double Decker Gift Stores, Ltd",UK,EMEA,Small
2779,10197,29,41.71,1209.59,2003-11-26,Shipped,4,11,2003,Planes,Enaco Distributors,Spain,EMEA,Small
2780,10209,48,44.69,2145.12,2004-01-09,Shipped,1,1,2004,Planes,"Men 'R' US Retailers, Ltd.",USA,,Small
2781,10222,31,45.69,1416.39,2004-02-19,Shipped,1,2,2004,Planes,Collectable Mini Designs Co.,USA,,Small
2782,10249,32,57.61,1843.52,2004-05-08,Shipped,2,5,2004,Planes,Cambridge Collectables Co.,USA,,Small
2783,10262,21,57.11,1199.31,2004-06-24,Cancelled,2,6,2004,Planes,Euro Shopping Channel,Spain,EMEA,Small
2784,10274,32,58.6,1875.2,2004-07-21,Shipped,3,7,2004,Planes,Collectables For Less Inc.,USA,,Small
2785,10283,43,57.61,2477.23,2004-08-20,Shipped,3,8,2004,Planes,"Royal Canadian Collectables, Ltd.",Canada,,Small
2786,10296,21,45.19,948.99,2004-09-15,Shipped,3,9,2004,Planes,"Bavarian Collectables Imports, Co.",Germany,EMEA,Small
2787,10307,34,53.63,1823.42,2004-10-14,Shipped,4,10,2004,Planes,"Classic Gift Ideas, Inc",USA,,Small
2788,10316,34,43.7,1485.8,2004-11-01,Shipped,4,11,2004,Planes,giftsbymail.co.uk,UK,EMEA,Small
2789,10329,44,86.13,3789.72,2004-11-15,Shipped,4,11,2004,Planes,Land of Toys Inc.,USA,,Medium
2790,10339,27,76.31,2060.37,2004-11-23,Shipped,4,11,2004,Planes,"Tokyo Collectables, Ltd",Japan,Japan,Small
2791,10352,49,52.64,2579.36,2004-12-03,Shipped,4,12,2004,Planes,Auto-Moto Classics Inc.,USA,,Small
2792,10361,23,95.2,2189.6,2004-12-17,Shipped,4,12,2004,Planes,Souveniers And Things Co.,Australia,APAC,Small
2793,10373,25,64.97,1624.25,2005-01-31,Shipped,1,1,2005,Planes,"Oulu Toy Supplies, Inc.",Finland,EMEA,Small
2794,10386,50,87.15,4357.5,2005-03-01,Resolved,1,3,2005,Planes,Euro Shopping Channel,Spain,EMEA,Medium
2795,10398,34,40.22,1367.48,2005-03-30,Shipped,1,3,2005,Planes,Reims Collectables,France,EMEA,Small
2796,10400,20,56.12,1122.4,2005-04-01,Shipped,2,4,2005,Planes,The Sharp Gifts Warehouse,USA,,Small
2797,10415,42,57.61,2419.62,2005-05-09,Disputed,2,5,2005,Planes,"Australian Collectables, Ltd",Australia,APAC,Small
2798,10105,25,56.78,1419.5,2003-02-11,Shipped,1,2,2003,Ships,Danish Wholesale Imports,Denmark,EMEA,Small
2799,10117,50,43.68,2184.0,2003-04-16,Shipped,2,4,2003,Ships,"Dragon Souveniers, Ltd.",Singapore,Japan,Small
2800,10129,32,64.97,2079.04,2003-06-12,Shipped,2,6,2003,Ships,"Stylish Desk Decors, Co.",UK,EMEA,Small
2801,10142,39,44.23,1724.97,2003-08-08,Shipped,3,8,2003,Ships,Mini Gifts Distributors Ltd.,USA,,Small
2802,10153,50,60.06,3003.0,2003-09-28,Shipped,3,9,2003,Ships,Euro Shopping Channel,Spain,EMEA,Medium
2803,10167,38,48.59,1846.42,2003-10-23,Cancelled,4,10,2003,Ships,Scandinavian Gift Ideas,Sweden,EMEA,Small
2804,10177,40,50.23,2009.2,2003-11-07,Shipped,4,11,2003,Ships,CAF Imports,Spain,EMEA,Small
2805,10185,28,64.43,1804.04,2003-11-14,Shipped,4,11,2003,Ships,Mini Creations Ltd.,USA,,Small
2806,10197,42,50.23,2109.66,2003-11-26,Shipped,4,11,2003,Ships,Enaco Distributors,Spain,EMEA,Small
2807,10208,42,63.88,2682.96,2004-01-02,Shipped,1,1,2004,Ships,"Saveley & Henriot, Co.",France,EMEA,Small
2808,10222,36,63.34,2280.24,2004-02-19,Shipped,1,2,2004,Ships,Collectable Mini Designs Co.,USA,,Small
2809,10232,24,49.69,1192.56,2004-03-20,Shipped,1,3,2004,Ships,giftsbymail.co.uk,UK,EMEA,Small
2810,10248,23,65.52,1506.96,2004-05-07,Cancelled,2,5,2004,Ships,Land of Toys Inc.,USA,,Small
2811,10261,29,50.78,1472.62,2004-06-17,Shipped,2,6,2004,Ships,Quebec Home Shopping Network,Canada,,Small
2812,10273,37,45.86,1696.82,2004-07-21,Shipped,3,7,2004,Ships,Petit Auto,Belgium,EMEA,Small
2813,10283,33,51.32,1693.56,2004-08-20,Shipped,3,8,2004,Ships,"Royal Canadian Collectables, Ltd.",Canada,,Small
2814,10293,32,60.06,1921.92,2004-09-09,Shipped,3,9,2004,Ships,Amica Models & Co.,Italy,EMEA,Small
2815,10306,35,59.51,2082.85,2004-10-14,Shipped,4,10,2004,Ships,"AV Stores, Co.",UK,EMEA,Small
2816,10315,40,55.69,2227.6,2004-10-29,Shipped,4,10,2004,Ships,La Rochelle Gifts,France,EMEA,Small
2817,10327,37,86.74,3209.38,2004-11-10,Resolved,4,11,2004,Ships,Danish Wholesale Imports,Denmark,EMEA,Medium
2818,10337,42,97.16,4080.72,2004-11-21,Shipped,4,11,2004,Ships,Classic Legends Inc.,USA,,Medium
2819,10350,20,100.0,2244.4,2004-12-02,Shipped,4,12,2004,Ships,Euro Shopping Channel,Spain,EMEA,Small
2820,10373,29,100.0,3978.51,2005-01-31,Shipped,1,1,2005,Ships,"Oulu Toy Supplies, Inc.",Finland,EMEA,Medium
2821,10386,43,100.0,5417.57,2005-03-01,Resolved,1,3,2005,Ships,Euro Shopping Channel,Spain,EMEA,Medium
2822,10397,34,62.24,2116.16,2005-03-28,Shipped,1,3,2005,Ships,Alpha Cognac,France,EMEA,Small
2823,10414,47,65.52,3079.44,2005-05-06,On Hold,2,5,2005,Ships,Gifts4AllAges.com,USA,,Medium
